repeat_idx,seed,signal_idx,true_gamma,true_kappa,true_zeta,known_Qr,estimated_gamma,estimated_kappa,estimated_zeta,relerr_gamma,relerr_kappa,relerr_zeta,signal_loss,multistart_index,multistart_init_gamma,multistart_init_kappa,multistart_init_zeta,hard_refined,loss_before_hard_refinement,loss_after_hard_refinement,hard_multistart_index,hard_multistart_init_gamma,hard_multistart_init_kappa,hard_multistart_init_zeta,elapsed_seconds_repeat
0,0,0,0.45089891602482685,0.628274283386174,0.3081947047872389,94.78297722053307,0.5297051970535659,0.7264397809974834,0.5053836910206614,0.17477593808276068,0.15624624500342824,0.6398195139970076,24.198559393938613,12,0.5,0.85,0.5,True,24.313708833174193,24.198559393938613,3,0.5293698496392693,0.7243306861699161,0.5,19029.308965682983
0,0,1,0.4881000204712574,0.8565282299335912,0.42132715515343605,139.34353506149992,0.5136362071158396,0.5297032180987081,0.5043843251133271,0.05231752832119769,0.38156945727313935,0.19713224971137655,20.89429372242513,10,0.5,0.65,0.5,True,22.923158056067706,20.89429372242513,2,0.5131513189796127,0.53,0.5,19029.308965682983
0,0,2,0.43120487319920425,0.8644507104446577,0.4631707108243065,93.92115626063426,0.5147132375683034,0.528366600426208,0.5043291624228204,0.1936628492844531,0.38878342739237753,0.08886237975899665,20.629597241696953,10,0.5,0.65,0.5,True,22.885678045481995,20.629597241696953,2,0.5143337131019149,0.53,0.5,19029.308965682983
0,0,3,0.4974123023599772,0.5444228792334398,0.4459310892859888,104.72847628765994,0.5108770796509525,0.5321685268616169,0.5062469409166984,0.02706965072454296,0.022508885719640118,0.1352582340183671,26.221595870130137,10,0.5,0.65,0.5,True,27.43732713719853,26.221595870130137,3,0.510165621059143,0.53,0.5,19029.308965682983
0,0,4,0.49863075261582607,0.7247187331884276,0.359942378107477,120.16795132485365,0.4995182586019981,0.5334373658902625,0.5055508772191492,0.0017798861813399412,0.2639387648455222,0.4045328029371251,23.204504762579973,10,0.5,0.65,0.5,True,23.453477512691563,23.204504762579973,3,0.5021236154558193,0.53,0.5,19029.308965682983
0,0,5,0.3224754506116927,0.5766205631573451,0.4341248829387261,134.19934447339062,0.5301036168667858,0.7763199299482939,0.5033260704472989,0.643857279247925,0.34632716824643645,0.15940387254498872,22.10883887373644,12,0.5,0.85,0.5,True,22.1514389876499,22.10883887373644,4,0.5235270353454298,0.7758162866302977,0.5,19029.308965682983
0,0,6,0.44634625852254456,0.6687055317629687,0.49944198715784227,155.05220867351437,0.5010279497270986,0.5294867060441829,0.5034927331492812,0.12250957672538024,0.2081915269217986,0.008110543557802172,23.85057926555107,10,0.5,0.65,0.5,True,23.967930877143306,23.85057926555107,1,0.49977767406403617,0.53,0.5,19029.308965682983
0,0,7,0.4611493587254266,0.7634130430750747,0.437689346114188,118.05758899869397,0.5021919089520978,0.5383882094782647,0.5024591387811803,0.08900055795395417,0.2947615784639939,0.1479811954346602,23.82440795241873,10,0.5,0.65,0.5,True,24.049322753543272,23.82440795241873,2,0.5039663375174347,0.53,0.5,19029.308965682983
0,0,8,0.3450053625597288,0.788628360768899,0.4050708644951452,113.14011722243472,0.5296127732616337,0.8468637263567852,0.5383431239915161,0.5350856268790456,0.07384386421394705,0.3290097392279078,21.911919933691486,12,0.5,0.85,0.5,True,21.912896034063966,21.911919933691486,-1,0.5302766810219833,0.8479391960352765,0.537464108160763,19029.308965682983
0,0,9,0.41901126071350747,0.8482681811938951,0.48680870319124997,116.1121997943169,0.4999654657371877,0.5342600400544655,0.5053221362489041,0.19320293417849554,0.3701755507291089,0.03803020146577136,23.109869939002653,10,0.5,0.65,0.5,True,23.39893758591352,23.109869939002653,2,0.5014374637113729,0.53,0.5,19029.308965682983
0,0,10,0.4244943628117542,0.869914612195707,0.3288319225439268,153.04059044607774,0.5104045685845016,0.5341439727106254,0.5053090007343574,0.20238244202749292,0.3859811466295296,0.5366786680111812,21.51336795558641,10,0.5,0.65,0.5,True,22.81307520775121,21.51336795558641,2,0.5102038577500778,0.53,0.5,19029.308965682983
0,0,11,0.3822964363742124,0.6827808893852644,0.46554051876408836,119.32494602307258,0.5100615458593705,0.5410109984609109,0.5017981681458816,0.33420429103894306,0.2076359973285056,0.07788290797554992,22.206647465168466,10,0.5,0.65,0.5,True,23.13636491770963,22.206647465168466,3,0.5115263757474975,0.5431751758927441,0.5,19029.308965682983
0,0,12,0.43246426809901556,0.5422834852012892,0.4507026217349614,127.3839570762049,0.5061105291778503,0.5364025726693246,0.5078062368773477,0.1702944416715901,0.0108447199526678,0.12669909689579412,24.576478682411185,10,0.5,0.65,0.5,True,25.66529285152277,24.576478682411185,2,0.5066208990550293,0.53,0.5,19029.308965682983
0,0,13,0.3860733921813085,0.8123921897170834,0.36063896585832905,122.09361809254071,0.5326893601240718,0.8749725780583009,0.5346664963595719,0.3797619077408712,0.07703223779516047,0.4825533205682677,22.009009487299114,12,0.5,0.85,0.5,True,22.009252623532696,22.009009487299114,-1,0.5325901280497377,0.8748704743336586,0.5348812159779314,19029.308965682983
0,0,14,0.34478279811915175,0.6756051101887308,0.34069104813522993,110.1445837776156,0.527505141402219,0.8675989940845312,0.5452204318122423,0.5299636300878364,0.284180627115397,0.6003368295013989,22.128576019165834,12,0.5,0.85,0.5,True,22.130671422921395,22.128576019165834,-1,0.5274947175746262,0.8678984165154692,0.5448590129687341,19029.308965682983
0,0,15,0.474826945924941,0.6320451090850442,0.3970381948863271,155.0460749875774,0.5096726954032212,0.5329190661688854,0.506047199358738,0.07338620897009608,0.15683381057984103,0.2745554605989996,22.732311254854537,10,0.5,0.65,0.5,True,23.769501008644486,22.732311254854537,2,0.5093264917102763,0.53,0.5,19029.308965682983
0,0,16,0.5194096678630591,0.7898004289746045,0.4082453711094869,111.05570025283568,0.5032711686258288,0.5305849374034061,0.501703121597697,0.03107084876495828,0.32820378675627854,0.2289254382339238,23.95900373371147,10,0.5,0.65,0.5,True,24.015397327060278,23.95900373371147,3,0.5038766693277796,0.53,0.5,19029.308965682983
0,0,17,0.35039757385155174,0.876823521691727,0.40321371710957576,100.99160077942315,0.5283294503277769,0.7405440006338322,0.50028491463855,0.5077999671070987,0.15542411635463382,0.24074378774815966,21.25833388489486,12,0.5,0.85,0.5,True,21.283019446884424,21.25833388489486,3,0.53,0.7417690778742243,0.5,19029.308965682983
0,0,18,0.4480563384184125,0.8082225055915158,0.42260066021060805,151.0811065494314,0.506265950458529,0.5371226190334203,0.5081299488621375,0.12991583211519714,0.33542729221538437,0.20238796742273163,22.79073506492896,10,0.5,0.65,0.5,True,23.87712625589716,22.79073506492896,1,0.5068074646406245,0.53,0.5,19029.308965682983
0,0,19,0.3248540969761468,0.7201491884573076,0.39186717657708076,97.64684869686722,0.5264754067541125,0.8578119236628918,0.533401035229218,0.6206518915867951,0.19115863408869935,0.3611781417581867,21.01348691783646,12,0.5,0.85,0.5,True,21.015368625555144,21.01348691783646,-1,0.527553485576407,0.8591128209883069,0.5316347951218764,19029.308965682983
0,0,20,0.37170016032660574,0.6384643559120138,0.46284514811885613,99.49474638344356,0.5309132349596913,0.706049762342804,0.49406361969687684,0.42833738487814516,0.10585619354466225,0.06744906305035735,22.82310785752286,12,0.5,0.85,0.5,True,22.861035942487725,22.82310785752286,2,0.53,0.7026747719558929,0.5,19029.308965682983
0,0,21,0.44312121097875296,0.791138987018187,0.3375802146733207,97.19666420831678,0.514751662573176,0.5289167090953842,0.5040477457268707,0.16164979202012872,0.33144906549369013,0.4931199277026412,20.97434481839491,10,0.5,0.65,0.5,True,23.099880190267715,20.97434481839491,2,0.5146538772849018,0.53,0.5,19029.308965682983
0,0,22,0.374518536628174,0.7658887202808353,0.4124531325560856,103.1288914565835,0.539449240493896,0.8362901325464391,0.5336776293046872,0.4403806160053084,0.09192120265172347,0.2939109614644942,23.1026821877807,12,0.5,0.85,0.5,True,23.103700238808063,23.1026821877807,-1,0.5375174424290307,0.833513097075771,0.536567247454893,19029.308965682983
0,0,23,0.40778509685981007,0.7701005409939545,0.3845569346540256,133.32402495463228,0.524954859797098,0.7188941312021766,0.5015626359400948,0.2873321360676626,0.0664931487071633,0.30426106186678376,22.226155019274263,12,0.5,0.85,0.5,True,22.319611070829215,22.226155019274263,2,0.5257863865173041,0.7117953765533173,0.5,19029.308965682983
0,0,24,0.5206289859761658,0.774988011919917,0.37832496661600523,105.45328560750613,0.5185681713977294,0.5283857313455428,0.5007352683015268,0.00395831702411355,0.3182014131592228,0.32355861359201915,22.091875605198553,10,0.5,0.65,0.5,True,24.10319793668669,22.091875605198553,1,0.5186805083542112,0.53,0.5,19029.308965682983
0,0,25,0.3894977004356357,0.7139284206171999,0.47824188190011585,142.22274640454307,0.5128247328822394,0.529080970049005,0.5052915088456875,0.3166309642102327,0.2589159434336456,0.056560556424084106,20.750386713186014,10,0.5,0.65,0.5,True,22.99140406211439,20.750386713186014,2,0.511911582107801,0.53,0.5,19029.308965682983
0,0,26,0.383628932729844,0.8605969982599225,0.3941819770831515,137.10992763763937,0.5253120611730105,0.8568902974975254,0.5317817243049319,0.36932336525029896,0.004307127226671523,0.3490767087830454,22.137439329189604,12,0.5,0.85,0.5,True,22.13824733992061,22.137439329189604,-1,0.5256669269506918,0.8573862601686854,0.5311795316949891,19029.308965682983
0,0,27,0.33912074208370707,0.5696129632436941,0.3403814895058901,149.02810460551837,0.5091070765723757,0.541727715876738,0.506010070535996,0.5012560819612444,0.04895472744890149,0.48659691004507405,21.10013122458276,10,0.5,0.65,0.5,True,22.04855324677618,21.10013122458276,3,0.5084457372231984,0.538138763285515,0.5,19029.308965682983
0,0,28,0.45994021837324717,0.8339788948831243,0.42888725384110354,119.15889985472103,0.5070950868934386,0.5371890391113465,0.5075971765455776,0.1025239077525608,0.3558721420802508,0.18352124480163473,22.76370657438907,10,0.5,0.65,0.5,True,23.93219048720924,22.76370657438907,2,0.5064919066906474,0.53,0.5,19029.308965682983
0,0,29,0.4254979989603743,0.7431724488033467,0.4724235969815256,121.13663538494532,0.5139745467844107,0.5291755434867825,0.5046420254831194,0.20793646043039554,0.2879505364618146,0.06819817787986947,20.46491391053678,10,0.5,0.65,0.5,True,22.712371246884224,20.46491391053678,1,0.5134051003571709,0.53,0.5,19029.308965682983
0,0,30,0.33457197426730473,0.6165677298416153,0.46025489304127937,130.135127254023,0.5253595048373721,0.7106169531136066,0.5020969713350303,0.5702436104753908,0.15253672665637358,0.09091066477808891,22.94212517506446,12,0.5,0.85,0.5,True,22.98452475377588,22.94212517506446,2,0.5235865528516966,0.7091221369595727,0.5,19029.308965682983
0,0,31,0.33636114351272417,0.6862600637839481,0.3958102596281668,103.73368216481741,0.5256878189186691,0.8556886366900232,0.5321222096229951,0.5628672605543777,0.24688683175277326,0.3443871063950763,21.98070814911592,12,0.5,0.85,0.5,True,21.980761170278655,21.98070814911592,-1,0.5257614492336106,0.8557572253114911,0.5319995744885693,19029.308965682983
0,0,32,0.4714957789473443,0.5728535670720982,0.3782456380991324,126.04626141383524,0.5133683782720311,0.5291908799189257,0.5061488090865808,0.0888080046404043,0.07621963039583772,0.3381484361068214,22.571471881256116,10,0.5,0.65,0.5,True,24.95470427571071,22.571471881256116,1,0.5138963526368111,0.53,0.5,19029.308965682983
0,0,33,0.4073625123073915,0.7408134928605399,0.4475675574584321,153.51670342725615,0.5102666529919903,0.5338431947883322,0.5053607949871506,0.25261072773173676,0.2793824627478409,0.12912740560755695,22.34703203161884,10,0.5,0.65,0.5,True,23.512498098081355,22.34703203161884,1,0.5100629470716482,0.53,0.5,19029.308965682983
0,0,34,0.37646644555099495,0.7627342585133379,0.4392431993340311,112.04504681328045,0.5249646831619604,0.7099468831035779,0.5039833439081293,0.3944527842146037,0.0692080823964155,0.14739020358711405,21.881748408521553,12,0.5,0.85,0.5,True,22.0234755268629,21.881748408521553,2,0.5214434665942508,0.7073901092964189,0.5,19029.308965682983
0,0,35,0.31681440762036445,0.8780783975420764,0.35968024460337517,113.37412512714604,0.5370248713324137,0.8776419867666934,0.5246753225846296,0.6950771758332572,0.0004970066187764533,0.4587271068034247,22.366250916530447,12,0.5,0.85,0.5,True,22.367057101123045,22.366250916530447,-1,0.5368993205996065,0.8774280227544701,0.5248722094316803,19029.308965682983
0,0,36,0.5046510358639281,0.7402328436612724,0.3942619330363663,142.079813103051,0.5042694149048231,0.5268538020884284,0.49939889227136947,0.0007562076206812496,0.28825935433700567,0.2666677922093621,23.123568027351382,10,0.5,0.65,0.5,True,23.9536420943262,23.123568027351382,1,0.5042468314053291,0.53,0.5,19029.308965682983
0,0,37,0.3229030076167814,0.7834726089577462,0.37484876669569417,99.42829459401611,0.5285904626848983,0.8651979440694086,0.5335274561577847,0.6369945470195961,0.10431166856028534,0.4233138896543508,21.003783693392172,12,0.5,0.85,0.5,True,21.00406231834242,21.003783693392172,-1,0.5287589805791916,0.8653645226006935,0.5331999186531269,19029.308965682983
0,0,38,0.4558655142272858,0.8631696684331808,0.3414382336162003,133.13063748658394,0.5275464200901476,0.6964695260212579,0.5001131340541172,0.15724134339129486,0.19312557948718906,0.4647250507284378,23.189431721925605,12,0.5,0.85,0.5,True,23.39794788333862,23.189431721925605,1,0.5276242591543079,0.6936141295029921,0.5,19029.308965682983
0,0,39,0.3794124121287166,0.7958236214246122,0.4444329616284235,107.41971403555029,0.5308911024408294,0.721065417980847,0.5037699857926684,0.39924547924574283,0.09393815593201382,0.13351175382408909,22.373146092613084,12,0.5,0.85,0.5,True,22.456759185509384,22.373146092613084,2,0.53,0.7185317181544433,0.5,19029.308965682983
0,0,40,0.5154848382757695,0.7140212812490982,0.4952487411415408,98.80225149347513,0.5116356721105464,0.5335688455015472,0.5069667866318147,0.007467079299748357,0.25272697115115433,0.023660929381191298,24.26031386634677,10,0.5,0.65,0.5,True,24.90288590020546,24.26031386634677,2,0.5103746589625299,0.53,0.5,19029.308965682983
0,0,41,0.4446520805509512,0.6661527374539318,0.46038024139716144,104.65798850900178,0.49989999275103253,0.5326398484353105,0.5063427663504373,0.12424975529547912,0.20042383902663827,0.09983600689245227,24.078907925627917,10,0.5,0.65,0.5,True,24.340356801229284,24.078907925627917,2,0.5012571590282054,0.53,0.5,19029.308965682983
0,0,42,0.5004150428535955,0.7255991972710418,0.4804430159431977,123.57209523995039,0.5072351446182771,0.5371406427304993,0.5076314869621168,0.013628890382252058,0.25972817396894843,0.056590417836635896,23.91219383933197,10,0.5,0.65,0.5,True,24.81705514825078,23.91219383933197,3,0.5067984180479499,0.53,0.5,19029.308965682983
0,0,43,0.40733471460090614,0.812576084728237,0.4968305999862243,116.85786204077681,0.5196293392146674,0.6597882799702859,0.49948092273406375,0.27568144964954433,0.18802892138900493,0.005334459568136354,23.939790642170394,12,0.5,0.85,0.5,True,24.035152783276907,23.939790642170394,1,0.5239888613899356,0.6575249490676465,0.5,19029.308965682983
0,0,44,0.5209448354257254,0.8623043676567238,0.33553851715239624,131.80322605278423,0.5104487446084048,0.5335060523238209,0.5058220443325275,0.020148180965731274,0.38130192501100124,0.5074932339371078,23.22340199776632,10,0.5,0.65,0.5,True,24.209819831845568,23.22340199776632,2,0.5099645552058778,0.53,0.5,19029.308965682983
0,0,45,0.4652264613141607,0.8671953060908543,0.4331314833931507,102.08723471573082,0.5245105369528146,0.7169256550765923,0.504188634168267,0.12743057536149094,0.17328236206864164,0.16405445805614213,24.421175038212883,12,0.5,0.85,0.5,True,24.537044392007704,24.421175038212883,2,0.5252969587439668,0.711615462566429,0.5,19029.308965682983
0,0,46,0.421550063343714,0.7077350410544208,0.4000452378697492,153.66139288182796,0.5102504525189546,0.5339070001558434,0.5052188675067383,0.2104148401062346,0.24561174848655123,0.2629043410116347,22.453078365206487,10,0.5,0.65,0.5,True,23.51034960206173,22.453078365206487,1,0.5099880716273144,0.53,0.5,19029.308965682983
0,0,47,0.39033679136249577,0.6119387571062667,0.4044174004422896,133.82318274781426,0.5060450818060312,0.5361561821718737,0.5074454184175988,0.29643193520049244,0.12384012951353712,0.2547566397059895,22.943783162808415,10,0.5,0.65,0.5,True,24.042581459065055,22.943783162808415,3,0.5092996406320678,0.5307793498441018,0.5,19029.308965682983
0,0,48,0.5146515882724658,0.7391156092297012,0.3535666780583177,151.86091845675418,0.5097507748825775,0.5329390441343205,0.5061393552047625,0.009522584796325876,0.2789503597552971,0.431524480712742,23.55607122529027,10,0.5,0.65,0.5,True,24.50843417796319,23.55607122529027,2,0.5098273402152979,0.53,0.5,19029.308965682983
0,0,49,0.4202540350532325,0.7724093070514017,0.3952077820950804,107.3112516513747,0.5156070637048864,0.5305381173168906,0.5021487043362187,0.22689378494504112,0.31313862679598087,0.2705941711831224,21.13114644412548,10,0.5,0.65,0.5,True,23.290260244568003,21.13114644412548,1,0.515538837699672,0.53,0.5,19029.308965682983
0,0,50,0.4863556169102752,0.8193189803564552,0.4030651122084284,111.61258625550884,0.5076529063714855,0.5372123106437171,0.5081329406855749,0.04378954148100104,0.3443184845907073,0.2606720981170284,23.549283166052255,10,0.5,0.65,0.5,True,24.42390495959585,23.549283166052255,2,0.5080391681106099,0.53,0.5,19029.308965682983
0,0,51,0.3278793782025295,0.668595952678859,0.38169464108399975,96.57969961890282,0.5182180911549475,0.860509086477491,0.5401342033339837,0.5805144379493326,0.2870390301193045,0.41509506604551993,21.971578882673043,12,0.5,0.85,0.5,True,21.974119862608877,21.971578882673043,-1,0.5189067836393954,0.8614326327554771,0.5387418535346719,19029.308965682983
0,0,52,0.3267878769634324,0.8872075208481004,0.4304738223175976,108.406887604364,0.5245639224673764,0.7174836928549398,0.5028097553381106,0.6052123087971073,0.19130116010616993,0.1680379369669185,21.723430026559175,12,0.5,0.85,0.5,True,21.76054931963627,21.723430026559175,2,0.5237155202649325,0.7166499377621973,0.5,19029.308965682983
0,0,53,0.408273933519505,0.8783360986070355,0.47953552162170976,146.5144398505463,0.5150196834892273,0.5314236524591608,0.5018288294257989,0.2614561969448453,0.39496548837973033,0.046489377322240566,21.806637212020327,10,0.5,0.65,0.5,True,23.920606285226228,21.806637212020327,1,0.5146294773796485,0.53,0.5,19029.308965682983
0,0,54,0.3992973841746382,0.7075231716497686,0.43533787036621324,97.5501695598785,0.5152582595563949,0.5299320601766849,0.504113902374071,0.29041230916513994,0.2510039509504477,0.15798311309329074,19.86564721823222,10,0.5,0.65,0.5,True,22.32002825923582,19.86564721823222,2,0.5144181410326661,0.53,0.5,19029.308965682983
0,0,55,0.4337307806702726,0.6288653196081859,0.4759302346669845,97.76340233201195,0.5077539291740509,0.5367992630837247,0.5074796292238534,0.17066611779174518,0.14640027626554902,0.06628995650789969,23.977473330646525,10,0.5,0.65,0.5,True,25.264494595724575,23.977473330646525,3,0.5100716692367843,0.53,0.5,19029.308965682983
0,0,56,0.45980730346750803,0.8413814183262636,0.3454637050321816,149.71551496338287,0.512857008177328,0.5293523256613831,0.5049093848637878,0.11537377573118243,0.3708533203473772,0.46154104616215197,21.361329719304457,10,0.5,0.65,0.5,True,23.675720986538852,21.361329719304457,2,0.5122368731053372,0.53,0.5,19029.308965682983
0,0,57,0.5005332437531347,0.5390736122729248,0.44149911346743553,93.82498022417678,0.520304987032968,0.5365213046132109,0.508939985631171,0.039501358853968244,0.0047346180588444964,0.15275426406651182,24.182143583324862,10,0.5,0.65,0.5,True,26.516063163848106,24.182143583324862,1,0.5157707289685133,0.53,0.5,19029.308965682983
0,0,58,0.4227097967318232,0.6875168035223567,0.340650567222913,114.05891528597537,0.5144065823667203,0.6431209306642218,0.5050315185355734,0.2169260952640558,0.06457423677600511,0.4825500590025254,23.228955038931677,12,0.5,0.85,0.5,True,23.365328528110602,23.228955038931677,1,0.5145702734425053,0.6450466321368244,0.5,19029.308965682983
0,0,59,0.48661143484670616,0.644840491028594,0.32980771670671116,137.40699939489443,0.5104371054494528,0.5334840173067021,0.5055618749228163,0.04896241414929395,0.17268840166079769,0.5328988659546692,23.180568577753736,10,0.5,0.65,0.5,True,24.373143918353286,23.180568577753736,2,0.5099385715228594,0.53,0.5,19029.308965682983
0,0,60,0.43005267816058,0.6543611587837351,0.3738134479590757,117.15604784924265,0.4999006786022682,0.5325895274874325,0.505471093563066,0.16241731301486567,0.18609238898384536,0.35220146926978374,22.434168418926134,10,0.5,0.65,0.5,True,22.747932496944077,22.434168418926134,1,0.4967766373436424,0.53,0.5,19029.308965682983
0,0,61,0.5248508929293444,0.7571284767755369,0.43486478610089874,114.37271596159115,0.5108615906489818,0.5330319439879987,0.5063967989938977,0.026653860113077472,0.2959821743093349,0.16449253924276555,24.56496229652479,10,0.5,0.65,0.5,True,25.548449555332162,24.56496229652479,3,0.510291228284161,0.53,0.5,19029.308965682983
0,0,62,0.4599626265056087,0.5761551930849524,0.31034584639675505,146.8869591755492,0.5101051337448909,0.5333088343343605,0.5058856750122155,0.1090143075758585,0.07436600288400833,0.6300707126767107,22.87139293198313,10,0.5,0.65,0.5,True,23.94057161075208,22.87139293198313,2,0.5094697973667909,0.53,0.5,19029.308965682983
0,0,63,0.3183770149679767,0.8799624845757804,0.4654006051638107,142.8256849578982,0.5385095105404741,0.8288610032498162,0.5127628610796463,0.691420816275443,0.05807234083462056,0.10176664015975039,21.29802688556667,12,0.5,0.85,0.5,True,21.302567203942154,21.29802688556667,-1,0.5375849594394739,0.8276800669274271,0.5142199192656155,19029.308965682983
0,0,64,0.32664561575753726,0.6061409395034759,0.4699731262190424,120.78092572843943,0.5250484108231125,0.7157166425224952,0.5015248474988079,0.60739463655574,0.18077594809678904,0.06713516054332863,22.07466843130915,12,0.5,0.85,0.5,True,22.129063120371484,22.07466843130915,2,0.5247124026885872,0.7114366149822257,0.5,19029.308965682983
0,0,65,0.4488957340113485,0.5759102515778921,0.3372672637355659,124.8292445463421,0.5101793798215927,0.5323417639564794,0.5061679688573463,0.13652089152777477,0.07565152296220254,0.5007918742276949,22.706140315211208,10,0.5,0.65,0.5,True,24.042680055148388,22.706140315211208,1,0.5099435870090232,0.53,0.5,19029.308965682983
0,0,66,0.47674744770951266,0.7241493075422748,0.3213760157138085,147.88662990717975,0.5125261330823284,0.5286541460514361,0.5051858616733014,0.07504746075665641,0.2699652674589155,0.5719463711417065,21.36948073903354,10,0.5,0.65,0.5,True,23.613893955003498,21.36948073903354,3,0.5112299704071764,0.53,0.5,19029.308965682983
0,0,67,0.34596802992014547,0.6885785039168628,0.41736989468889285,113.69684389977556,0.5259892604792342,0.8558918814044468,0.5360302935008187,0.5203406528650648,0.242983736111206,0.28430512195992275,22.54521781604972,12,0.5,0.85,0.5,True,22.54638830167537,22.54521781604972,-1,0.5263516757661837,0.8562431249900707,0.5352930061076528,19029.308965682983
0,0,68,0.4047094290015008,0.8473723942434507,0.39082714031722543,127.4529445315753,0.5283678442082487,0.700121260616589,0.4974540413211066,0.30554863896262047,0.1737738149451165,0.2728236859838714,22.38991790526649,12,0.5,0.85,0.5,True,22.426675589603082,22.38991790526649,2,0.53,0.698037361109459,0.5,19029.308965682983
0,0,69,0.5212732111017111,0.6304740134339264,0.4789580375775569,116.3659700892978,0.5137971969626228,0.5282196805662818,0.5048627314748985,0.014341834531046998,0.1621864354261143,0.05408551869880013,23.985270200611588,10,0.5,0.65,0.5,True,25.948032882129418,23.985270200611588,2,0.5136342607104566,0.53,0.5,19029.308965682983
0,0,70,0.44839514345358467,0.8510108993441993,0.45513713804903877,107.82544937441199,0.5077794128463003,0.5320975912872854,0.5076124847628233,0.13243736079595342,0.3747464436738388,0.11529568195362373,22.863591682975496,10,0.5,0.65,0.5,True,23.86798427621074,22.863591682975496,2,0.5047269098279966,0.53,0.5,19029.308965682983
0,0,71,0.37983508611626854,0.842611473115673,0.30105306091311496,145.0767761489229,0.5243611623432318,0.7032430688482194,0.4979811642728733,0.380496909078914,0.16540055377138355,0.6541308789967512,22.23839697578279,12,0.5,0.85,0.5,True,22.32175898997974,22.23839697578279,2,0.5252598479239513,0.7021497319635271,0.5,19029.308965682983
0,0,72,0.48468164946668174,0.6986169082595208,0.36060648536386275,111.15160075629834,0.5117405155137824,0.5338428273465555,0.5047754166158473,0.05582812156572222,0.2358575622274452,0.3997957249895654,23.073364712937906,10,0.5,0.65,0.5,True,24.258251955131104,23.073364712937906,2,0.5119022777076164,0.53,0.5,19029.308965682983
0,0,73,0.3702774829950203,0.6905020885883395,0.4009096517915907,128.34358450465578,0.5242595152864593,0.7085023225985787,0.5039329424649508,0.4158557821176231,0.026068326667974068,0.2569738349101054,22.603098033307962,12,0.5,0.85,0.5,True,22.693971696576654,22.603098033307962,2,0.520591618035099,0.7078251086797069,0.5,19029.308965682983
0,0,74,0.5265505598046568,0.8138949813208822,0.4244358458882325,155.5600092301178,0.5063629816731826,0.5374056388997616,0.5080503045051413,0.03833929668399465,0.33971132488420314,0.19700140651863593,23.13152499455295,10,0.5,0.65,0.5,True,24.099843293444764,23.13152499455295,3,0.5057298734568959,0.53,0.5,19029.308965682983
0,0,75,0.36193013532771134,0.5893752720195348,0.42250792085460614,96.49637549758647,0.5244856278471163,0.6898227544000988,0.4989094984308127,0.4491350032851459,0.17043043227174057,0.18082874617277997,22.532691160607925,12,0.5,0.85,0.5,True,22.627475624713316,22.532691160607925,2,0.5248595805846386,0.6868110293619019,0.5,19029.308965682983
0,0,76,0.3240285388212288,0.7152855311963364,0.39324120506505783,151.07298582455326,0.525245575775371,0.8539793617775001,0.533226683491654,0.6209855393791612,0.19389995258144552,0.3559786630280441,21.88570748881984,12,0.5,0.85,0.5,True,21.889301205052583,21.88570748881984,-1,0.5252903094576198,0.8546695891223174,0.5332684451602933,19029.308965682983
0,0,77,0.4492667396976032,0.7150117645428274,0.3993746870787009,109.21968262670816,0.5114541005667067,0.5333749715556869,0.5053177516681578,0.138419685621422,0.2540332928693524,0.26527235705496727,21.396608369272386,10,0.5,0.65,0.5,True,22.592848410783546,21.396608369272386,2,0.5114848714145359,0.53,0.5,19029.308965682983
0,0,78,0.31898853938946875,0.6008027611147853,0.4384064241763678,106.28792024918721,0.5229934575889337,0.8547498507761709,0.5362183741484212,0.6395368265892002,0.4226796314820336,0.22310793039999874,20.789156580064486,12,0.5,0.85,0.5,True,20.790593273178793,20.789156580064486,-1,0.5232194287562114,0.8555237510621844,0.5356023778587546,19029.308965682983
0,0,79,0.3944721615370656,0.5338256559284869,0.46600954596034916,103.40381756633998,0.5052400536031204,0.5268558053493728,0.5000155186199312,0.28080027658845774,0.013056417393411566,0.0729726954187232,23.732436168973724,10,0.5,0.65,0.5,True,24.61719085617469,23.732436168973724,2,0.504674355281596,0.53,0.5,19029.308965682983
0,0,80,0.3854911503637733,0.8829832793849635,0.3637421676971034,143.0343084887518,0.5255250200828748,0.8590681707782807,0.5328498471718317,0.3632609194451206,0.027084441081761706,0.46491084755273204,22.61800707187558,12,0.5,0.85,0.5,True,22.61823645184694,22.61800707187558,-1,0.5257070180014443,0.8593882191975983,0.5325113593798546,19029.308965682983
0,0,81,0.5000481639679015,0.6713351063214138,0.3875763746245598,117.04680644308458,0.5064694420635479,0.5362604475468029,0.5083605285590777,0.012841319213519994,0.20120303184314847,0.31163961954987557,23.922649381116656,10,0.5,0.65,0.5,True,25.2586589138775,23.922649381116656,1,0.508876465582232,0.53,0.5,19029.308965682983
0,0,82,0.33906720885575536,0.7025327362277645,0.3482704290169365,109.82157803444562,0.5245024649237255,0.7171168570380005,0.5030649073907371,0.5468982290966902,0.02075934694309795,0.44446632695959626,21.42447377277563,12,0.5,0.85,0.5,True,21.44008209537366,21.42447377277563,2,0.5244350054152415,0.7104902896995704,0.5,19029.308965682983
0,0,83,0.3554783584920615,0.6013219148610303,0.46276553403100423,120.18651175901415,0.5251875003711802,0.7109380335918467,0.5030408047692854,0.4774106153719866,0.18229190724929675,0.08703169915757551,22.880418638998478,12,0.5,0.85,0.5,True,22.963097556826472,22.880418638998478,2,0.5234780644484011,0.7083603809331963,0.5,19029.308965682983
0,0,84,0.3704992265883857,0.7422705123767211,0.4208544592116912,134.17862669126174,0.5291567364658966,0.7029648900100369,0.49880981452954853,0.4282262916941928,0.05295323162013962,0.18523114965652665,22.29472869301889,12,0.5,0.85,0.5,True,22.333811391072206,22.29472869301889,2,0.53,0.7029159679464643,0.5,19029.308965682983
0,0,85,0.5087961962746386,0.5858231697464987,0.37427742568847927,111.53878984442578,0.507936545877768,0.5321882920481392,0.5077021328601361,0.0016895770903257756,0.09155472242855936,0.3564861196910915,23.987397309376153,10,0.5,0.65,0.5,True,25.16440121231704,23.987397309376153,2,0.5047635352103439,0.53,0.5,19029.308965682983
0,0,86,0.32004101304045907,0.596951647763769,0.3789337162597206,118.33191938039526,0.5294981674634157,0.8643895763978922,0.5340366570265588,0.6544697269673916,0.4480060146177134,0.4093141731957439,20.722478035661652,12,0.5,0.85,0.5,True,20.72271929145747,20.722478035661652,-1,0.5297123882119711,0.864645635521757,0.5336330140582469,19029.308965682983
0,0,87,0.4466295962698772,0.693054617733637,0.42146613351429496,107.6912490883358,0.5010898460680923,0.5361551218231805,0.504742451936761,0.12193605227475186,0.22638835655339068,0.19758721235342525,23.361898438632544,10,0.5,0.65,0.5,True,23.549749096929617,23.361898438632544,3,0.5032045147835865,0.53,0.5,19029.308965682983
0,0,88,0.34477128480966895,0.6493977287326727,0.31922168670562945,116.61499466673725,0.5282232038383856,0.8615713004311264,0.5352127626767751,0.5320974428888163,0.32672361221915497,0.6766178018798641,22.769587897578223,12,0.5,0.85,0.5,True,22.76970559755307,22.769587897578223,-1,0.5283548133974943,0.8617417673322433,0.5349455018953809,19029.308965682983
0,0,89,0.41359783388038107,0.7877409685807775,0.4734049738670826,96.98972828229213,0.5193305238331892,0.6431372826570847,0.5033393193550552,0.2556413048898793,0.18356755798065955,0.06323200460580124,23.8103518162266,12,0.5,0.85,0.5,True,23.974425284883125,23.8103518162266,1,0.5232840518730384,0.6448474870430692,0.5,19029.308965682983
0,0,90,0.5001225820376879,0.6343201092260822,0.4206296300103124,142.3458801825112,0.5022022323338372,0.5300687890136937,0.5015245010439952,0.0041582811311499605,0.16435127736937563,0.19231852742209218,25.837755358803896,10,0.5,0.65,0.5,True,26.016143199526624,25.837755358803896,1,0.5014175161739636,0.53,0.5,19029.308965682983
0,0,91,0.46759174684635224,0.8574599427741302,0.47207872983657695,151.13985181554764,0.5133279962070553,0.5294133358812914,0.5038623298286059,0.09781235376622607,0.38257951249770744,0.0673269054147636,22.692874961908025,10,0.5,0.65,0.5,True,24.88408665707043,22.692874961908025,1,0.5142223415001905,0.53,0.5,19029.308965682983
0,0,92,0.322110011972663,0.6877230400459755,0.39698886539545764,97.82213733563172,0.5234808825332568,0.8535258970016968,0.5330812665250214,0.6251617865814237,0.241089577200492,0.3428116327494382,20.567444667699903,12,0.5,0.85,0.5,True,20.572413852888435,20.567444667699903,-1,0.5250119596511078,0.8551904870003361,0.5304297874781615,19029.308965682983
0,0,93,0.31768709669335193,0.8273706101247963,0.4966604488572351,142.78811579204248,0.510751672417447,0.5466830198132043,0.5064635998772016,0.6077192864727868,0.33925255124696113,0.01973813506294397,20.502703140479355,10,0.5,0.65,0.5,True,21.441197669914168,20.502703140479355,3,0.5103438544233958,0.5398673678683003,0.5,19029.308965682983
0,0,94,0.3830923363854156,0.7828934651292561,0.3598362146396494,140.0467801797343,0.5317804792474242,0.7304606200802923,0.5000910908782852,0.38812612192904516,0.06697315456619253,0.3897742098557011,21.229870426191567,12,0.5,0.85,0.5,True,21.26570637376527,21.229870426191567,3,0.53,0.7313739020614302,0.5,19029.308965682983
0,0,95,0.37552666336688856,0.8103197749414867,0.4975481493789154,155.3899093300149,0.528282884278519,0.8410420542532953,0.5335229137273835,0.40677862802617565,0.03791377214511032,0.07230408633491058,23.15535090407842,12,0.5,0.85,0.5,True,23.155724048109683,23.15535090407842,-1,0.5286315940322169,0.841567045620821,0.5329958835598152,19029.308965682983
0,0,96,0.5027840016362985,0.8565475683832908,0.4416413828206345,128.4060548289693,0.5073324116425798,0.5374197386164051,0.5071437292543197,0.009046449352959847,0.3725745557473596,0.14831569001831507,23.649096296059728,10,0.5,0.65,0.5,True,24.518324878650503,23.649096296059728,2,0.5084312764813314,0.53,0.5,19029.308965682983
0,0,97,0.5113032619028165,0.564354426848281,0.37402630902800155,131.62118396932894,0.5112647005085862,0.5342765019363162,0.5045704994302087,7.541785297203316e-05,0.05329616191714725,0.3490240853416382,24.158172145842954,10,0.5,0.65,0.5,True,25.20486368585162,24.158172145842954,3,0.5111873507836819,0.5318225101095035,0.5,19029.308965682983
0,0,98,0.4173010082498427,0.8139645475765159,0.33901727869580933,97.64084358854147,0.515800973540569,0.6515545999000095,0.5052403742411365,0.2360405638697937,0.19952951041917366,0.4903086243414588,22.03671193074095,12,0.5,0.85,0.5,True,22.320277849466013,22.03671193074095,1,0.5147842096579727,0.6585393481474768,0.5,19029.308965682983
0,0,99,0.3431953839276227,0.8742874626455928,0.3265549074458861,107.88114546019821,0.5240798472239548,0.680849378630088,0.49540834203391637,0.5270597209852894,0.22125226802425071,0.5170751709374057,22.018293114726834,12,0.5,0.85,0.5,True,22.584861613748537,22.018293114726834,2,0.5240809233452473,0.6735534402808993,0.5,19029.308965682983
0,0,100,0.5182163607317137,0.6062270425780971,0.4656889770549062,103.08013269262626,0.510901700551481,0.5321998260895205,0.5065793165183833,0.014115069948591658,0.12211137294991262,0.08780611411950166,26.354947651833427,10,0.5,0.65,0.5,True,27.39714917508806,26.354947651833427,2,0.5109457489648351,0.53,0.5,19029.308965682983
0,0,101,0.4247017740681152,0.5807514594272798,0.43780729595622625,146.35923276951743,0.5044721193338384,0.528317629194519,0.49990883966462535,0.18782672956984006,0.09028617902134856,0.14184675377042658,23.69254752650088,10,0.5,0.65,0.5,True,24.676353829896698,23.69254752650088,1,0.5045731249099576,0.53,0.5,19029.308965682983
0,0,102,0.40628239845245007,0.872208731225945,0.46506658127695966,114.8884570294735,0.5301402735679538,0.7215464605338098,0.5052025374440228,0.3048566110352911,0.1727364853139796,0.08630152709932316,23.229347843653386,12,0.5,0.85,0.5,True,23.420375726682593,23.229347843653386,2,0.53,0.7147741464250486,0.5,19029.308965682983
0,0,103,0.43798547561629236,0.7999221619715092,0.4654207874049592,152.08990442822383,0.5073222923577959,0.5387069362031348,0.5063236830870536,0.15830848418874904,0.32655080479902754,0.08788368888754655,22.604277160722212,10,0.5,0.65,0.5,True,23.760597262100838,22.604277160722212,3,0.5101207050097547,0.5346346750901403,0.5,19029.308965682983
0,0,104,0.34709388063154395,0.7971809749205977,0.3278702787735645,150.40804725705792,0.4972627957105011,0.5324982363406164,0.5066561999222661,0.4326463918226444,0.3320234010932645,0.5452946873302159,21.69533689864119,10,0.5,0.65,0.5,True,21.79143365261173,21.69533689864119,3,0.4979549762656967,0.53,0.5,19029.308965682983
0,0,105,0.36421014550532527,0.8354001112164903,0.36126357310642476,154.36439801289512,0.5092840364277993,0.5409927141086456,0.5040171650700602,0.3983246834631432,0.3524148406912892,0.39515080564621896,21.305768520625325,10,0.5,0.65,0.5,True,22.20242823774726,21.305768520625325,3,0.5088040420931271,0.5387858046831464,0.5,19029.308965682983
0,0,106,0.4257630190731595,0.6469784683619517,0.356486703432936,131.61656223872976,0.5134756644670151,0.5293600816166038,0.5045205829025277,0.20601283217315733,0.1817964468634317,0.4152577867394163,21.91831936273302,10,0.5,0.65,0.5,True,23.803334964667076,21.91831936273302,2,0.5123814355293179,0.53,0.5,19029.308965682983
0,0,107,0.38692430036778036,0.7734203145953906,0.33088501409217885,109.3609699622677,0.5291581393756276,0.8192859208477,0.5323334511442307,0.36760120486785336,0.05930230352987776,0.6088170466249396,22.289844040816845,12,0.5,0.85,0.5,True,22.291218277490174,22.289844040816845,-1,0.5301147504910434,0.8208326616763761,0.5307668871574313,19029.308965682983
0,0,108,0.5000476859178391,0.7456305762547513,0.3523966111941068,103.08843128631176,0.51572188488803,0.5306475748244115,0.5029355662186534,0.0313454084712357,0.28832374674089134,0.4271861596921739,21.541972097843104,10,0.5,0.65,0.5,True,23.869250107099223,21.541972097843104,2,0.517906006778665,0.53,0.5,19029.308965682983
0,0,109,0.34536251054137496,0.6208669328449812,0.3765649333140815,134.31744103902722,0.5287762551720191,0.8642119211135681,0.5338697453119707,0.5310760115309936,0.39194386976532,0.41773622045334224,21.619511358489195,12,0.5,0.85,0.5,True,21.619698840516964,21.619511358489195,-1,0.5289200699691842,0.8643347470346717,0.5335622471588872,19029.308965682983
0,0,110,0.34362831278430106,0.7097436411662408,0.4202996715246715,95.54306302324653,0.5219689591473691,0.8821048901605201,0.5416678072594145,0.518992876105102,0.2428500080832816,0.2887657163624948,22.977627497043827,12,0.5,0.85,0.5,True,22.979788319547385,22.977627497043827,-1,0.5230768731297484,0.8838269740745839,0.5399073993975939,19029.308965682983
0,0,111,0.3477124038458432,0.8620149131509313,0.31408411523083934,101.86087183745613,0.5231221441810892,0.8253748248693255,0.5359793035941093,0.5044678832136605,0.0425051675123287,0.7064833196043225,21.5689471938652,12,0.5,0.85,0.5,True,21.56947761592972,21.5689471938652,-1,0.5234635521902412,0.8257541200302054,0.5353211872247501,19029.308965682983
0,0,112,0.5165973036445645,0.7532686754427159,0.3737986247459582,125.71187636270392,0.5135538916538779,0.5284155428591978,0.504481675735678,0.005891265729061082,0.2985032298752713,0.34960816423156965,22.318920246586345,10,0.5,0.65,0.5,True,24.372389012801126,22.318920246586345,2,0.5127790794608833,0.53,0.5,19029.308965682983
0,0,113,0.4563598629810446,0.6302346295952008,0.3275936145733911,143.0024746564995,0.5043708702431834,0.527909142721731,0.49978069032607114,0.10520427223489853,0.16236093998705442,0.5256118193173903,23.051065360844838,10,0.5,0.65,0.5,True,23.68207877038487,23.051065360844838,2,0.5045184562946881,0.53,0.5,19029.308965682983
0,0,114,0.4579460832456241,0.714395721286522,0.4633472871939317,128.06720430437665,0.5103330487030211,0.532915058156433,0.5061085430041469,0.1143954875344981,0.25403380468638426,0.09228770080684137,23.22625741684492,10,0.5,0.65,0.5,True,24.375879107009162,23.22625741684492,3,0.5096607918503236,0.53,0.5,19029.308965682983
0,0,115,0.5234727778917314,0.6051008587721659,0.41074607257304563,123.97654355771174,0.5034209279705769,0.5328267063551365,0.5026392230365485,0.03830543013509247,0.11944149701536325,0.22372252980498292,25.230392627543466,10,0.5,0.65,0.5,True,25.292974721690545,25.230392627543466,1,0.5029917095886213,0.53,0.5,19029.308965682983
0,0,116,0.39104099441775453,0.7425163329019104,0.3470602463335161,143.8876677361552,0.5090497650077384,0.5404195999316831,0.5047743056525585,0.30178107225226986,0.2721781649979209,0.4544284774335209,21.769663556846147,10,0.5,0.65,0.5,True,22.914099172090516,21.769663556846147,3,0.508453413716428,0.5365934005273243,0.5,19029.308965682983
0,0,117,0.4995073794387495,0.5782096832858872,0.39341464134765425,111.07155578335652,0.5167323337455122,0.5320633385414856,0.5016393210591928,0.03448388355366598,0.0798090140624387,0.27509062535347323,23.53959605134698,10,0.5,0.65,0.5,True,25.675999969589782,23.53959605134698,1,0.5163843193611366,0.53,0.5,19029.308965682983
0,0,118,0.3340376865221361,0.8505602294288804,0.38598973840956713,102.98070624763088,0.5267441044669164,0.7196663020172358,0.4999461214226463,0.5769002292859851,0.15389142694754848,0.2952316387545048,21.52820890505665,12,0.5,0.85,0.5,True,22.53868013134238,21.52820890505665,3,0.525001180580266,0.7216873786813595,0.5,19029.308965682983
0,0,119,0.45857945738521716,0.6042866898647534,0.4802862157376354,107.32176608865801,0.5076268949971575,0.5371149097853121,0.5074181840121603,0.10695515645555705,0.1111587946682645,0.05649124914579313,24.598179302903752,10,0.5,0.65,0.5,True,25.710480189855538,24.598179302903752,2,0.5091993042457709,0.53,0.5,19029.308965682983
0,0,120,0.36942396066088207,0.8685972947150956,0.3378640769079523,104.95571315113172,0.529094166049418,0.8554923777102481,0.5276486773407946,0.43221399365350693,0.015087448561701985,0.561718789904223,21.40745487487316,12,0.5,0.85,0.5,True,21.408042527223152,21.40745487487316,-1,0.528878073841571,0.8552640571958486,0.527905192955884,19029.308965682983
0,0,121,0.390326629765747,0.6143421425394165,0.43408914855455694,100.94246138271546,0.5267825659427859,0.7184155114384234,0.5014071750828201,0.3495942264019558,0.1694062016791066,0.1550788052463894,23.853263706787068,12,0.5,0.85,0.5,True,24.00453281557617,23.853263706787068,2,0.5268030347491693,0.7126907615275145,0.5,19029.308965682983
0,0,122,0.5056212778516875,0.8371363236247876,0.300565406437324,127.59163510742464,0.5067738971045767,0.5368002186699063,0.5078885349511836,0.002279609864890248,0.3587660653099253,0.6897770803743246,22.38252656710809,10,0.5,0.65,0.5,True,23.43189673234062,22.38252656710809,2,0.5078439547222322,0.53,0.5,19029.308965682983
0,0,123,0.33904561881900913,0.6240740103601515,0.3833792081266205,122.10100761582979,0.5334867197884331,0.8565342620803655,0.5363320195558818,0.5734953946513651,0.3724882752064323,0.39895958932322917,22.220122943334175,12,0.5,0.85,0.5,True,22.22024658855969,22.220122943334175,-1,0.5336672793558097,0.8567417745130472,0.5359708812687484,19029.308965682983
0,0,124,0.41527893068916305,0.8617684288096757,0.3517542178844301,105.49313817403362,0.5263406823463326,0.7108714885794558,0.5025887518209299,0.26743892706730993,0.17510149500214053,0.4288066106034779,23.1784709831195,12,0.5,0.85,0.5,True,23.313402873824714,23.1784709831195,2,0.5243066207935706,0.7107885739731511,0.5,19029.308965682983
0,0,125,0.45797771002549953,0.868549639689952,0.4845621750887503,148.7656249952171,0.5066760806252658,0.5372397166838684,0.5079202435099525,0.10633349513244832,0.3814519146244215,0.048204481534127125,22.858176885090092,10,0.5,0.65,0.5,True,24.033635420484334,22.858176885090092,2,0.5062374834653841,0.53,0.5,19029.308965682983
0,0,126,0.3300790518398827,0.8650271243498424,0.42984807381089507,148.22224034533102,0.527578020527457,0.8407270790983209,0.5389316315615471,0.598338390717926,0.028091656975248635,0.25377235445898877,21.807079194311825,12,0.5,0.85,0.5,True,21.809103742563856,21.807079194311825,-1,0.527402998844571,0.8411271236490507,0.539713590458102,19029.308965682983
0,0,127,0.40260877675981266,0.6103834267504601,0.4585940153789387,135.10215443698647,0.5062423520994189,0.5367083542915967,0.5071939408161438,0.2574051568712615,0.12070293725223244,0.10597592599861277,23.076154105779445,10,0.5,0.65,0.5,True,24.27899406963443,23.076154105779445,2,0.5083416019146952,0.53,0.5,19029.308965682983
0,0,128,0.4808352594166573,0.6039773677551283,0.3268703474596786,141.47656810235446,0.5063042828878093,0.5369661315082875,0.5068563135361247,0.052968294176368544,0.11094991273581842,0.5506341198436437,23.443949660580945,10,0.5,0.65,0.5,True,24.521809325360465,23.443949660580945,2,0.5080277899262519,0.53,0.5,19029.308965682983
0,0,129,0.3207682607028282,0.868188241861005,0.32701757250185315,131.25689284560005,0.5321245729598925,0.8184457454559608,0.5280778428356578,0.6589065632427789,0.057294598114365845,0.6148301719555616,21.255422171795107,12,0.5,0.85,0.5,True,21.26845243622322,21.255422171795107,-1,0.5313073509774141,0.8201977285190459,0.5285107411285989,19029.308965682983
0,0,130,0.49897229086049977,0.8361323928008808,0.4622046797568684,110.09039758852978,0.5016567084920258,0.5275606025430648,0.5035318528767697,0.00537989319386183,0.36904656836001837,0.08941314298600453,24.526266862996824,10,0.5,0.65,0.5,True,24.891825656868836,24.526266862996824,3,0.49921567784761844,0.53,0.5,19029.308965682983
0,0,131,0.3327890855785869,0.8684953520583524,0.4227583382094204,93.91442210164374,0.5315616663568724,0.8674145348907527,0.5273304891346847,0.5972929684057987,0.0012444708714192984,0.24735680286798456,22.225382660510007,12,0.5,0.85,0.5,True,22.22587248273436,22.225382660510007,-1,0.5312258289858616,0.8670310217671352,0.5279067063224419,19029.308965682983
0,0,132,0.5085959145718918,0.8821052337093321,0.35725932083323414,144.60382018993622,0.5012841065841311,0.535514002932344,0.5016839062993139,0.014376458359708482,0.39291369955888455,0.40425701176736,22.784944497120506,10,0.5,0.65,0.5,True,23.140565669217352,22.784944497120506,2,0.5025670105579112,0.53,0.5,19029.308965682983
0,0,133,0.333888076158956,0.6880894167927145,0.4635407549489616,119.29583329311086,0.5275659775937035,0.7257384693767751,0.5013619051754369,0.5800683380575177,0.05471534900151254,0.08159185534967606,22.48808293511489,12,0.5,0.85,0.5,True,22.60575853122393,22.48808293511489,2,0.53,0.7198542686434246,0.5,19029.308965682983
0,0,134,0.4257451882164522,0.5740491586336485,0.4628013038500224,124.866713020782,0.5059332299866505,0.5359271710288713,0.508086413362973,0.18834749984168947,0.06640892514417246,0.09785000417290511,24.088140129075327,10,0.5,0.65,0.5,True,25.01285629832451,24.088140129075327,2,0.5067287984193227,0.53,0.5,19029.308965682983
0,0,135,0.36888691012108776,0.8082235853803083,0.4958456578379125,127.39645212976814,0.5065949541013145,0.5370819864320161,0.5068968977629603,0.3733069409674196,0.33547845404772114,0.02228766098958228,21.960868262108754,10,0.5,0.65,0.5,True,22.91874361193006,21.960868262108754,3,0.5084374017993806,0.5306055778572764,0.5,19029.308965682983
0,0,136,0.47203869697298534,0.8849300445411687,0.30602549927506484,131.18610327292322,0.5078619507112254,0.5387279825604617,0.5046071017472966,0.07589050213035868,0.3912196948406366,0.6489054112897328,22.38432869093835,10,0.5,0.65,0.5,True,23.113594945450586,22.38432869093835,3,0.5107741114472889,0.5372462502906469,0.5,19029.308965682983
0,0,137,0.5205993036140247,0.5741544837143774,0.3446202989987841,128.1392743114608,0.5108742880732873,0.5334432997751056,0.505002718321193,0.0186804236448761,0.07090632415843713,0.46538877654149674,24.344025082690365,10,0.5,0.65,0.5,True,25.445909026115135,24.344025082690365,3,0.5112781953894799,0.5316022244623595,0.5,19029.308965682983
0,0,138,0.468911062561877,0.7287271074651644,0.40954035912847325,96.9711768421476,0.5078785137747742,0.5368889547719439,0.5076118308275851,0.08310200872634593,0.263251017737653,0.23946717219229355,22.74179997800863,10,0.5,0.65,0.5,True,24.061575073050903,22.74179997800863,2,0.509188832703721,0.53,0.5,19029.308965682983
0,0,139,0.47247746927309076,0.6463490360226006,0.31479237475828103,153.65426996329046,0.5106686979814538,0.5344824071725828,0.5049975716842413,0.08083185165870538,0.1730746432893361,0.6042242829802111,23.362310635512877,10,0.5,0.65,0.5,True,24.683541116835205,23.362310635512877,2,0.5106141418516666,0.53,0.5,19029.308965682983
0,0,140,0.4918374802856025,0.660636066726161,0.44054786111641103,147.50742416578717,0.5100788399402594,0.5334024645065417,0.5058091893099652,0.03708818539828323,0.1925925765000031,0.14813674961029813,23.81042169185722,10,0.5,0.65,0.5,True,24.885052086102498,23.81042169185722,2,0.5096169218985148,0.53,0.5,19029.308965682983
0,0,141,0.4518179884463027,0.7271689391287264,0.4524626845062387,138.5196489150025,0.5045199587846286,0.5274674762764501,0.4993554980393131,0.11664424986609268,0.2746287033265654,0.1036390737597452,23.676018220338804,10,0.5,0.65,0.5,True,24.573098683779225,23.676018220338804,2,0.5054127788187206,0.53,0.5,19029.308965682983
0,0,142,0.4150726070751898,0.7357229230548398,0.44926447201826236,97.72274494619981,0.5270328922457742,0.7190266091057305,0.5003107458032826,0.26973662742890425,0.022693752533608075,0.11362187968191984,23.56469749713678,12,0.5,0.85,0.5,True,23.780584375430966,23.56469749713678,2,0.5290476018110104,0.7139956029713206,0.5,19029.308965682983
0,0,143,0.4529908450115724,0.7938002857279892,0.37975176902558827,125.4489081451327,0.5144222177084191,0.5298035343543925,0.5035256754174952,0.1356128349465371,0.33257326322512837,0.3259337190436282,20.701208840734818,10,0.5,0.65,0.5,True,23.101895321034753,20.701208840734818,2,0.5135927461789794,0.53,0.5,19029.308965682983
0,0,144,0.36476005245812465,0.7633189342007519,0.49425685284013465,112.41956779529258,0.5294861132216971,0.74772293594241,0.5007669508177607,0.4516011543848636,0.02043182418194827,0.013171487537739194,22.23644338572038,12,0.5,0.85,0.5,True,22.315225923797136,22.23644338572038,3,0.53,0.7462583237376257,0.5,19029.308965682983
0,0,145,0.4141572965390155,0.8490229345084527,0.41028017545950085,120.09154625703935,0.5245352443474972,0.7181019768161232,0.5030357151815886,0.2665121409929901,0.15420190947860202,0.22607853186716736,23.379548018828547,12,0.5,0.85,0.5,True,23.478692327005067,23.379548018828547,2,0.5245190523220092,0.7100937286778096,0.5,19029.308965682983
0,0,146,0.45750934736395443,0.5434411821481121,0.3307592835771826,148.20771152192185,0.5052562653456601,0.5354985965472443,0.5078503081204038,0.10436271577140574,0.014615354635937567,0.5354075708109249,23.410858683368176,10,0.5,0.65,0.5,True,24.522709201513898,23.410858683368176,2,0.507210720201228,0.53,0.5,19029.308965682983
0,0,147,0.34988860710476655,0.5429607277814285,0.4852791074604678,140.79906606810783,0.5067877951386968,0.5372369430511462,0.5084055554467813,0.4484261129055573,0.010541802449819854,0.04765597288401185,22.14199995686764,10,0.5,0.65,0.5,True,23.262306098124533,22.14199995686764,2,0.5074140966854229,0.53,0.5,19029.308965682983
0,0,148,0.5227378837032426,0.8022002279558832,0.48456167517775184,115.27584029322375,0.5064032735814211,0.5359297134113171,0.5094317661220235,0.031248185048502432,0.3319252541513982,0.05132492357169707,24.252153966216184,10,0.5,0.65,0.5,True,25.14321789477279,24.252153966216184,1,0.5094208553028874,0.53,0.5,19029.308965682983
0,0,149,0.475727483075913,0.590864975252193,0.4647780223334252,139.51950176054,0.5143658335595479,0.5301718366038145,0.5027987215737955,0.08121950456553564,0.10271913413461917,0.0818039954847408,23.12120677657495,10,0.5,0.65,0.5,True,25.037649590289767,23.12120677657495,3,0.5159494422486642,0.53,0.5,19029.308965682983
0,0,150,0.4626688506406471,0.8221150745243004,0.3688813515585714,96.55238598065118,0.5145765858241506,0.5286831403095377,0.5042204122841633,0.1121919816119628,0.35692318911017534,0.36689049244090777,21.698307637592144,10,0.5,0.65,0.5,True,23.824957581672,21.698307637592144,2,0.5141126745928534,0.53,0.5,19029.308965682983
0,0,151,0.4371070212341172,0.584417126486877,0.44375427537509426,115.33478150473998,0.510903953173976,0.5331227305732601,0.5058788634775262,0.16883035127530624,0.08777017919027183,0.1399977229513329,24.14886618365213,10,0.5,0.65,0.5,True,25.390017570715077,24.14886618365213,2,0.5099575851661945,0.53,0.5,19029.308965682983
0,0,152,0.4129290415534718,0.8789579500235122,0.4562932055544062,146.4868778289985,0.5190677990938414,0.5377270667504915,0.5078479789712103,0.2570387327107513,0.38822207963861377,0.11298606420002212,21.23434312310129,10,0.5,0.65,0.5,True,23.53602147748216,21.23434312310129,1,0.5144129684056228,0.53,0.5,19029.308965682983
0,0,153,0.43362913503979555,0.8667755837179921,0.303665163875022,149.32399411824133,0.514540886674249,0.5309596019139912,0.5008858394031139,0.1865920555062056,0.3874312891504563,0.6494675681971247,19.508897606916307,10,0.5,0.65,0.5,True,21.758739209614113,19.508897606916307,1,0.5148511059169616,0.53,0.5,19029.308965682983
0,0,154,0.39873903998683174,0.614767745398754,0.4068788454506722,152.7931424157973,0.5056568367784334,0.5369537087034465,0.508004327586891,0.2681397758171174,0.12657468983646067,0.2485395425859727,23.299776089326116,10,0.5,0.65,0.5,True,24.381496731419425,23.299776089326116,1,0.5068968722372825,0.53,0.5,19029.308965682983
0,0,155,0.3863406435796582,0.8550605192864855,0.3934663225010171,154.2054852992957,0.5244353318661805,0.7061002513109301,0.5021720224185412,0.35744281783816273,0.17421020455938827,0.2762770120363811,22.11659242992194,12,0.5,0.85,0.5,True,22.23272765282477,22.11659242992194,2,0.5222320574524736,0.7082035266325779,0.5,19029.308965682983
0,0,156,0.477751893497228,0.8105906159206753,0.37230549658614875,130.48674938834367,0.507544739676708,0.5384346801338319,0.5064697612761361,0.062360498377915546,0.3357501683852169,0.36036068744674765,22.620443275684753,10,0.5,0.65,0.5,True,23.59063300954057,22.620443275684753,3,0.5074043180138041,0.5339037097329747,0.5,19029.308965682983
0,0,157,0.3689438726529242,0.816549220754605,0.3517053225115283,135.78810623018828,0.5292511914211271,0.867198509374834,0.5321086626139655,0.43450326906230646,0.06202845748039783,0.512938896728024,21.287547517539114,12,0.5,0.85,0.5,True,21.287853871154162,21.287547517539114,-1,0.5294405553676117,0.8674054576317677,0.5317185610178512,19029.308965682983
0,0,158,0.3323978867142206,0.620138776428306,0.37162408748582054,104.50346664037957,0.5237641722598961,0.7301629803394859,0.5061058886684172,0.5757145072050439,0.17741868125851637,0.36187590016679927,21.781058949306942,12,0.5,0.85,0.5,True,21.893963404297256,21.781058949306942,2,0.5223685463732725,0.7214690264070557,0.5,19029.308965682983
0,0,159,0.37142231961852773,0.6041401535879021,0.3079527394225318,115.17931239587972,0.5298648738532781,0.6989960432052065,0.49918696252349015,0.4265832877180888,0.15700974195138134,0.6209856209090971,23.08356569206292,12,0.5,0.85,0.5,True,23.173449930592234,23.08356569206292,2,0.53,0.6975147481148092,0.5,19029.308965682983
0,0,160,0.436119453003546,0.6854141716490159,0.31881476509230494,115.50497190224972,0.5096494229669668,0.5426634589629651,0.5086850935427119,0.16860052780728166,0.20826927511961335,0.5955506119531028,21.805689784083512,10,0.5,0.65,0.5,True,23.266068764003364,21.805689784083512,3,0.5080975094259522,0.5363043402283375,0.5,19029.308965682983
0,0,161,0.44763840709832337,0.5401875261298622,0.47492647558910756,147.1280957204339,0.5061743204699466,0.532533357303999,0.5082171617026363,0.13076606574280358,0.01416946607542202,0.07009650509004446,24.842773074304734,10,0.5,0.65,0.5,True,25.896248804754485,24.842773074304734,2,0.5037949590650085,0.53,0.5,19029.308965682983
0,0,162,0.3258481895313281,0.8173594418173958,0.33695903229736973,137.22649468116214,0.5309516212839899,0.868694128528098,0.5317320310957687,0.6294447486348316,0.06280552237404842,0.5780316896996246,22.111725460932977,12,0.5,0.85,0.5,True,22.111906473491093,22.111725460932977,-1,0.5310279847490577,0.8686710113583417,0.5316991677859334,19029.308965682983
0,0,163,0.3492050537766556,0.7780250133740595,0.4917267662128841,155.3115617343717,0.5233760538704798,0.8883572073490531,0.5371155884466557,0.49876425959522447,0.14181060001723622,0.09230496558757878,22.590644351307695,12,0.5,0.85,0.5,True,22.59094907998696,22.590644351307695,-1,0.5236071183454011,0.8887689180698743,0.5367363702682985,19029.308965682983
0,0,164,0.4564553013355652,0.590573797624394,0.378982129455134,111.12470079030633,0.5139169187324854,0.5291692392303206,0.5051083656114044,0.12588662510609544,0.10397440360726408,0.33280259503951604,22.86361644330033,10,0.5,0.65,0.5,True,25.073429048367025,22.86361644330033,1,0.5129377858480554,0.53,0.5,19029.308965682983
0,0,165,0.5181463057040501,0.638767497542407,0.41221539894526593,119.21033094996486,0.5067942131124962,0.5326322639825586,0.5085290281490972,0.021909048596088762,0.1661562837310805,0.2336487900507079,24.735887149866848,10,0.5,0.65,0.5,True,25.86304222466534,24.735887149866848,2,0.5011689588475331,0.53,0.5,19029.308965682983
0,0,166,0.3457715132189599,0.6690832367122602,0.4538830107657429,119.59995984152316,0.5300345406288123,0.8506723846764702,0.5433804791271454,0.5329040142562809,0.27139993651089267,0.1971817984780085,22.30722011152686,12,0.5,0.85,0.5,True,22.309419402157886,22.30722011152686,-1,0.5307599490818408,0.8517070893079428,0.5419763630255051,19029.308965682983
0,0,167,0.45983537791147727,0.7390581261561695,0.3153044358233046,139.367803627917,0.5134912782390463,0.5294282249257699,0.5043378564117416,0.11668502012887377,0.28364467395911286,0.599526676796804,21.03478689253479,10,0.5,0.65,0.5,True,23.125928789519712,21.03478689253479,2,0.5125442745822141,0.53,0.5,19029.308965682983
0,0,168,0.4587089472624333,0.8171861244767437,0.32978629099698226,154.6561950421251,0.5127663822872456,0.5290602028495174,0.5045489442746304,0.11784691654136267,0.3525829832361845,0.529926980134075,20.812033460476677,10,0.5,0.65,0.5,True,23.084916661236868,20.812033460476677,2,0.5129728474697485,0.53,0.5,19029.308965682983
0,0,169,0.4995748985409386,0.8530897973579021,0.4923890160487622,132.57306301559112,0.5206576204226869,0.53851457880673,0.5070029197019473,0.042201323451844026,0.3687480726242895,0.029679589058375574,22.772251751888916,10,0.5,0.65,0.5,True,24.739617999651394,22.772251751888916,3,0.5176070609669685,0.5409712293407464,0.5,19029.308965682983
0,0,170,0.49481078128035716,0.589645447365033,0.4115489094731384,116.75499635401695,0.5074482816831515,0.5375111937179643,0.5076421518084148,0.025540066790973943,0.08841627435612819,0.23349167042695892,24.762164116611856,10,0.5,0.65,0.5,True,25.958314983204275,24.762164116611856,1,0.5080870884738494,0.53,0.5,19029.308965682983
0,0,171,0.36185275431153313,0.6694675333441654,0.38563289981872173,131.9589442811863,0.5075769067989563,0.5382358497327495,0.5073700368611334,0.4027167148822185,0.1960239699091595,0.31568140866517824,22.693914525153577,10,0.5,0.65,0.5,True,23.454019367165092,22.693914525153577,3,0.508157535883222,0.5326358144897131,0.5,19029.308965682983
0,0,172,0.47187741867830346,0.5379278280918326,0.3508081827585279,131.50911591024564,0.5135604363330146,0.5290535790894288,0.5042128158971824,0.08833441907744273,0.01649709968321024,0.437289210110152,22.194995718363494,10,0.5,0.65,0.5,True,24.320795287995367,22.194995718363494,2,0.5128655527352664,0.53,0.5,19029.308965682983
0,0,173,0.3341684425789872,0.8867061067276567,0.46646922490014076,96.0485848542078,0.5188805375227513,0.8691524486763319,0.5500560951514978,0.5527514612637422,0.01979647813197732,0.17919053560125184,21.189612255443425,12,0.5,0.85,0.5,True,21.189703185335077,21.189612255443425,-1,0.5189335904207633,0.8693344233064834,0.5499612351434954,19029.308965682983
0,0,174,0.4362509005743218,0.7488157486510117,0.30138531590285367,104.94274211957716,0.5332077121950135,0.7321526228911651,0.49774817191463083,0.22225011224744431,0.02225263796850584,0.6515342508427694,22.5364375469719,12,0.5,0.85,0.5,True,22.56396792426648,22.5364375469719,3,0.53,0.7371593547801344,0.5,19029.308965682983
0,0,175,0.35129858705406947,0.6964950578845217,0.4134007232454585,121.99432648982197,0.5247032587434183,0.8595609360445695,0.5431207514945394,0.4936105013785881,0.23412352509051684,0.31378761805421196,22.687847230542303,12,0.5,0.85,0.5,True,22.690366960889826,22.687847230542303,-1,0.5256303944126143,0.8604379243202424,0.5412051472007828,19029.308965682983
0,0,176,0.5105726685028434,0.8217980934385509,0.38023321089998835,106.44759727886442,0.5109484475026435,0.5322535292823671,0.505761031957927,0.0007359951344475876,0.3523305377172114,0.3301337638572446,22.464408288871216,10,0.5,0.65,0.5,True,23.522552606414237,22.464408288871216,2,0.5105705681859639,0.53,0.5,19029.308965682983
0,0,177,0.392106688626741,0.8385224378642653,0.3697631109165849,155.69160137758738,0.5137026877534241,0.5280020972820297,0.5047478932541487,0.31010947442019865,0.3703184632400983,0.36505746071574746,20.046480689539813,10,0.5,0.65,0.5,True,21.939034313420947,20.046480689539813,1,0.5117015409162062,0.53,0.5,19029.308965682983
0,0,178,0.43587722513609556,0.6165802778960571,0.4317394610102362,135.01415693097707,0.5065791471766347,0.5373548840668813,0.5078042449545558,0.16220604785777365,0.1284916119917342,0.17618214412538064,23.561291467812396,10,0.5,0.65,0.5,True,24.961422049284852,23.561291467812396,2,0.5083982447816038,0.53,0.5,19029.308965682983
0,0,179,0.4250821979481093,0.6315780049389986,0.4259836393669003,123.69942647956904,0.5073107271387535,0.537422666010187,0.5079289538892503,0.19344147928933494,0.14907950909073492,0.1923672811569422,22.5343570325889,10,0.5,0.65,0.5,True,23.69539451719792,22.5343570325889,2,0.5060235257041361,0.53,0.5,19029.308965682983
0,0,180,0.4007535173049078,0.7871822111473167,0.3561646656072007,98.92030737488227,0.5202877850836017,0.8462853901698081,0.5406051163511134,0.2982737833034361,0.07508195457865927,0.5178516246957648,22.851422783169546,12,0.5,0.85,0.5,True,22.85679528084413,22.851422783169546,-1,0.5219432054770416,0.8486365797465458,0.537953562350085,19029.308965682983
0,0,181,0.5211217483707934,0.732693994605623,0.42886419243024926,129.8044664689131,0.5142455450615098,0.5264383295248451,0.5053657658276469,0.013195003529944798,0.28150314674244903,0.17838181584684276,23.174494320443547,10,0.5,0.65,0.5,True,24.956181139247327,23.174494320443547,2,0.51207256283766,0.53,0.5,19029.308965682983
0,0,182,0.41680116461301653,0.5759527063959892,0.36271922424464365,139.763036417812,0.5076482890352696,0.5383949451990239,0.5048880999518721,0.21796274131479706,0.06520980070044662,0.3919529658327116,23.315314779576887,10,0.5,0.65,0.5,True,24.276671546682962,23.315314779576887,3,0.5109177591348473,0.5349519505346703,0.5,19029.308965682983
0,0,183,0.5079590859731979,0.8479536905376176,0.4896641763739884,95.33774508572773,0.5119877842250741,0.5329837106974517,0.5049282019104396,0.00793114713984799,0.37144714782769495,0.031172436688104994,23.585105425514033,10,0.5,0.65,0.5,True,24.29029895480418,23.585105425514033,2,0.5124699573751619,0.53,0.5,19029.308965682983
0,0,184,0.4722261414770145,0.7712730271818132,0.4250375280978044,133.6015117445666,0.5144113055712339,0.5306866803577739,0.503308955709573,0.08933254724584695,0.3119340860435997,0.18415180410553722,22.198832812284667,10,0.5,0.65,0.5,True,24.214760520467202,22.198832812284667,2,0.5143140014834056,0.53,0.5,19029.308965682983
0,0,185,0.343143158113224,0.7547889694108372,0.45741836213721937,94.21256495778499,0.5311715049484445,0.8394384063770428,0.5302471366913258,0.5479588981726932,0.11214980663042828,0.15921698948381705,22.336656293843635,12,0.5,0.85,0.5,True,22.3369021819939,22.336656293843635,-1,0.5309856172162052,0.839325555578215,0.5308369862478389,19029.308965682983
0,0,186,0.5108402475422331,0.5788740679816368,0.37514121454457094,128.1686591803067,0.5105546565469289,0.5333408334591525,0.5057116702726762,0.0005590612655879649,0.07865827308734907,0.34805681344989087,24.92130727140121,10,0.5,0.65,0.5,True,25.976988100486427,24.92130727140121,2,0.5102372930648651,0.53,0.5,19029.308965682983
0,0,187,0.4448418986464043,0.7275471561393084,0.3775439753224574,148.7697635730587,0.5129674992347,0.5291384081610945,0.50402423894308,0.1531456474661964,0.27270912449312534,0.3350080305548427,21.932396243331244,10,0.5,0.65,0.5,True,24.194351980413224,21.932396243331244,2,0.5135024121772019,0.53,0.5,19029.308965682983
0,0,188,0.40018736873311217,0.842598058674631,0.3659766744789452,132.85747021053461,0.5061743035893044,0.5369155905817661,0.5078094800617178,0.26484327876644115,0.3627856306406518,0.3875460253982177,21.530683453183627,10,0.5,0.65,0.5,True,22.354663701014964,21.530683453183627,2,0.5076949943597334,0.53,0.5,19029.308965682983
0,0,189,0.49581156042916846,0.575038808297186,0.3341795994969794,139.2664689212783,0.5201941378489234,0.5391673780041611,0.5057927818453977,0.049177105508894765,0.06238088590794056,0.5135357831738901,22.788321144463712,10,0.5,0.65,0.5,True,24.94883537434825,22.788321144463712,3,0.5186058247435542,0.5433597845609466,0.5,19029.308965682983
0,0,190,0.40519992589887405,0.8611836174099298,0.35477399757965644,97.50303775765792,0.5302345217902555,0.7411684250763559,0.502402731289986,0.3085750709702411,0.13936074712443783,0.41612050126977784,21.747578168475037,12,0.5,0.85,0.5,True,21.796826918303033,21.747578168475037,3,0.5288421573822482,0.7416950306194576,0.5,19029.308965682983
0,0,191,0.3820246697040666,0.7874557665445874,0.45619311635363663,127.41873975497455,0.5058852486284237,0.5359903767604267,0.5077317086726237,0.32422141486387507,0.31933906698989445,0.1129753836071364,22.202609932283416,10,0.5,0.65,0.5,True,23.08253233405609,22.202609932283416,2,0.5077929549741814,0.53,0.5,19029.308965682983
0,0,192,0.38226140316082613,0.857804153933148,0.4856151023039315,121.03256098163506,0.5191931706837346,0.8542596587727183,0.5484414354614334,0.3582149973569216,0.004132056418913072,0.12937475144292537,21.815369803715573,12,0.5,0.85,0.5,True,21.825155484839613,21.815369803715573,-1,0.5210373991013583,0.8569334622586862,0.5456451000932698,19029.308965682983
0,0,193,0.4029451391096638,0.7502020551689071,0.44272261308145117,132.50736541039913,0.5284658801999157,0.7534786435025871,0.5040892697318747,0.31150826479157684,0.004367607781269303,0.13861197697424474,23.157955161730776,12,0.5,0.85,0.5,True,23.219912640702194,23.157955161730776,3,0.528194800756858,0.7511015126484893,0.5,19029.308965682983
0,0,194,0.4078549967101047,0.689373821043052,0.4291990226881763,151.1164868042078,0.5066928542438868,0.538159217887391,0.5066584283128043,0.24233577700663564,0.21935066075887086,0.1804743289942302,21.74091938092615,10,0.5,0.65,0.5,True,22.7570500381851,21.74091938092615,3,0.5084313521025094,0.533164082758807,0.5,19029.308965682983
0,0,195,0.32661888944851547,0.5643235058916863,0.4523086216554312,122.48108459124721,0.5256410361114606,0.7179030450687133,0.5001822977394599,0.6093405895751683,0.2721480455334857,0.1058429439368478,21.931517456408418,12,0.5,0.85,0.5,True,21.987341519071897,21.931517456408418,2,0.5280905878500921,0.7144629756553045,0.5,19029.308965682983
0,0,196,0.4804793332369278,0.7239845264732708,0.392372402947115,153.38592320084285,0.5102271122772947,0.5337989281648877,0.5053964034435956,0.06191271295678811,0.26269290482606006,0.28805287947764835,22.230587954900997,10,0.5,0.65,0.5,True,23.298014991230893,22.230587954900997,2,0.5097477273143077,0.53,0.5,19029.308965682983
0,0,197,0.3942276654082302,0.7621901658350638,0.40869516985914917,100.68817277022946,0.5289260891404138,0.732658205863787,0.5046269137381223,0.34167674050145846,0.03874618342644351,0.23472688437212166,22.847187839513754,12,0.5,0.85,0.5,True,22.926851317021022,22.847187839513754,2,0.5279645443247442,0.727899478384244,0.5,19029.308965682983
0,0,198,0.351863886347984,0.822602268239995,0.40454023865916744,136.18093414900184,0.5063772471850557,0.5371307882494878,0.5068497959513004,0.43912821642702526,0.3470346375305893,0.2529032899946713,21.17303221736398,10,0.5,0.65,0.5,True,22.038527802602943,21.17303221736398,2,0.5082588936150331,0.53,0.5,19029.308965682983
0,0,199,0.4122805753258381,0.8341780072372753,0.4704032180392158,120.65749724948208,0.5120919093728128,0.5468826976551368,0.5072947536391984,0.24209565043924441,0.3444052793163842,0.07842534699009453,23.02175758740747,10,0.5,0.65,0.5,True,23.904502541265504,23.02175758740747,3,0.5101666029435855,0.5397732408604959,0.5,19029.308965682983
0,0,200,0.37559602811496356,0.6962070819800444,0.3243439385152884,126.41302198243329,0.530300786997527,0.8669894793718698,0.532842835617147,0.41189136013762895,0.2453040220534851,0.6428327227457363,22.310927769488032,12,0.5,0.85,0.5,True,22.31123091683724,22.310927769488032,-1,0.5303538250679883,0.8670708144328052,0.5328541897202945,19029.308965682983
0,0,201,0.40283453425135723,0.557932039257656,0.31979333516370634,155.3930227479217,0.5028709042082865,0.5436574183350898,0.41123324479357626,0.24833116689670265,0.025584873995691173,0.2859343819128083,25.029637496813926,9,0.5,0.55,0.4,True,25.032153713622847,25.029637496813926,-1,0.5027592924709421,0.5436862598839424,0.41127629826718715,19029.308965682983
0,0,202,0.46294832317745077,0.6917844033934071,0.4280353617179524,110.65555352840609,0.5036615750375634,0.5315031127370977,0.5011355989898574,0.08794340495862855,0.23169254737470552,0.17078083684140394,23.319115134949772,10,0.5,0.65,0.5,True,23.371662628969887,23.319115134949772,2,0.5036355505021785,0.53,0.5,19029.308965682983
0,0,203,0.380195407033194,0.5585364339808313,0.3105171142244987,144.2171955221543,0.5060201152215991,0.5368492585761916,0.5072521735956569,0.33094747032917105,0.03882857784239731,0.6335723551421454,21.11025008780905,10,0.5,0.65,0.5,True,22.177276869728775,21.11025008780905,2,0.5056808315942488,0.53,0.5,19029.308965682983
0,0,204,0.4881074258516231,0.5342649224230933,0.3660110688194995,99.31792853818516,0.5127041032193981,0.5343302104479947,0.5040357796854127,0.05039193436743982,0.00012220159355633825,0.37710529168171375,24.536043774866005,10,0.5,0.65,0.5,True,25.762973923068714,24.536043774866005,3,0.5127035611120181,0.5318282657830472,0.5,19029.308965682983
0,0,205,0.41523679754357257,0.7517797582574175,0.41020961259055116,102.12886702988993,0.5193141628748885,0.5372546870265015,0.5071841772907199,0.25064581450153073,0.2853562747262215,0.2364024677231623,21.136673758785605,10,0.5,0.65,0.5,True,23.40890847749148,21.136673758785605,1,0.5175209885527677,0.53,0.5,19029.308965682983
0,0,206,0.4647154385194551,0.750104139124408,0.39348507152912565,112.3204462714954,0.5113827033348931,0.5333096007616026,0.5050290589464449,0.1004211630328358,0.289019253534407,0.2834770503080262,23.448537102183327,10,0.5,0.65,0.5,True,24.59780337131481,23.448537102183327,2,0.5109737784703969,0.53,0.5,19029.308965682983
0,0,207,0.5102811095276987,0.5621210927931878,0.32895265474268326,117.41067204855487,0.5110567301688822,0.5330602603429905,0.5049903945297319,0.00151998697718091,0.05169852692378721,0.535146128930775,23.872421984444827,10,0.5,0.65,0.5,True,24.931685316415013,23.872421984444827,1,0.5109663183079336,0.53,0.5,19029.308965682983
0,0,208,0.3711962311778744,0.751254418978222,0.4389108776968237,137.7433940812374,0.5110050551871429,0.8565788378479336,0.5544640717614507,0.3766439749822598,0.1401980690016612,0.26327256838789276,23.065255389150316,12,0.5,0.85,0.5,True,23.07663096521349,23.065255389150316,-1,0.5125827899782851,0.8585197890831007,0.5515991900927234,19029.308965682983
0,0,209,0.479789959354231,0.5947088849825881,0.4492627870296749,109.12805560501135,0.507841871600537,0.5368449735543231,0.5089019210436333,0.05846706813969628,0.09729787613642112,0.1327488849193714,24.31881002797042,10,0.5,0.65,0.5,True,25.28036450890697,24.31881002797042,2,0.507835906368768,0.53,0.5,19029.308965682983
0,0,210,0.48131581124048634,0.7475756954976936,0.44196023808168505,99.31861705763806,0.5108106043393833,0.5395865486249672,0.5056662596809551,0.06127950175349649,0.2782181766011788,0.144144237671208,23.150600243509317,10,0.5,0.65,0.5,True,24.105446752661965,23.150600243509317,3,0.5118247847555949,0.5348446093492255,0.5,19029.308965682983
0,0,211,0.44958074174939383,0.8806877992896807,0.38468103447195123,100.7751927092089,0.5293345844241897,0.7076320298008177,0.4974133309784035,0.1773960387281277,0.19650070050753646,0.2930539496473983,23.44937198715822,12,0.5,0.85,0.5,True,23.57709960829238,23.44937198715822,2,0.53,0.7052921170196232,0.5,19029.308965682983
0,0,212,0.5186942199721928,0.7724736756472058,0.33943854718898914,135.7537035329242,0.5067133115880676,0.5374183146008588,0.5076190023879154,0.02309821070450222,0.30428915373641613,0.4954665773574868,22.988042599845194,10,0.5,0.65,0.5,True,23.964767927391854,22.988042599845194,2,0.5063812517670235,0.53,0.5,19029.308965682983
0,0,213,0.5259684834524211,0.6068673432723058,0.4707719597025067,137.43192407670938,0.5100777419829803,0.5328505031954138,0.5060332842834682,0.03021234535791017,0.12196543593495048,0.0749010722797595,26.36099783052157,10,0.5,0.65,0.5,True,27.320787259694782,26.36099783052157,2,0.5093263307587302,0.53,0.5,19029.308965682983
0,0,214,0.36327343081870167,0.5980939649506177,0.4908314064361027,115.02734547525031,0.5324558278921157,0.7351674600888622,0.497302640487718,0.46571640731371733,0.22918387940858445,0.013184229792063545,23.423664371744444,12,0.5,0.85,0.5,True,23.534317346611324,23.423664371744444,2,0.53,0.7304634685077733,0.5,19029.308965682983
0,0,215,0.4096342392931047,0.7654110098692632,0.3880603807403089,93.76653149877824,0.5093309018525972,0.53737413510433,0.5034174191925412,0.24337971047424276,0.2979273512199457,0.2972656941483279,22.143046533437904,10,0.5,0.65,0.5,True,23.34366742416167,22.143046533437904,3,0.5129611036672731,0.53,0.5,19029.308965682983
0,0,216,0.37141398864982417,0.700143600622882,0.4522536888089502,131.6491462915684,0.5072496337814478,0.5382226161024392,0.5057478864045087,0.3657257111543313,0.23126824893691805,0.11828360700924337,22.18346675619823,10,0.5,0.65,0.5,True,23.03468942411007,22.18346675619823,3,0.5094878018681899,0.5318822697948202,0.5,19029.308965682983
0,0,217,0.40727115117698975,0.6003151045190644,0.45693110959215133,105.44521759016101,0.5078707619084187,0.5369795419604151,0.5081125004688845,0.24700892867246305,0.10550386302438604,0.11201117586941439,22.478869278461794,10,0.5,0.65,0.5,True,23.568054283754897,22.478869278461794,2,0.5076148196884417,0.53,0.5,19029.308965682983
0,0,218,0.46921738254412276,0.7090799111280974,0.41044154798987587,117.74934763501223,0.5285217474036651,0.7071635742921849,0.4987358942999329,0.126389957119642,0.002702568223747538,0.2151203910580587,24.722970250210683,12,0.5,0.85,0.5,True,24.93029679026752,24.722970250210683,2,0.53,0.7040220309503992,0.5,19029.308965682983
0,0,219,0.3593310940022716,0.5927620416930478,0.428297614188786,111.00850192146963,0.5327637249861281,0.7666450504389696,0.5024422149189736,0.4826541144885172,0.293343696990578,0.17311467137313064,23.215964686094328,12,0.5,0.85,0.5,True,23.32909459446647,23.215964686094328,3,0.53,0.768049711234151,0.5,19029.308965682983
0,0,220,0.393799199156168,0.6032498596781544,0.3177116746522558,134.5744804750575,0.507244183457077,0.5380677934034483,0.5056132761592901,0.2880782503976611,0.10805152330989672,0.5914217716824469,21.40910058463199,10,0.5,0.65,0.5,True,22.237895298290887,21.40910058463199,3,0.5097910693139607,0.5325616751477484,0.5,19029.308965682983
0,0,221,0.41342011644097276,0.8831248447024715,0.47031361397022614,146.0600827023153,0.5061406816568907,0.5370325753657014,0.5080592255365411,0.22427685912849485,0.39189506604060054,0.08025625974906299,22.72171412337777,10,0.5,0.65,0.5,True,23.578749803287767,22.72171412337777,2,0.5071998932177795,0.53,0.5,19029.308965682983
0,0,222,0.3273535799372797,0.7296475301533468,0.4214929052705335,96.88383094206768,0.5258865977674444,0.7128238535121832,0.5031090351449564,0.6064788351121843,0.023057265249192056,0.19363583313944022,21.484854281406975,12,0.5,0.85,0.5,True,21.523352368273088,21.484854281406975,2,0.5261702077305459,0.7049738436084562,0.5,19029.308965682983
0,0,223,0.4172161980212253,0.6494951523032994,0.34329713635737696,143.56354579604024,0.5059858453984467,0.5367556775809196,0.5076460818581059,0.21276654117994095,0.1735801634894005,0.47873672132714634,21.823753162576498,10,0.5,0.65,0.5,True,23.04310652600741,21.823753162576498,2,0.5070605278454016,0.53,0.5,19029.308965682983
0,0,224,0.4053096657350554,0.5691300035285437,0.3738141237100454,150.92777666859445,0.5124722095163737,0.5286002834084389,0.5045669046201583,0.26439671402104886,0.07121346593717601,0.3497802052325162,21.732679213375157,10,0.5,0.65,0.5,True,24.163442338594017,21.732679213375157,3,0.511237807827546,0.53,0.5,19029.308965682983
0,0,225,0.39870499965023576,0.5990042299141679,0.313347231009368,125.7607223996661,0.5094389257741149,0.5403410544538788,0.5050301905074996,0.27773397931056926,0.09793449283103563,0.6117269933443291,21.97705032634264,10,0.5,0.65,0.5,True,22.95559160216638,21.97705032634264,3,0.5099570606255112,0.5365998969184246,0.5,19029.308965682983
0,0,226,0.45735431281611716,0.6790474024155938,0.46966388076479826,126.53056644667396,0.5114275111758498,0.5342093902324335,0.5044770786327273,0.11823043282741104,0.21329587841426692,0.07412364308543248,23.802243385386195,10,0.5,0.65,0.5,True,24.84104771876008,23.802243385386195,3,0.5116771879624537,0.5320902527668376,0.5,19029.308965682983
0,0,227,0.4847586389932185,0.7331291032446187,0.41815978045935265,119.53103603420521,0.5019791543113001,0.5295014548201571,0.5033933619250217,0.03552389567279587,0.2777514185745241,0.20383017556599808,23.041512115817767,10,0.5,0.65,0.5,True,23.165256321924865,23.041512115817767,2,0.500556237384829,0.53,0.5,19029.308965682983
0,0,228,0.3396509535494687,0.7826295520922749,0.4716786854920571,139.06425999313416,0.5065005728490567,0.5375474105395479,0.5070231220868744,0.49123848337816317,0.3131521687336321,0.07493329184028281,21.66617317502088,10,0.5,0.65,0.5,True,22.423127187190424,21.66617317502088,3,0.5081739703583972,0.531122251096473,0.5,19029.308965682983
0,0,229,0.4050284208564967,0.5634231569250232,0.33715782487380586,128.20403811943592,0.5114269098158317,0.5342977683250099,0.5045094296033483,0.26269388388681114,0.05169363069663317,0.49635984213678025,22.03773891295494,10,0.5,0.65,0.5,True,23.246390444471775,22.03773891295494,1,0.5114813714708523,0.53,0.5,19029.308965682983
0,0,230,0.4629198800187038,0.7602176684117717,0.32572884486352727,100.85675313320807,0.5113287633569138,0.532574709658977,0.505821925033087,0.10457291947853711,0.29944444625758415,0.5528926375710278,22.615714844403858,10,0.5,0.65,0.5,True,23.853596091826546,22.615714844403858,1,0.5108785891425874,0.53,0.5,19029.308965682983
0,0,231,0.4543559050015979,0.835477272617632,0.3403558268880813,107.3761648178585,0.5278962985183466,0.693554412510895,0.5001480703980418,0.16185636129564576,0.16987040193454794,0.4694858465358512,23.157934317968632,12,0.5,0.85,0.5,True,23.412269130072843,23.157934317968632,2,0.5279251890766302,0.6948660630860651,0.5,19029.308965682983
0,0,232,0.46769935817987596,0.6995983830875926,0.3830443861281423,115.57173779485122,0.5076975839086875,0.5373309361123678,0.5074650226454297,0.08552123288017918,0.23194371356188256,0.3248204151350339,22.47025716530358,10,0.5,0.65,0.5,True,23.54229755280929,22.47025716530358,3,0.5089519837426988,0.5301841727064488,0.5,19029.308965682983
0,0,233,0.329973141913319,0.6939064888986032,0.36029065591993553,118.0672970806626,0.5258244248464955,0.8559528845456351,0.531107727904304,0.59353704303796,0.23352771337278977,0.47410908159196835,21.295775707332858,12,0.5,0.85,0.5,True,21.295997560374904,21.295775707332858,-1,0.5260790589852492,0.8562073951425596,0.5307003110679115,19029.308965682983
0,0,234,0.4305028398793406,0.7751743406856373,0.42495047543564585,140.16902836803575,0.5068468148357894,0.5375903446099978,0.507945889679731,0.1773367510835611,0.306491048020885,0.195306086336298,23.050660130055665,10,0.5,0.65,0.5,True,24.093900324118614,23.050660130055665,2,0.5064189302459936,0.53,0.5,19029.308965682983
0,0,235,0.3203438620693156,0.764761288154904,0.40841250975109306,146.95881331788678,0.5100755638346347,0.5331927340104189,0.5061038651831482,0.5922751275448668,0.3027984780756585,0.2391977549649327,20.52560168443085,10,0.5,0.65,0.5,True,21.55704286766298,20.52560168443085,2,0.5092786687937685,0.53,0.5,19029.308965682983
0,0,236,0.51463517088406,0.5370522070571484,0.4656656595979678,109.58274316767003,0.5403795333557048,0.5351423932414944,0.5101036259059196,0.050024490995087156,0.003556104584541445,0.09542890997441666,23.70043742532785,10,0.5,0.65,0.5,True,26.29909815016943,23.70043742532785,2,0.53,0.53,0.5,19029.308965682983
0,0,237,0.44831338581993435,0.8038685178656478,0.4693992448040891,152.53768230587727,0.5103714638734937,0.5338624345400419,0.505063356538291,0.13842566386916919,0.33588339053568034,0.07597820433027513,22.72311954890541,10,0.5,0.65,0.5,True,23.816931586505497,22.72311954890541,1,0.5100346856775259,0.53,0.5,19029.308965682983
0,0,238,0.45042284939475263,0.8375190309850586,0.3995397471750513,108.33505309950695,0.5093403633836844,0.5392175436364963,0.5052630901216171,0.1308048960395794,0.35617278690098686,0.26461282937200475,22.068998229750285,10,0.5,0.65,0.5,True,23.014326226717664,22.068998229750285,3,0.5089191209140821,0.5349472991640234,0.5,19029.308965682983
0,0,239,0.3502722062690421,0.7092464929639385,0.44907068036444,121.83395518462875,0.5249074674493579,0.7185050758323106,0.5021271253427987,0.49857013504000214,0.013054111596210406,0.11814720332064686,21.998114413279925,12,0.5,0.85,0.5,True,22.019013640668568,21.998114413279925,2,0.5251758054855941,0.7112420376372013,0.5,19029.308965682983
0,0,240,0.3861867245372255,0.676337947051896,0.41494756386543846,125.39998545438425,0.5108052079762929,0.5333119747457816,0.5054413403978153,0.32268971334630925,0.211471163091696,0.21808484833452996,22.51081333714676,10,0.5,0.65,0.5,True,23.60024824748843,22.51081333714676,2,0.5107891299707225,0.53,0.5,19029.308965682983
0,0,241,0.43554883906778286,0.7347389952304827,0.4748233062481482,99.15190381193581,0.5056684521734635,0.532380798720916,0.5075052266197456,0.16099139020955613,0.2754150764055857,0.06882964661072774,22.90201724341468,10,0.5,0.65,0.5,True,23.732966056758404,22.90201724341468,2,0.5053703140900516,0.53,0.5,19029.308965682983
0,0,242,0.4731622821148647,0.8237303788743358,0.4424320140054331,119.37035044915612,0.5072628913000526,0.5371927013334071,0.5077245952226953,0.07206958473691204,0.34785372118058233,0.1475765296144696,23.56186869393382,10,0.5,0.65,0.5,True,24.573928041285207,23.56186869393382,2,0.508214431739401,0.53,0.5,19029.308965682983
0,0,243,0.5154632464522646,0.5434869433879628,0.4605879937587271,131.3780390788744,0.5068992963970542,0.537441499267944,0.5078588416787684,0.01661408473669608,0.011123439474613556,0.10263152440053284,26.623211785191224,10,0.5,0.65,0.5,True,27.663021590385572,26.623211785191224,2,0.5088510718392572,0.53,0.5,19029.308965682983
0,0,244,0.3251776348669531,0.6505017912498109,0.37565452894778223,104.75283298805502,0.5251218372222513,0.7187953784198404,0.5029663627330458,0.6148768578045215,0.10498600939870877,0.33890669211913205,21.819211848024935,12,0.5,0.85,0.5,True,21.978841887588743,21.819211848024935,2,0.5214979754408112,0.7164576951857244,0.5,19029.308965682983
0,0,245,0.4520887787197591,0.6884305168958222,0.44316096691638196,116.96481770024755,0.5136553849595215,0.528538524086045,0.5045408791050873,0.13618255780227242,0.23225581795929184,0.13850477991281848,21.89354630960479,10,0.5,0.65,0.5,True,23.63438723616452,21.89354630960479,3,0.512104317237957,0.53,0.5,19029.308965682983
0,0,246,0.327932120498417,0.7865734660005176,0.4466090597602781,98.8840501482808,0.53526359756968,0.8523373667610455,0.5277739887556565,0.6322390034746956,0.08360808443605024,0.18173596621381685,22.043371193512655,12,0.5,0.85,0.5,True,22.05775623082517,22.043371193512655,-1,0.5353556066946051,0.8543982415468752,0.5302692016427552,19029.308965682983
0,0,247,0.4147125715035996,0.69409814494514,0.48297519612416595,131.10878982885228,0.5080337023073772,0.5383881065875513,0.5066793498186221,0.22502604747531177,0.22433432431935926,0.04907944317778612,22.497861024198375,10,0.5,0.65,0.5,True,23.368114253693324,22.497861024198375,3,0.5077184064186441,0.5334621391114946,0.5,19029.308965682983
0,0,248,0.38137032793314796,0.8451246156902894,0.3647309402643175,139.14821486697693,0.5298259328782972,0.6992139120224068,0.49748424441909,0.389268891866104,0.17264992754790864,0.36397598750072385,22.01035132827208,12,0.5,0.85,0.5,True,22.097957391756083,22.01035132827208,2,0.53,0.7004729611363697,0.5,19029.308965682983
0,0,249,0.35629984196190617,0.6088670337585349,0.32914681206644014,145.05177298958372,0.505813769932891,0.5370289857759108,0.5074126122583248,0.4196295096503862,0.11798643053339239,0.5415996560097344,20.74855263876532,10,0.5,0.65,0.5,True,21.770809821051593,20.74855263876532,2,0.506461521201864,0.53,0.5,19029.308965682983
0,0,250,0.35041218021195364,0.5326107724857062,0.3433196928925634,116.75183106188533,0.5252759378269957,0.7188317815432675,0.5019725599493463,0.4990230576724595,0.34963808221238896,0.46211408882516636,22.01100524837934,12,0.5,0.85,0.5,True,22.10774889845456,22.01100524837934,2,0.5246041904749874,0.7111808173230324,0.5,19029.308965682983
0,0,251,0.31692752989101775,0.6010444225304983,0.4981724357818414,142.9333926141503,0.5067563405217678,0.5375344027616189,0.5082591320698631,0.5989659866280052,0.10566609952304606,0.020247399421430078,20.870221350282197,10,0.5,0.65,0.5,True,21.670077548272594,20.870221350282197,2,0.5072019698006106,0.53,0.5,19029.308965682983
0,0,252,0.3420903178753152,0.6126488168995977,0.4533653103789346,151.0523895853536,0.5099624941380946,0.5333432999174553,0.5057358602749572,0.4907247223640083,0.1294469438192666,0.11551512366980592,20.157484394890027,10,0.5,0.65,0.5,True,21.18341237105907,20.157484394890027,2,0.5093851569009211,0.53,0.5,19029.308965682983
0,0,253,0.3911563817056912,0.8114260697141225,0.32934385358472035,127.6080348134695,0.5124889999365991,0.5493744083021004,0.5084871990480614,0.3101895403107584,0.3229519868696686,0.5439401510411314,21.08153211692502,10,0.5,0.65,0.5,True,22.141498372830846,21.08153211692502,3,0.5107295545362948,0.5410035935221035,0.5,19029.308965682983
0,0,254,0.4424377049565529,0.8129148008312689,0.3557264550319948,119.60209445919214,0.5176569915500653,0.6517998799610639,0.5054266884195949,0.17001102245772406,0.1981941043581103,0.42082963262919476,22.640543836515384,12,0.5,0.85,0.5,True,22.970169381713276,22.640543836515384,1,0.5187233389075726,0.6518349133914403,0.5,19029.308965682983
0,0,255,0.3958509507041184,0.5814574871824865,0.43518996919910546,128.5849672988433,0.5076223518798189,0.5378674038924001,0.5073816588132769,0.28235728871406646,0.0749669309467606,0.16588546318525724,23.353613906052978,10,0.5,0.65,0.5,True,24.597392828795268,23.353613906052978,2,0.5086886796917023,0.53,0.5,19029.308965682983
0,0,256,0.42330426015581973,0.7548762920263619,0.42105174640516063,98.3222604578214,0.5159883334729843,0.5304085237819941,0.5027007664085756,0.21895379291256667,0.297357024740855,0.19391683017708597,21.719362244038123,10,0.5,0.65,0.5,True,23.759223127711216,21.719362244038123,2,0.5164401395120353,0.53,0.5,19029.308965682983
0,0,257,0.37974874819714005,0.6756850205201878,0.33766403723784066,138.7983489733331,0.5247953812888603,0.8596090131376695,0.5412129604254831,0.3819542099357277,0.2722037443954058,0.6028149306414544,22.220510500734893,12,0.5,0.85,0.5,True,22.221787855612366,22.220510500734893,-1,0.5251989032949503,0.8600369758311155,0.5404033367062842,19029.308965682983
0,0,258,0.45875499738223363,0.8047719614057239,0.30323276159873,99.83889220187494,0.5026513966731513,0.5356090369287021,0.4999917450253456,0.09568593157873172,0.33445862602726034,0.6488711258943322,22.811830435725213,10,0.5,0.65,0.5,True,22.86747438588666,22.811830435725213,3,0.5049363613659329,0.5322108322266849,0.5,19029.308965682983
0,0,259,0.3679870581084259,0.7247289835095454,0.3154988836666645,151.70640498495948,0.526629645476384,0.8577570878359254,0.5329329486067719,0.431109148738635,0.18355565646372124,0.6891753860208075,22.057286276801452,12,0.5,0.85,0.5,True,22.05737749416393,22.057286276801452,-1,0.5266967673506734,0.8579054637154013,0.5327466424898256,19029.308965682983
0,0,260,0.42022737161463486,0.6157118310015103,0.31352155163846523,138.3036377426321,0.5232859182313206,0.7161842351112574,0.5037180856870405,0.2452447260175012,0.16318088925840482,0.6066458049043428,23.407257587497533,12,0.5,0.85,0.5,True,23.667283891989946,23.407257587497533,2,0.5252903757272287,0.7133717027468126,0.5,19029.308965682983
0,0,261,0.48806730748895183,0.7271595230276305,0.4268617608557317,104.3249947350283,0.5159842420997849,0.5279757214494128,0.5049034567512994,0.05719894404413678,0.27392036447365503,0.18282662691339982,22.272966718869444,10,0.5,0.65,0.5,True,24.139700018445655,22.272966718869444,3,0.5134198719716827,0.53,0.5,19029.308965682983
0,0,262,0.43346399932575447,0.5949132482482364,0.40131370331623173,115.12536070636656,0.5068896362991911,0.5367914606653327,0.5082316636221329,0.16939269948057728,0.09769792109025546,0.266419908969943,22.932539828026258,10,0.5,0.65,0.5,True,24.170196625485893,22.932539828026258,2,0.509274113092331,0.53,0.5,19029.308965682983
0,0,263,0.5195702039450001,0.7170236197034207,0.340472235869969,109.83151249402268,0.5066344512626171,0.5350813645067672,0.5089563836746027,0.024897025626497128,0.25374652967765465,0.49485429369630046,23.024537196414265,10,0.5,0.65,0.5,True,24.173206204705266,23.024537196414265,2,0.5054947235569928,0.53,0.5,19029.308965682983
0,0,264,0.4326331889869483,0.8336207790193341,0.3674301352954605,150.2756077603637,0.5290014517206537,0.7035626774923238,0.49783196142365993,0.22274819682549285,0.15601590651328262,0.3549023708230677,21.872084399645278,12,0.5,0.85,0.5,True,22.002792009769937,21.872084399645278,2,0.53,0.7010748859300533,0.5,19029.308965682983
0,0,265,0.3672123010740665,0.8581327923945604,0.44579421719558293,151.99917007579376,0.5069685986145054,0.5386144047737945,0.5058993716218187,0.3805871892953012,0.37234142600374454,0.13482712899316487,21.183459606443066,10,0.5,0.65,0.5,True,21.936474866560108,21.183459606443066,3,0.5089126458647745,0.5336370181231574,0.5,19029.308965682983
0,0,266,0.51709995590951,0.5893390063965035,0.4404137818486799,108.73483800958103,0.5060450022997194,0.5348905152415487,0.5098644156632195,0.021378755661168824,0.09238908431986964,0.15769405199586117,26.02950875261995,10,0.5,0.65,0.5,True,26.92634186913752,26.02950875261995,2,0.5070394376704125,0.53,0.5,19029.308965682983
0,0,267,0.4460188703724461,0.6231862634387253,0.3921998931904178,118.29641992516015,0.5004279307677405,0.5365795541431443,0.5053255408250947,0.12198824760454725,0.13897403453292997,0.2884387517661894,23.13295603769656,10,0.5,0.65,0.5,True,23.463991147550317,23.13295603769656,2,0.501230466699307,0.53,0.5,19029.308965682983
0,0,268,0.33018734546298284,0.7548267011028168,0.43518331604847094,148.71104200627045,0.5249810534609178,0.719442337141768,0.5003626066628628,0.5899490415806176,0.04687746725089556,0.14977433235775098,21.80645802503978,12,0.5,0.85,0.5,True,21.841777594263483,21.80645802503978,2,0.5268852726083154,0.712750807925869,0.5,19029.308965682983
0,0,269,0.46694238047390235,0.6003643798241409,0.42404169154954535,123.13126122084117,0.5065046956054903,0.5363975649647588,0.5082975709842248,0.08472633195435358,0.10654665234822784,0.19869715906185823,24.711879003091177,10,0.5,0.65,0.5,True,25.784978210841942,24.711879003091177,2,0.5083018928440819,0.53,0.5,19029.308965682983
0,0,270,0.4637223416766017,0.6439040666389632,0.3242394197723255,113.97447010088298,0.5053229837742155,0.5275730615366604,0.49921544217871566,0.0897102389917325,0.18066511943234786,0.5396506770498629,22.757772389984684,10,0.5,0.65,0.5,True,23.618480542006928,22.757772389984684,2,0.5054835602504076,0.53,0.5,19029.308965682983
0,0,271,0.5129857035942587,0.8128318962093557,0.3020038247920634,106.1833260741547,0.5236724018002261,0.5381463112737733,0.5077762748887281,0.0208323509429027,0.3379365231809671,0.6813570994948286,20.719810093301767,10,0.5,0.65,0.5,True,22.931766484397077,20.719810093301767,3,0.5196286536853494,0.5386962462820215,0.5,19029.308965682983
0,0,272,0.37834698931504585,0.8674125776286683,0.38068741105025516,105.11350603550433,0.5281397747479598,0.7359210018217683,0.5012844871899017,0.3959137766738854,0.15159058007479154,0.31678766525779944,22.377929786711025,12,0.5,0.85,0.5,True,22.469683147919287,22.377929786711025,2,0.5211048334166064,0.7326504782813503,0.5,19029.308965682983
0,0,273,0.49804184950469194,0.8545099021407536,0.36034959508713515,115.94988151493638,0.5070361015171508,0.5369069886348262,0.5075211011841921,0.01805922940291822,0.3716784471546268,0.4084131302033789,22.41870747347176,10,0.5,0.65,0.5,True,23.369782497164216,22.41870747347176,1,0.5075234768440654,0.53,0.5,19029.308965682983
0,0,274,0.47549955137100336,0.6277614502127626,0.45788448073623916,121.92749339661376,0.5072980937779914,0.5376150280950204,0.5075118429198504,0.06687396931354321,0.14359980544710033,0.10838402320125522,24.835794275356704,10,0.5,0.65,0.5,True,25.887155060238435,24.835794275356704,2,0.5070420600587678,0.53,0.5,19029.308965682983
0,0,275,0.45303120285159604,0.8502819832680458,0.3058635226899593,115.30707766007114,0.5139934450469233,0.5289494325111822,0.5028806363395527,0.13456521716738643,0.37791292427698736,0.6441340631824906,19.825620112640763,10,0.5,0.65,0.5,True,22.19434427529872,19.825620112640763,2,0.5135292756281735,0.53,0.5,19029.308965682983
0,0,276,0.4790495972295576,0.7459284507194883,0.3222617148497485,149.3852083476478,0.5068245941684063,0.5375658073494856,0.507936330442139,0.05797937645596039,0.279333283465761,0.5761609494288192,21.342431032260457,10,0.5,0.65,0.5,True,22.347860501736115,21.342431032260457,2,0.5069457390501131,0.53,0.5,19029.308965682983
0,0,277,0.5211845903129578,0.5374052148645928,0.38713601650613433,115.55256389206549,0.49771117548890564,0.6159014598009042,0.5499186346149498,0.045038581839031366,0.14606528326318838,0.420479136965641,26.556146782310663,10,0.5,0.65,0.5,True,26.565678093096455,26.556146782310663,-1,0.49865692960285224,0.617740012045975,0.5477732706422239,19029.308965682983
0,0,278,0.5063883657410383,0.5472306843599299,0.4710063700525634,107.71673557961353,0.5113889814268208,0.5331091887240866,0.5054363933390454,0.009875060376761766,0.025805379777562285,0.07309884849888487,26.231215360261547,10,0.5,0.65,0.5,True,27.028457521498872,26.231215360261547,3,0.5118627594826365,0.53,0.5,19029.308965682983
0,0,279,0.3353602722822655,0.6974231965809906,0.358824935091255,128.71870760942244,0.5302520068496211,0.83871924564578,0.5336832192461493,0.5811413893513286,0.20259728921761058,0.4873080632214841,21.286481176800297,12,0.5,0.85,0.5,True,21.29034856278367,21.286481176800297,-1,0.5302355353605753,0.8388289074132594,0.5336844738173083,19029.308965682983
0,0,280,0.49623696049223526,0.8466369986972865,0.45314170531151315,95.76241255519722,0.5150087963828143,0.5392954751417564,0.5060173706862815,0.0378283710910178,0.36301451983368793,0.11668682170496504,23.551695214795394,10,0.5,0.65,0.5,True,24.55615143901929,23.551695214795394,3,0.5108152331643531,0.538552130022235,0.5,19029.308965682983
0,0,281,0.3270921424662645,0.6494423372347103,0.47520075549144525,153.17996939523243,0.5130751341771647,0.5297845221158091,0.5044480849645699,0.5685951068973845,0.18424701972525792,0.06154731265710544,19.965789363171943,10,0.5,0.65,0.5,True,22.620543051219574,19.965789363171943,2,0.5128347963859623,0.53,0.5,19029.308965682983
0,0,282,0.42888105810559696,0.8112212936309939,0.36586727679087655,144.8802062647363,0.5139928173928076,0.5302009230975937,0.5028519716979619,0.1984507305199168,0.3464164128083526,0.37441089596373894,21.13282726400752,10,0.5,0.65,0.5,True,22.953940003631644,21.13282726400752,2,0.5130431681324785,0.53,0.5,19029.308965682983
0,0,283,0.4888325912515506,0.558315960986898,0.4925155315185643,115.2317465267845,0.5075263809265783,0.5373320361177086,0.5075232186180532,0.03824170075723939,0.037584318442369855,0.030471500164098216,26.27464485555196,10,0.5,0.65,0.5,True,26.969992953832975,26.27464485555196,3,0.5092592085891481,0.53,0.5,19029.308965682983
0,0,284,0.3539516713449036,0.7170117700439468,0.4244257020272726,94.79934972416359,0.5283452744922851,0.7454320639521507,0.5026729184827199,0.49270456185371686,0.03963713720691358,0.18436022154572373,22.54382253686549,12,0.5,0.85,0.5,True,22.59811493100308,22.54382253686549,3,0.5224588656745748,0.7452611115623103,0.5,19029.308965682983
0,0,285,0.3478699878780012,0.6546423601992597,0.34436746400399265,131.4430152719843,0.5255041400586,0.7280831292492415,0.5038778602750232,0.5106337378057906,0.11218456597832731,0.4631982197632387,21.135044636419355,12,0.5,0.85,0.5,True,21.218968377399793,21.135044636419355,3,0.5233192357890877,0.7262452385072609,0.5,19029.308965682983
0,0,286,0.3345581552868218,0.7933625616568424,0.39570449540757696,112.11284356082297,0.5347951455347902,0.7908380742887683,0.5041769281409529,0.5985117597157427,0.0031820097015946938,0.2741248431399522,21.541872419706113,12,0.5,0.85,0.5,True,21.611043868157033,21.541872419706113,4,0.53,0.7920453297007007,0.5,19029.308965682983
0,0,287,0.5211257969098527,0.8822338038437789,0.480078193326275,153.80069060075772,0.5096156189140592,0.5330967431961324,0.506895373239768,0.02208713915919358,0.3957421027470284,0.05586002506734823,24.112276455008285,10,0.5,0.65,0.5,True,24.882598510792963,24.112276455008285,3,0.5090685993395877,0.53,0.5,19029.308965682983
0,0,288,0.3345973398570201,0.6526652902467663,0.32884211514857437,123.43441750914016,0.5203791758415215,0.8861952924993286,0.5533187504890242,0.5552400269048449,0.35780974680646316,0.6826273916862168,22.183586529477402,12,0.5,0.85,0.5,True,22.188224628932264,22.183586529477402,-1,0.5219236429878715,0.8885573065512491,0.5505676449236014,19029.308965682983
0,0,289,0.5135659082676385,0.7191603400060927,0.488845015564598,135.73042667766543,0.5130781137009229,0.5291278965525764,0.5063242837644641,0.000949818823373574,0.2642421069158324,0.03575625738901779,23.705233731413934,10,0.5,0.65,0.5,True,25.518624585299847,23.705233731413934,1,0.5118137216938569,0.53,0.5,19029.308965682983
0,0,290,0.3270599107447085,0.7122444159928645,0.40384680592594235,110.3252008710757,0.5269454163598953,0.8620518336460434,0.532855103222018,0.6111586869820019,0.21033147370393673,0.31944860130881725,21.875935893278694,12,0.5,0.85,0.5,True,21.877202480122197,21.875935893278694,-1,0.5285255168543018,0.864125535900893,0.5303412731874063,19029.308965682983
0,0,291,0.34376576706373696,0.5398595165647874,0.3787655921847317,117.51428761728621,0.5318716613822677,0.8695246545373856,0.5315179119940311,0.5471920486010883,0.6106498595603359,0.40328985251331634,22.30498298859978,12,0.5,0.85,0.5,True,22.305343940503334,22.30498298859978,-1,0.5318779007913484,0.8695919078574864,0.531545038435911,19029.308965682983
0,0,292,0.3214483621547403,0.6170651672190641,0.45762127875969577,132.34971136435425,0.5273842185647487,0.7486424127529251,0.5023400254703655,0.640649885504391,0.21323071293562382,0.09771998983935415,22.571501943540007,12,0.5,0.85,0.5,True,22.689183192828583,22.571501943540007,3,0.5299968443208773,0.7446273701243679,0.5,19029.308965682983
0,0,293,0.5238693918803434,0.8381947170963984,0.42628583926645613,105.40575605944852,0.511564842699522,0.533587954307968,0.5054634677854745,0.02348781847447949,0.3634081157700716,0.185738350247021,22.95143154157876,10,0.5,0.65,0.5,True,23.9159722146118,22.95143154157876,2,0.5112106397752544,0.53,0.5,19029.308965682983
0,0,294,0.4941396891398534,0.6820448740506405,0.30568130298012414,153.2650255456472,0.5097433429337214,0.5334671712927136,0.5061846842598047,0.03157741451820875,0.21784153566836326,0.6559229476089925,23.285955004173918,10,0.5,0.65,0.5,True,24.45611245604002,23.285955004173918,3,0.5087030489933181,0.53,0.5,19029.308965682983
0,0,295,0.515648904858947,0.6467280841445219,0.39868667427167614,110.7983505117164,0.5074891125429047,0.5373241316980714,0.5077767167205253,0.015824318134204735,0.1691653032064747,0.27362349807185216,24.772623380633,10,0.5,0.65,0.5,True,25.923352484549206,24.772623380633,3,0.5065190722781946,0.53,0.5,19029.308965682983
0,0,296,0.4770224611993524,0.8774287198362093,0.4217406829944983,132.1058888135201,0.5145194169366895,0.5311720211074367,0.5039171007459627,0.07860626865045403,0.39462658436050374,0.1948505825143183,22.306399920926797,10,0.5,0.65,0.5,True,24.333649239348837,22.306399920926797,2,0.513719963574484,0.53,0.5,19029.308965682983
0,0,297,0.3653338088795916,0.6276733542061759,0.3762788709250004,129.30365793626504,0.5219149004185698,0.7150277338779757,0.5062712965054902,0.42859732040454246,0.13917171899431305,0.3454683098759478,23.684732857021878,12,0.5,0.85,0.5,True,23.69460223013315,23.684732857021878,2,0.5240999223626038,0.7080377360006184,0.5,19029.308965682983
0,0,298,0.47106102108174175,0.549225426720238,0.4122926839855594,154.13241696800122,0.5144822717132643,0.530920522264025,0.5022755146960768,0.09217754959179232,0.033328581609054116,0.21824988462242284,23.962285370011973,10,0.5,0.65,0.5,True,26.18867088472885,23.962285370011973,3,0.5149056321041879,0.53,0.5,19029.308965682983
0,0,299,0.36267157046870063,0.6807374044081026,0.30864752768790327,143.3061500965042,0.5227856134296646,0.8751059615764398,0.5319967249252805,0.4414849577374914,0.2855264833542379,0.7236383810053467,22.014488671698423,12,0.5,0.85,0.5,True,22.015775513967185,22.014488671698423,-1,0.5230020839471815,0.8755186344625138,0.5316124349448109,19029.308965682983
