repeat_idx,seed,signal_idx,true_gamma,true_kappa,true_zeta,known_Qr,estimated_gamma,estimated_kappa,estimated_zeta,relerr_gamma,relerr_kappa,relerr_zeta,signal_loss,multistart_index,multistart_init_gamma,multistart_init_kappa,multistart_init_zeta,hard_refined,loss_before_hard_refinement,loss_after_hard_refinement,hard_multistart_index,hard_multistart_init_gamma,hard_multistart_init_kappa,hard_multistart_init_zeta,elapsed_seconds_repeat
0,0,0,0.45089891602482685,0.628274283386174,0.3081947047872389,94.78297722053307,0.4584995767471365,0.616035652406417,0.3242879164485555,0.016856684396844148,0.019479757970985414,0.052217677368683026,5.50163301290931,11,0.5,0.75,0.3,True,5.729655123153577,5.50163301290931,3,0.46484064225856153,0.6056097639114314,0.3346262771790971,18896.3506231308
0,0,1,0.4881000204712574,0.8565282299335912,0.42132715515343605,139.34353506149992,0.4909640714560617,0.8811419308639508,0.42980906181749234,0.005867754281262021,0.028736590424191726,0.020131402783586095,4.728878819489577,12,0.5,0.85,0.5,True,4.729016897205318,4.728878819489577,-1,0.49106068321154184,0.8811444218342169,0.4297979019640864,18896.3506231308
0,0,2,0.43120487319920425,0.8644507104446577,0.4631707108243065,93.92115626063426,0.4343407756130915,0.8832304330983464,0.4634467580852422,0.007272418770737151,0.021724457423406722,0.0005959946397397122,4.732587854851116,7,0.4,0.8,0.5,True,4.756458420130542,4.732587854851116,5,0.43530982401023366,0.8927366940396619,0.4576762001514477,18896.3506231308
0,0,3,0.4974123023599772,0.5444228792334398,0.4459310892859888,104.72847628765994,0.5070571391157347,0.5505917902676679,0.43710587738052964,0.019390024553066914,0.011331101740092355,0.01979052844149039,7.488180049089526,9,0.5,0.55,0.4,True,7.488836356083048,7.488180049089526,0,0.5072764185922563,0.5505375284323691,0.4369378374935365,18896.3506231308
0,0,4,0.49863075261582607,0.7247187331884276,0.359942378107477,120.16795132485365,0.4966879906338624,0.7220156207630763,0.36389771613184346,0.0038961936699088997,0.0037298779534217586,0.010988808945373584,5.247566306753292,11,0.5,0.75,0.3,True,5.247617551490009,5.247566306753292,0,0.49648781361006133,0.7217167471507984,0.3641727751542875,18896.3506231308
0,0,5,0.3224754506116927,0.5766205631573451,0.4341248829387261,134.19934447339062,0.3214708926142249,0.5655262219525622,0.4458607012804643,0.003115145650815528,0.01924028020096043,0.02703327729637335,4.6226610272746615,1,0.3,0.65,0.4,True,4.7500679028778485,4.6226610272746615,4,0.32586556218977647,0.55606678604577,0.4520305536744611,18896.3506231308
0,0,6,0.44634625852254456,0.6687055317629687,0.49944198715784227,155.05220867351437,0.44665980650526765,0.667482816143383,0.5001582216660913,0.0007024770046487523,0.0018284813890534007,0.0014340694748650035,5.387523571477827,10,0.5,0.65,0.5,True,5.3876329945761725,5.387523571477827,0,0.4463161661205682,0.6666285993929795,0.5,18896.3506231308
0,0,7,0.4611493587254266,0.7634130430750747,0.437689346114188,118.05758899869397,0.47186647742545573,0.7712939586666668,0.4370643739969866,0.023240016487608747,0.010323265580906614,0.0014278897184725368,5.39794052570829,12,0.5,0.85,0.5,True,5.628337961808974,5.39794052570829,3,0.48210533855447696,0.7635077384736182,0.4474270741979866,18896.3506231308
0,0,8,0.3450053625597288,0.788628360768899,0.4050708644951452,113.14011722243472,0.3428044208237223,0.7707167421426506,0.423771841686379,0.006379442103962814,0.022712369371023926,0.04616717426601771,4.176429828711533,7,0.4,0.8,0.5,True,4.29499551222282,4.176429828711533,4,0.34780576595468027,0.7675640856403574,0.4247487201510234,18896.3506231308
0,0,9,0.41901126071350747,0.8482681811938951,0.48680870319124997,116.1121997943169,0.4192913484985198,0.8476375464488873,0.48786786125394777,0.0006684493026162919,0.0007434379350646037,0.002175717187787602,4.859752243282312,7,0.4,0.8,0.5,True,4.85979326641284,4.859752243282312,-1,0.4192829169337614,0.8478704145422302,0.4879169669698338,18896.3506231308
0,0,10,0.4244943628117542,0.869914612195707,0.3288319225439268,153.04059044607774,0.4253775236597577,0.87147290929744,0.3283849435565379,0.002080500768381559,0.0017913219066407388,0.0013592931730317948,4.204574183542464,8,0.4,0.9,0.3,True,4.205416078979715,4.204574183542464,0,0.4254999986978287,0.8715616140944262,0.3283560415959927,18896.3506231308
0,0,11,0.3822964363742124,0.6827808893852644,0.46554051876408836,119.32494602307258,0.3832602807527031,0.685315875226635,0.4648893302968635,0.0025211963460397306,0.003712736956731354,0.0013987793564212345,4.659113829959381,6,0.4,0.7,0.4,True,4.659184599874559,4.659113829959381,-1,0.383282564865363,0.6853188595365499,0.464925388138572,18896.3506231308
0,0,12,0.43246426809901556,0.5422834852012892,0.4507026217349614,127.3839570762049,0.42289989050073773,0.5280345323614488,0.4721772985439711,0.022115995016929357,0.026275837691334743,0.04764710869962066,6.4010728432492465,4,0.4,0.55,0.5,True,6.474794011535541,6.4010728432492465,1,0.4248778321418333,0.53,0.4819724698617844,18896.3506231308
0,0,13,0.3860733921813085,0.8123921897170834,0.36063896585832905,122.09361809254071,0.37535774128728033,0.7581730524630688,0.39214186636652343,0.027755476318854545,0.06674010156707255,0.08735301365235658,4.607287414140918,8,0.4,0.9,0.3,True,4.66775343904676,4.607287414140918,9,0.3653907034001893,0.7508101501588375,0.3974108780742367,18896.3506231308
0,0,14,0.34478279811915175,0.6756051101887308,0.34069104813522993,110.1445837776156,0.34234179914466173,0.6564297786107041,0.3701038379787025,0.00707981659121649,0.028382454911671864,0.08633273461238053,4.3808612100100754,6,0.4,0.7,0.4,True,4.47785615107175,4.3808612100100754,4,0.34541212594720383,0.6467080270382081,0.37789982561595425,18896.3506231308
0,0,15,0.474826945924941,0.6320451090850442,0.3970381948863271,155.0460749875774,0.4863860822100077,0.6570690489903135,0.38682426725842856,0.024343892831418818,0.03959201573681069,0.025725302400245884,5.610094866339865,9,0.5,0.55,0.4,True,5.634461533646011,5.610094866339865,5,0.4830531570856484,0.6669831824580204,0.3845224088387172,18896.3506231308
0,0,16,0.5194096678630591,0.7898004289746045,0.4082453711094869,111.05570025283568,0.5010485037435791,0.7676048486412168,0.45108400221075606,0.03535006230249999,0.02810277067360434,0.10493353784966818,5.5887812510888555,12,0.5,0.85,0.5,True,5.770428214451547,5.5887812510888555,3,0.5106982048899483,0.7579738467241671,0.46146115535024423,18896.3506231308
0,0,17,0.35039757385155174,0.876823521691727,0.40321371710957576,100.99160077942315,0.3516116402017689,0.879438146526012,0.40222885337476166,0.0034648252180293176,0.0029819282553466254,0.002442535293377577,3.956038257955555,7,0.4,0.8,0.5,True,3.9561464601785805,3.956038257955555,-1,0.3515729550461586,0.8795310272174949,0.4020616052630658,18896.3506231308
0,0,18,0.4480563384184125,0.8082225055915158,0.42260066021060805,151.0811065494314,0.4444791196209787,0.8213097756499881,0.444175243992342,0.007983859373714043,0.016192657304060235,0.05105194055064179,5.014720776114643,7,0.4,0.8,0.5,True,5.014722023104979,5.014720776114643,-1,0.44448625060975644,0.8212420912745882,0.44422699887946043,18896.3506231308
0,0,19,0.3248540969761468,0.7201491884573076,0.39186717657708076,97.64684869686722,0.32528692728272635,0.7186931936200156,0.393710824632852,0.001332383708897217,0.0020217961231213544,0.004704777960418444,3.7992354038244898,1,0.3,0.65,0.4,True,3.8081786171788665,3.7992354038244898,0,0.3249127239263954,0.7183158556510977,0.39383673909573436,18896.3506231308
0,0,20,0.37170016032660574,0.6384643559120138,0.46284514811885613,99.49474638344356,0.3764416644406069,0.6523372677614274,0.45128040996710495,0.012756260610258767,0.02172856122813135,0.024986192895731563,4.76279979938627,6,0.4,0.7,0.4,True,4.768744919143388,4.76279979938627,0,0.3772353053774764,0.654903630190558,0.44953157122093945,18896.3506231308
0,0,21,0.44312121097875296,0.791138987018187,0.3375802146733207,97.19666420831678,0.4525657531448237,0.7994180922335891,0.32169459056531297,0.021313676556375952,0.010464792345282019,0.047057331613407534,4.933909582711592,11,0.5,0.75,0.3,True,4.934033335587836,4.933909582711592,0,0.45260009285499286,0.7993925088098358,0.3218427562283768,18896.3506231308
0,0,22,0.374518536628174,0.7658887202808353,0.4124531325560856,103.1288914565835,0.3786952896283303,0.7656710899743945,0.41972966138408324,0.011152326498335707,0.00028415395171382194,0.017642074344066602,4.725520343988455,7,0.4,0.8,0.5,True,4.899687095502692,4.725520343988455,4,0.3891556722352511,0.7721385886082685,0.4294367704638029,18896.3506231308
0,0,23,0.40778509685981007,0.7701005409939545,0.3845569346540256,133.32402495463228,0.4079718757358906,0.7535114011028277,0.38128771098655956,0.0004580326194332491,0.021541524785472263,0.00850127347308725,4.253141347259422,6,0.4,0.7,0.4,True,4.253200248853016,4.253141347259422,0,0.40799146225761795,0.7536525890677449,0.38114520961187104,18896.3506231308
0,0,24,0.5206289859761658,0.774988011919917,0.37832496661600523,105.45328560750613,0.5042935176848696,0.7664417128192357,0.4557977556425774,0.03137640955711983,0.01102765329170589,0.2047784203076558,5.311105399147367,12,0.5,0.85,0.5,True,5.419920501687997,5.311105399147367,3,0.5062746238305076,0.7573496897642198,0.46622978154287226,18896.3506231308
0,0,25,0.3894977004356357,0.7139284206171999,0.47824188190011585,142.22274640454307,0.3874369457876776,0.7034218095613805,0.4899302686030866,0.005290800550691859,0.014716616893800516,0.024440324332388633,4.36211392678036,7,0.4,0.8,0.5,True,4.59984314613837,4.36211392678036,4,0.3973137115176889,0.7129529991674463,0.5,18896.3506231308
0,0,26,0.383628932729844,0.8605969982599225,0.3941819770831515,137.10992763763937,0.3844396897187279,0.862515202131317,0.3934950273419823,0.0021133885369767767,0.002228922335626335,0.0017427223493384615,4.211109394863242,7,0.4,0.8,0.5,True,4.211198347536874,4.211109394863242,-1,0.38465674687800916,0.8623776064002971,0.3936396010848173,18896.3506231308
0,0,27,0.33912074208370707,0.5696129632436941,0.3403814895058901,149.02810460551837,0.3375058771521164,0.5763705855336957,0.3621294176112705,0.004761917309062979,0.01186353318140772,0.06389280491412876,4.519684534407878,5,0.4,0.65,0.3,True,4.519693185273387,4.519684534407878,-1,0.33751658747932667,0.5763718461759101,0.3621470218377496,18896.3506231308
0,0,28,0.45994021837324717,0.8339788948831243,0.42888725384110354,119.15889985472103,0.46518314519951814,0.8238554864584722,0.43782029327829214,0.011399148447627768,0.012138686586392345,0.020828409697850696,5.052207567724124,12,0.5,0.85,0.5,True,5.143516844539669,5.052207567724124,4,0.46509070638231514,0.816111158341205,0.44400785425173095,18896.3506231308
0,0,29,0.4254979989603743,0.7431724488033467,0.4724235969815256,121.13663538494532,0.4205739530744816,0.7296961860253751,0.48596012686887485,0.01157243018280634,0.018133426231920952,0.028653373738819873,4.860528493242615,7,0.4,0.8,0.5,True,4.951053674401015,4.860528493242615,4,0.4294387391266142,0.728519237938772,0.494558840922819,18896.3506231308
0,0,30,0.33457197426730473,0.6165677298416153,0.46025489304127937,130.135127254023,0.3500085351440946,0.6506006285020743,0.43624127174381705,0.0461382365052994,0.05519734007033,0.05217461380754638,4.923214964807919,6,0.4,0.7,0.4,True,4.923218184905978,4.923214964807919,-1,0.3499706478904934,0.650632516594948,0.4361963328294399,18896.3506231308
0,0,31,0.33636114351272417,0.6862600637839481,0.3958102596281668,103.73368216481741,0.3329468736784822,0.669464082699826,0.4139461656657063,0.010150607167598776,0.024474659054923315,0.04581969667632363,4.2907123994401655,1,0.3,0.65,0.4,False,4.2907123994401655,4.2907123994401655,-1,nan,nan,nan,18896.3506231308
0,0,32,0.4714957789473443,0.5728535670720982,0.3782456380991324,126.04626141383524,0.4746082164578829,0.5726992512658751,0.37620018406829114,0.006601199097661966,0.0002693808943389854,0.005407739904472325,5.84982065926156,9,0.5,0.55,0.4,True,5.849922617124488,5.84982065926156,-1,0.47461801596646336,0.572702761167251,0.37617501606242154,18896.3506231308
0,0,33,0.4073625123073915,0.7408134928605399,0.4475675574584321,153.51670342725615,0.4128078071081146,0.7507402027614575,0.44477242143249945,0.013367196627592785,0.013399742305701127,0.0062451712134926575,5.164427823895766,7,0.4,0.8,0.5,True,5.316641789260535,5.164427823895766,4,0.4228689238183454,0.7590786439609989,0.45453574968854493,18896.3506231308
0,0,34,0.37646644555099495,0.7627342585133379,0.4392431993340311,112.04504681328045,0.384574230894255,0.7698352811031778,0.43464721626166236,0.021536541806251922,0.009309956266656582,0.010463413160037663,4.275999366926509,7,0.4,0.8,0.5,True,4.414891792256709,4.275999366926509,4,0.394762290136709,0.767624172550537,0.4372306605463833,18896.3506231308
0,0,35,0.31681440762036445,0.8780783975420764,0.35968024460337517,113.37412512714604,0.3170576923208406,0.8773883917517424,0.36066691515084726,0.0007679092068554453,0.0007858134219739693,0.0027431880462606643,4.117729920603516,3,0.3,0.9,0.4,True,4.117755991260365,4.117729920603516,-1,0.31707561329196016,0.8774295912110909,0.3606720266949601,18896.3506231308
0,0,36,0.5046510358639281,0.7402328436612724,0.3942619330363663,142.079813103051,0.48512681317556616,0.7384568534647697,0.46712617837582837,0.03868856160165771,0.0023992318251084502,0.1848117691157902,5.7399901341260655,12,0.5,0.85,0.5,True,5.888610467691742,5.7399901341260655,3,0.49518008029384597,0.7475739326713415,0.4773716869773343,18896.3506231308
0,0,37,0.3229030076167814,0.7834726089577462,0.37484876669569417,99.42829459401611,0.3250286357938825,0.747903862516715,0.42885861278542275,0.006582868932654166,0.04539883849717255,0.1440843638511269,3.9030213211895033,2,0.3,0.75,0.5,True,3.9779761324184344,3.9030213211895033,4,0.32512901293386703,0.7493874824800513,0.4387082426230407,18896.3506231308
0,0,38,0.4558655142272858,0.8631696684331808,0.3414382336162003,133.13063748658394,0.47157957396507294,0.8898567685581281,0.3197228025141384,0.03447082362530375,0.030917560128577708,0.06359988122030728,4.883813538019223,11,0.5,0.75,0.3,True,5.121284170335172,4.883813538019223,7,0.4683471919618984,0.9,0.3100409439054816,18896.3506231308
0,0,39,0.3794124121287166,0.7958236214246122,0.4444329616284235,107.41971403555029,0.3870020555306384,0.8100520827393091,0.4460146464983968,0.020003677157896846,0.017878913030033448,0.0035588829059346075,4.560685159045232,7,0.4,0.8,0.5,True,4.560808176686421,4.560685159045232,-1,0.38680844683298826,0.8101030958477436,0.44608530765433135,18896.3506231308
0,0,40,0.5154848382757695,0.7140212812490982,0.4952487411415408,98.80225149347513,0.5083929133643327,0.6945131301304753,0.4996776661137375,0.013757775951584568,0.027321526165852716,0.008942829338622957,6.0679576190725095,10,0.5,0.65,0.5,True,6.0679968064160565,6.0679576190725095,-1,0.5083976503983004,0.6945238766255233,0.49962535817661424,18896.3506231308
0,0,41,0.4446520805509512,0.6661527374539318,0.46038024139716144,104.65798850900178,0.4426305667485518,0.661772156848427,0.4685061733143808,0.004546282117683155,0.006575940259958275,0.01765047929198442,5.743897545241687,4,0.4,0.55,0.5,True,5.980928295257254,5.743897545241687,5,0.4386225723951558,0.6558563679137984,0.4640183983757867,18896.3506231308
0,0,42,0.5004150428535955,0.7255991972710418,0.4804430159431977,123.57209523995039,0.5000035190410438,0.7128556921106575,0.4781113645615057,0.0008223649916777487,0.017562733266950025,0.004853127851415516,5.677959678292238,10,0.5,0.65,0.5,True,5.6780557316138,5.677959678292238,-1,0.4999782033975829,0.7128570186516036,0.47808435444488123,18896.3506231308
0,0,43,0.40733471460090614,0.812576084728237,0.4968305999862243,116.85786204077681,0.40826596612301885,0.8140940435654758,0.49653313325145787,0.0022862071135408123,0.0018680820981169972,0.0005987286909757295,5.157912428444586,7,0.4,0.8,0.5,True,5.157914582632399,5.157912428444586,-1,0.4082955299154516,0.8141219280791288,0.4965018682159868,18896.3506231308
0,0,44,0.5209448354257254,0.8623043676567238,0.33553851715239624,131.80322605278423,0.5401838209947226,0.895288879658326,0.3072746822814051,0.03693094596719579,0.038251588695110375,0.08423424860685717,5.214494399898971,11,0.5,0.75,0.3,True,5.331760136433848,5.214494399898971,7,0.53,0.9,0.30397628103406066,18896.3506231308
0,0,45,0.4652264613141607,0.8671953060908543,0.4331314833931507,102.08723471573082,0.4637927612879275,0.8700602278347058,0.4390184454390562,0.003081725020935573,0.003303663804138954,0.01359162811206208,5.2900946064999825,12,0.5,0.85,0.5,True,5.290426995872055,5.2900946064999825,-1,0.46383321867499333,0.8700665051405532,0.43905229542298774,18896.3506231308
0,0,46,0.421550063343714,0.7077350410544208,0.4000452378697492,153.66139288182796,0.41847801871094537,0.6940515344160048,0.40850850921173515,0.00728749655118376,0.019334222335564442,0.02115578574826453,4.937121247845124,6,0.4,0.7,0.4,True,4.937193034277457,4.937121247845124,-1,0.4184376224927009,0.6940547247812923,0.40847749357538615,18896.3506231308
0,0,47,0.39033679136249577,0.6119387571062667,0.4044174004422896,133.82318274781426,0.3947208111589092,0.617734153793126,0.4054534072322238,0.011231377347522758,0.0094705501482936,0.0025617265449043056,5.383353314107279,6,0.4,0.7,0.4,True,5.506153521844394,5.383353314107279,4,0.4026185214775101,0.6280078458516928,0.4156727512121095,18896.3506231308
0,0,48,0.5146515882724658,0.7391156092297012,0.3535666780583177,151.86091845675418,0.5121025941739873,0.7364811674355578,0.357214788919172,0.0049528538462977525,0.003564316273727453,0.010318027934330934,5.264413824601078,11,0.5,0.75,0.3,True,5.264416912233216,5.264413824601078,-1,0.5121234643830465,0.7365055098315656,0.35719819604691727,18896.3506231308
0,0,49,0.4202540350532325,0.7724093070514017,0.3952077820950804,107.3112516513747,0.4210295330651482,0.7669134233911654,0.3927966806176195,0.0018453077120781146,0.00711524784860017,0.006100845141963334,4.798762438635725,6,0.4,0.7,0.4,True,4.914581544224031,4.798762438635725,0,0.4255965617621116,0.7571081046787521,0.383020429564564,18896.3506231308
0,0,50,0.4863556169102752,0.8193189803564552,0.4030651122084284,111.61258625550884,0.4904369197970058,0.8261771695216146,0.40822069319468773,0.008391602244995923,0.008370597202783709,0.012790938312699587,5.266300560648906,12,0.5,0.85,0.5,True,5.477895717011016,5.266300560648906,4,0.49665439626199454,0.8366276840833349,0.41854370540470653,18896.3506231308
0,0,51,0.3278793782025295,0.668595952678859,0.38169464108399975,96.57969961890282,0.3279289784488744,0.6669078210828453,0.3921850858068912,0.00015127589486365809,0.0025248905400187347,0.027483866928545164,4.436621757178411,1,0.3,0.65,0.4,True,4.436897252276304,4.436621757178411,-1,0.3278940435514916,0.6665902404712762,0.3920080229276348,18896.3506231308
0,0,52,0.3267878769634324,0.8872075208481004,0.4304738223175976,108.406887604364,0.3240474447363464,0.8675916028692061,0.4445503106144562,0.008385966617092977,0.02210972914222257,0.032699986775207794,3.733308664361451,3,0.3,0.9,0.4,True,3.7334714935622495,3.733308664361451,0,0.32419804513459766,0.8678121673233538,0.4443447993737506,18896.3506231308
0,0,53,0.408273933519505,0.8783360986070355,0.47953552162170976,146.5144398505463,0.4156258301354348,0.8895674364426007,0.464666685811842,0.018007264271204325,0.012787061642322458,0.031006745359726036,5.336165500165626,7,0.4,0.8,0.5,True,5.526913130565305,5.336165500165626,5,0.414389782250555,0.8918279717775592,0.45784005560208235,18896.3506231308
0,0,54,0.3992973841746382,0.7075231716497686,0.43533787036621324,97.5501695598785,0.3984549919385243,0.7054934668746649,0.4390315234444633,0.002109686337803554,0.0028687467159146346,0.00848456642456324,4.129471632539735,6,0.4,0.7,0.4,True,4.12947699248582,4.129471632539735,-1,0.39844431461421265,0.7055114883026435,0.43901284502214893,18896.3506231308
0,0,55,0.4337307806702726,0.6288653196081859,0.4759302346669845,97.76340233201195,0.427510896186458,0.6262408379005246,0.4985266462733468,0.014340426737070892,0.004173360536555675,0.047478411667149875,5.683290369170136,4,0.4,0.55,0.5,True,5.734634769276245,5.683290369170136,5,0.42495635376559404,0.6336816367593215,0.4909324546934329,18896.3506231308
0,0,56,0.45980730346750803,0.8413814183262636,0.3454637050321816,149.71551496338287,0.4435303635143688,0.8162249048738517,0.374183761372905,0.035399481109567504,0.029899059932242174,0.08313480091359518,4.957095386261244,6,0.4,0.7,0.4,True,5.028143175659818,4.957095386261244,5,0.4428221226729383,0.8264252064874936,0.3740163369898363,18896.3506231308
0,0,57,0.5005332437531347,0.5390736122729248,0.44149911346743553,93.82498022417678,0.5022401231016638,0.5401954686158649,0.4408659664865212,0.003410121844715932,0.0020810819105203447,0.001434084376617946,6.861156606678213,9,0.5,0.55,0.4,True,6.861156883663838,6.861156606678213,-1,0.5022290307159472,0.5401712270116987,0.4408915794198891,18896.3506231308
0,0,58,0.4227097967318232,0.6875168035223567,0.340650567222913,114.05891528597537,0.4617529010218506,0.7250416567926434,0.29625943449397146,0.09236385007371212,0.05458027073379964,0.13031281025254568,4.977629823516173,11,0.5,0.75,0.3,True,4.979285438388203,4.977629823516173,-1,0.4615451876150791,0.7249657206923803,0.2960946685204665,18896.3506231308
0,0,59,0.48661143484670616,0.644840491028594,0.32980771670671116,137.40699939489443,0.4874251611578245,0.6546414107038406,0.3413979771615787,0.001672230146779659,0.015198983022317772,0.035142478079657695,5.78753667786927,11,0.5,0.75,0.3,True,5.950033023243879,5.78753667786927,4,0.4874176610644247,0.6457993872853338,0.35178730522288415,18896.3506231308
0,0,60,0.43005267816058,0.6543611587837351,0.3738134479590757,117.15604784924265,0.48086794552068474,0.7197898793204377,0.32572545954288457,0.11816056483464218,0.09998869837921814,0.1286416758913812,5.17447375809867,11,0.5,0.75,0.3,True,5.174624918318029,5.17447375809867,-1,0.48095590561202617,0.7196666003376282,0.32576682922683725,18896.3506231308
0,0,61,0.5248508929293444,0.7571284767755369,0.43486478610089874,114.37271596159115,0.49500451479774016,0.7128240172362086,0.47327668076453433,0.05686639488221689,0.05851643531889377,0.08833066252166746,6.338542756126779,10,0.5,0.65,0.5,True,6.338616975648158,6.338542756126779,-1,0.4949805344860367,0.7128608132385063,0.47341973694355155,18896.3506231308
0,0,62,0.4599626265056087,0.5761551930849524,0.31034584639675505,146.8869591755492,0.39775150395554604,0.5207346857935045,0.46045193803215945,0.13525255958878232,0.09619024172064763,0.48367359633840384,5.560912816568306,4,0.4,0.55,0.5,True,5.646106838540893,5.560912816568306,1,0.40095202582294837,0.53,0.47064638546229975,18896.3506231308
0,0,63,0.3183770149679767,0.8799624845757804,0.4654006051638107,142.8256849578982,0.31744817913437723,0.8687028252232576,0.47365431721451945,0.0029174085751539226,0.012795612937920838,0.0177346397042256,3.671603719086682,2,0.3,0.75,0.5,True,3.6772725447867978,3.671603719086682,0,0.3164004284127035,0.8590800457146502,0.48138578153807354,18896.3506231308
0,0,64,0.32664561575753726,0.6061409395034759,0.4699731262190424,120.78092572843943,0.3487177391788458,0.655627236291517,0.43344659832217636,0.06757207920920713,0.08164156809566116,0.07772046072234773,4.294808443258878,6,0.4,0.7,0.4,True,4.2948639454623185,4.294808443258878,-1,0.34868165390430517,0.6556058610621501,0.4333920876710422,18896.3506231308
0,0,65,0.4488957340113485,0.5759102515778921,0.3372672637355659,124.8292445463421,0.4789840228789222,0.6127755236392313,0.32306212036786475,0.06702734418681965,0.06401218238490258,0.04211835803559846,5.645673280758892,11,0.5,0.75,0.3,True,5.900774059451907,5.645673280758892,3,0.48803910126107186,0.6108472800728443,0.3331240055301195,18896.3506231308
0,0,66,0.47674744770951266,0.7241493075422748,0.3213760157138085,147.88662990717975,0.4818951292892214,0.7357369093599623,0.3217222625549573,0.010797502124951654,0.016001674926701504,0.0010773885548979352,4.916328162126921,11,0.5,0.75,0.3,True,4.916412916838649,4.916328162126921,-1,0.48183771497523326,0.7356847876515668,0.32150122509259504,18896.3506231308
0,0,67,0.34596802992014547,0.6885785039168628,0.41736989468889285,113.69684389977556,0.3459618704495567,0.6857250398807389,0.41774622966918096,1.7803583152516814e-05,0.00414399232606379,0.0009016821411343681,4.630730919551913,6,0.4,0.7,0.4,True,4.630766559947759,4.630730919551913,-1,0.3459590822569975,0.6857470002197095,0.41775803414565105,18896.3506231308
0,0,68,0.4047094290015008,0.8473723942434507,0.39082714031722543,127.4529445315753,0.4048934756736607,0.8531040501883989,0.4003400321793005,0.0004547625011207586,0.006764034306387221,0.02434040751201068,4.525556568394707,7,0.4,0.8,0.5,True,4.52566059132383,4.525556568394707,-1,0.40488484010729353,0.8529352824608998,0.40015411759015795,18896.3506231308
0,0,69,0.5212732111017111,0.6304740134339264,0.4789580375775569,116.3659700892978,0.5155155863660975,0.6388310420889453,0.4993299034775869,0.011045311005806044,0.013255151642970414,0.0425337175738098,6.462619867026415,10,0.5,0.65,0.5,True,6.744877732915619,6.462619867026415,0,0.5131434977339308,0.6370878805811541,0.5,18896.3506231308
0,0,70,0.44839514345358467,0.8510108993441993,0.45513713804903877,107.82544937441199,0.44895791309998956,0.8407104649156054,0.4568258984425267,0.0012550752491884366,0.012103763226218969,0.003710442968303687,5.4442223985495986,7,0.4,0.8,0.5,True,5.444274143656541,5.4442223985495986,0,0.44901245369493675,0.8406853557451065,0.4568718111087578,18896.3506231308
0,0,71,0.37983508611626854,0.842611473115673,0.30105306091311496,145.0767761489229,0.41041923991036794,0.8939180029830912,0.2927240511377664,0.08051955944042913,0.06088990181643886,0.027666251756703928,4.335550330774794,8,0.4,0.9,0.3,True,4.33555688973608,4.335550330774794,-1,0.4103343631950207,0.8939586853900825,0.2926984087518645,18896.3506231308
0,0,72,0.48468164946668174,0.6986169082595208,0.36060648536386275,111.15160075629834,0.48301336567317565,0.6944980554307463,0.36377597490995467,0.003442019716120424,0.00589572450949683,0.008789330405119613,5.417299777326548,11,0.5,0.75,0.3,True,5.417800760179535,5.417299777326548,-1,0.4829555130574463,0.6944233379330593,0.36379682738622887,18896.3506231308
0,0,73,0.3702774829950203,0.6905020885883395,0.4009096517915907,128.34358450465578,0.3714161820835934,0.6910058277659863,0.4000265856081686,0.0030752588014876076,0.0007295259289897763,0.0022026563328566427,4.563879867447229,6,0.4,0.7,0.4,True,4.563949391088979,4.563879867447229,0,0.37143960450442903,0.6912924831944456,0.39993159237035497,18896.3506231308
0,0,74,0.5265505598046568,0.8138949813208822,0.4244358458882325,155.5600092301178,0.520664388742448,0.8133584198452628,0.4374107017584942,0.011178738589495526,0.0006592514856752527,0.03056965144663676,5.490710271019527,12,0.5,0.85,0.5,True,5.63393153875408,5.490710271019527,4,0.53,0.8234015802339026,0.4476179610706204,18896.3506231308
0,0,75,0.36193013532771134,0.5893752720195348,0.42250792085460614,96.49637549758647,0.3621319840017066,0.5731537113666083,0.4499314752317341,0.000557700656267509,0.027523313961480212,0.06490660416888368,4.705335162192585,6,0.4,0.7,0.4,True,4.8277959557460495,4.705335162192585,4,0.37084495909659265,0.5685485193339016,0.46038852179499534,18896.3506231308
0,0,76,0.3240285388212288,0.7152855311963364,0.39324120506505783,151.07298582455326,0.32594424541155864,0.7171481810743093,0.39885555238108944,0.005912153902551098,0.0026040648059210327,0.014277108410098509,4.287057605232221,1,0.3,0.65,0.4,True,4.288091678072073,4.287057605232221,-1,0.3260683570300922,0.7171511998860087,0.39889586747678296,18896.3506231308
0,0,77,0.4492667396976032,0.7150117645428274,0.3993746870787009,109.21968262670816,0.4915688331098637,0.7709591781246308,0.3567662974671375,0.09415807954253098,0.07824684341743053,0.10668775711157417,4.633273057903037,11,0.5,0.75,0.3,True,4.633378939222045,4.633273057903037,0,0.49189785224308846,0.7708991518035826,0.3567658931420746,18896.3506231308
0,0,78,0.31898853938946875,0.6008027611147853,0.4384064241763678,106.28792024918721,0.3212514154789371,0.6108443083484145,0.4418352753855664,0.007093910313515966,0.016713550408785152,0.007821170083536812,3.9251468417650415,1,0.3,0.65,0.4,False,3.9251468417650415,3.9251468417650415,-1,nan,nan,nan,18896.3506231308
0,0,79,0.3944721615370656,0.5338256559284869,0.46600954596034916,103.40381756633998,0.39322431617492404,0.5306651704509436,0.47219478629066636,0.003163329339336189,0.005920445078732985,0.013272776027732865,5.7765215882037335,4,0.4,0.55,0.5,True,5.819080213282586,5.7765215882037335,1,0.3980508076628717,0.53,0.47070730565240765,18896.3506231308
0,0,80,0.3854911503637733,0.8829832793849635,0.3637421676971034,143.0343084887518,0.36836542818661555,0.7885369196365946,0.39972518301684756,0.04442572069682236,0.10696279527983239,0.0989245089387274,4.520692341823343,8,0.4,0.9,0.3,True,4.609569357380407,4.520692341823343,9,0.3582360447865809,0.7781038062431026,0.38949312257408225,18896.3506231308
0,0,81,0.5000481639679015,0.6713351063214138,0.3875763746245598,117.04680644308458,0.4809055727079611,0.7904047583247703,0.4944587562414519,0.038281494942493624,0.17736246902951291,0.2757711476103973,6.3109023285699175,12,0.5,0.85,0.5,True,6.320710132347426,6.3109023285699175,4,0.48630203428136937,0.782704444376369,0.5,18896.3506231308
0,0,82,0.33906720885575536,0.7025327362277645,0.3482704290169365,109.82157803444562,0.34289592365378563,0.7129106966832608,0.3625967485520307,0.011291905256633237,0.014772209066328465,0.041135618592520615,4.208752687584825,6,0.4,0.7,0.4,True,4.208755915719365,4.208752687584825,-1,0.34292798010817477,0.7128563251142248,0.36260449334303846,18896.3506231308
0,0,83,0.3554783584920615,0.6013219148610303,0.46276553403100423,120.18651175901415,0.35893130114351324,0.6097287264537326,0.4521044323935332,0.009713510172881175,0.013980550824669617,0.023037803927629486,4.733905264739414,6,0.4,0.7,0.4,False,4.733905264739414,4.733905264739414,-1,nan,nan,nan,18896.3506231308
0,0,84,0.3704992265883857,0.7422705123767211,0.4208544592116912,134.17862669126174,0.3790987574808332,0.7682474784674661,0.4023049360262023,0.023210658148016504,0.03499662947348902,0.0440758622832089,4.248149918928496,6,0.4,0.7,0.4,True,4.420294429838234,4.248149918928496,5,0.37695677115624227,0.7780703766921941,0.39366070363027217,18896.3506231308
0,0,85,0.5087961962746386,0.5858231697464987,0.37427742568847927,111.53878984442578,0.4913973101412375,0.5671089497859988,0.3961982331258078,0.034196179650701396,0.03194516865660686,0.05856833977364641,5.979874333955903,9,0.5,0.55,0.4,True,5.979890756079432,5.979874333955903,0,0.49128146678316864,0.5668436731069141,0.3959883401620122,18896.3506231308
0,0,86,0.32004101304045907,0.596951647763769,0.3789337162597206,118.33191938039526,0.3181302065410365,0.5872059799351868,0.4043436778803579,0.0059705050964233295,0.016325723976289046,0.06705648120058377,3.906105787447644,1,0.3,0.65,0.4,True,4.0405151185561845,3.906105787447644,4,0.3235417125868248,0.5891349727879358,0.41267242343849286,18896.3506231308
0,0,87,0.4466295962698772,0.693054617733637,0.42146613351429496,107.6912490883358,0.4349352188847475,0.6612223358636663,0.4445606450928691,0.026183614974909373,0.04593040873757634,0.05479565199226337,5.444625939902899,4,0.4,0.55,0.5,True,5.612639013193559,5.444625939902899,5,0.42555341319456,0.6642892417036008,0.4509321412250644,18896.3506231308
0,0,88,0.34477128480966895,0.6493977287326727,0.31922168670562945,116.61499466673725,0.34596672879114754,0.6249134989445002,0.32836679502226224,0.0034673536751720154,0.03770298032294393,0.028648142333343278,4.757813704739631,5,0.4,0.65,0.3,True,4.757813824241586,4.757813704739631,-1,0.34596635689233723,0.6249216203596863,0.3283600123110639,18896.3506231308
0,0,89,0.41359783388038107,0.7877409685807775,0.4734049738670826,96.98972828229213,0.41335979419255015,0.7865883910020097,0.47460598220133515,0.0005755341743394414,0.0014631428664225363,0.00253695757448839,5.013628169034754,7,0.4,0.8,0.5,True,5.015058915292877,5.013628169034754,-1,0.4134492755249022,0.7866473069627897,0.47473150681312176,18896.3506231308
0,0,90,0.5001225820376879,0.6343201092260822,0.4206296300103124,142.3458801825112,0.5004333997746494,0.6268743283388711,0.423690364049521,0.0006214831085913418,0.011738207222052991,0.007276553577867426,6.499442784498491,10,0.5,0.65,0.5,True,6.571447232404964,6.499442784498491,4,0.5036938940311416,0.6165583696545419,0.43209429232051655,18896.3506231308
0,0,91,0.46759174684635224,0.8574599427741302,0.47207872983657695,151.13985181554764,0.47486003200126103,0.8694162459514067,0.4622047204059908,0.015544083495761757,0.013943862075462539,0.02091602270240877,5.669638646156945,12,0.5,0.85,0.5,True,5.670063897495635,5.669638646156945,0,0.4749357873363552,0.8695537308364769,0.46220467587425684,18896.3506231308
0,0,92,0.322110011972663,0.6877230400459755,0.39698886539545764,97.82213733563172,0.32307723769565616,0.687778690223883,0.3978014940292296,0.0030027806868520076,8.091946127589373e-05,0.0020469809221537413,3.6897756926606107,1,0.3,0.65,0.4,True,3.6897961960182646,3.6897756926606107,-1,0.32309714767147046,0.6878023841179693,0.3978404732303892,18896.3506231308
0,0,93,0.31768709669335193,0.8273706101247963,0.4966604488572351,142.78811579204248,0.31787664348494526,0.8270789357569295,0.49765731448698186,0.0005966461765876872,0.0003525317001806693,0.002007137133710675,3.7931371478483435,2,0.3,0.75,0.5,True,3.7931509618379793,3.7931371478483435,-1,0.31788628470333724,0.8271882790254872,0.49764045202605395,18896.3506231308
0,0,94,0.3830923363854156,0.7828934651292561,0.3598362146396494,140.0467801797343,0.3828439386071154,0.7794349977457897,0.3611005620896621,0.0006484018465206497,0.004417545346218135,0.0035136748291966753,3.7732155592423084,6,0.4,0.7,0.4,True,3.7732240116830873,3.7732155592423084,-1,0.3828265200395047,0.7794673756853765,0.3610636103132155,18896.3506231308
0,0,95,0.37552666336688856,0.8103197749414867,0.4975481493789154,155.3899093300149,0.3756377135036096,0.8113576152448556,0.4989862966649658,0.00029571838048828274,0.001280778694366549,0.002890468566400321,4.678733756677627,7,0.4,0.8,0.5,True,4.678860278271632,4.678733756677627,-1,0.375593718670845,0.811331779242107,0.4989451998856551,18896.3506231308
0,0,96,0.5027840016362985,0.8565475683832908,0.4416413828206345,128.4060548289693,0.5054053260288066,0.8602576231249831,0.44091028679973726,0.005213619335494018,0.004331405375062712,0.001655406511563564,5.3426137894348855,12,0.5,0.85,0.5,True,5.3427366082884085,5.3426137894348855,-1,0.5054257009549047,0.8601079336383741,0.44093582595589753,18896.3506231308
0,0,97,0.5113032619028165,0.564354426848281,0.37402630902800155,131.62118396932894,0.48953115767954536,0.5405477271361936,0.3991065184211632,0.04258158679106836,0.042183951395649254,0.06705466644402279,6.086417928887903,9,0.5,0.55,0.4,True,6.087949738809496,6.086417928887903,-1,0.4900730475221706,0.5406039282265279,0.399230474859612,18896.3506231308
0,0,98,0.4173010082498427,0.8139645475765159,0.33901727869580933,97.64084358854147,0.41610034684660085,0.8015307462262297,0.34297532109036166,0.00287720705079862,0.015275605537497246,0.01167504620938147,4.359388851098374,6,0.4,0.7,0.4,True,4.35992742288107,4.359388851098374,0,0.4157356158138522,0.8020717371761,0.3428659564014722,18896.3506231308
0,0,99,0.3431953839276227,0.8742874626455928,0.3265549074458861,107.88114546019821,0.3379849469231809,0.8134667321838903,0.36798870319266835,0.015182130204701964,0.06956605585725659,0.1268815589722788,4.23427115630925,8,0.4,0.9,0.3,True,4.523518781687582,4.23427115630925,9,0.3281070488619671,0.8030309756991327,0.3578269408992999,18896.3506231308
0,0,100,0.5182163607317137,0.6062270425780971,0.4656889770549062,103.08013269262626,0.5171692513465443,0.6365860489555315,0.4983651877865938,0.002020602714454797,0.05007860792274602,0.07016745583787987,7.343473769856361,10,0.5,0.65,0.5,True,7.900921284416841,7.343473769856361,0,0.5144938862511274,0.6414085785783166,0.5,18896.3506231308
0,0,101,0.4247017740681152,0.5807514594272798,0.43780729595622625,146.35923276951743,0.4159880515356954,0.5686036558468067,0.46507363364551235,0.020517273683491304,0.020917387951900943,0.062279313161588565,5.773884604868352,4,0.4,0.55,0.5,True,5.77393030490702,5.773884604868352,-1,0.4159134748440207,0.5685894964028999,0.4651188433096807,18896.3506231308
0,0,102,0.40628239845245007,0.872208731225945,0.46506658127695966,114.8884570294735,0.4072586061513872,0.8796978056186078,0.4657599878860844,0.0024027811754965536,0.008586332748740549,0.0014909835215870216,4.96032709798787,7,0.4,0.8,0.5,True,5.071181034418691,4.96032709798787,5,0.40991368674728457,0.8873866871624311,0.4596347770196471,18896.3506231308
0,0,103,0.43798547561629236,0.7999221619715092,0.4654207874049592,152.08990442822383,0.43352945577800456,0.7831692294611892,0.4847735558496531,0.010173898648163412,0.020943203359974856,0.04158122921968935,5.085504520971609,7,0.4,0.8,0.5,True,5.088152490860308,5.085504520971609,0,0.4325666058665305,0.7821089310564573,0.4858578880014571,18896.3506231308
0,0,104,0.34709388063154395,0.7971809749205977,0.3278702787735645,150.40804725705792,0.34568066795065683,0.7826565517274094,0.36825892010964456,0.004071557465420462,0.018219731340973034,0.12318482018912569,4.344372941050996,8,0.4,0.9,0.3,True,4.590672157980769,4.344372941050996,9,0.34222716961383826,0.7736166250138572,0.3722118075864235,18896.3506231308
0,0,105,0.36421014550532527,0.8354001112164903,0.36126357310642476,154.36439801289512,0.3585730997293669,0.7945377471921651,0.3906528133791563,0.015477454007046431,0.048913524759797274,0.08135124175410222,4.283658229417463,8,0.4,0.9,0.3,True,4.479221346959536,4.283658229417463,9,0.3489861669532726,0.7840793500340864,0.38087448653757106,18896.3506231308
0,0,106,0.4257630190731595,0.6469784683619517,0.356486703432936,131.61656223872976,0.4147466506880906,0.6228467374941964,0.39545314697529094,0.025874413444949666,0.037299125160769414,0.10930686381037916,5.230790319208076,11,0.5,0.75,0.3,True,5.323843806561419,5.230790319208076,9,0.4246862222751465,0.614543337825898,0.40585411198394533,18896.3506231308
0,0,107,0.38692430036778036,0.7734203145953906,0.33088501409217885,109.3609699622677,0.388136670018316,0.777984174458775,0.34068519918185963,0.003133351018230779,0.0059008792208566675,0.02961809895370667,4.539212801702673,6,0.4,0.7,0.4,False,4.539212801702673,4.539212801702673,-1,nan,nan,nan,18896.3506231308
0,0,108,0.5000476859178391,0.7456305762547513,0.3523966111941068,103.08843128631176,0.5022942074530091,0.7494053766224638,0.3503308688764488,0.004492614601438507,0.00506256112332872,0.005861981222402114,5.0132964790061205,11,0.5,0.75,0.3,True,5.013327562456926,5.0132964790061205,0,0.5022642014543466,0.749341234200567,0.35026488974229464,18896.3506231308
0,0,109,0.34536251054137496,0.6208669328449812,0.3765649333140815,134.31744103902722,0.3439309354090294,0.609339634416652,0.3938178931113793,0.004145137612364087,0.01856645573876516,0.045816692609844466,4.253000667173887,6,0.4,0.7,0.4,True,4.3953826334001125,4.253000667173887,4,0.34912895114857423,0.6166347756273034,0.40333592485945213,18896.3506231308
0,0,110,0.34362831278430106,0.7097436411662408,0.4202996715246715,95.54306302324653,0.3435018175124458,0.7013099671899675,0.42298738636370825,0.0003681165583543377,0.011882704524714254,0.006394758362020201,4.6814863690707345,6,0.4,0.7,0.4,True,4.768457848063536,4.6814863690707345,0,0.342400709319613,0.6914419354280171,0.41342844379577354,18896.3506231308
0,0,111,0.3477124038458432,0.8620149131509313,0.31408411523083934,101.86087183745613,0.3369818374286998,0.8084165311597437,0.3571026245559085,0.030860464851005787,0.06217802171805698,0.13696493149120986,4.05781261357359,8,0.4,0.9,0.3,True,4.2308926098204624,4.05781261357359,9,0.32672816121845377,0.7986927373464284,0.3573934102737823,18896.3506231308
0,0,112,0.5165973036445645,0.7532686754427159,0.3737986247459582,125.71187636270392,0.48805746815248324,0.6929499258114991,0.4622782537470787,0.05524580808055775,0.08007600952709992,0.2367039982055932,5.852573532136057,12,0.5,0.85,0.5,True,6.037817355763709,5.852573532136057,2,0.4984540168183741,0.7019843218966315,0.47259089701754653,18896.3506231308
0,0,113,0.4563598629810446,0.6302346295952008,0.3275936145733911,143.0024746564995,0.4650325235209885,0.6517771372635264,0.34412903089820246,0.019003994968558726,0.03418172638682562,0.05047539264873835,5.300939531838635,11,0.5,0.75,0.3,True,5.428215006866944,5.300939531838635,4,0.4715345530518346,0.6536263689653817,0.342084992427917,18896.3506231308
0,0,114,0.4579460832456241,0.714395721286522,0.4633472871939317,128.06720430437665,0.4467866544725347,0.7287780924375048,0.5041223506880805,0.024368433711668896,0.02013221905232341,0.0880010838977517,5.588627821451093,12,0.5,0.85,0.5,True,5.798703328645681,5.588627821451093,9,0.437087254010486,0.7325591879535155,0.5,18896.3506231308
0,0,115,0.5234727778917314,0.6051008587721659,0.41074607257304563,123.97654355771174,0.5076839640834167,0.5888027616157088,0.43035966330554365,0.03016167119884183,0.02693451334630106,0.047751133953958885,6.649684015278894,9,0.5,0.55,0.4,True,6.649714860647487,6.649684015278894,-1,0.5077125994082234,0.5887876400050196,0.43037164970499797,18896.3506231308
0,0,116,0.39104099441775453,0.7425163329019104,0.3470602463335161,143.8876677361552,0.3945864159875184,0.7489511512675003,0.3564841191561667,0.009066623756526847,0.008666231408595786,0.027153420543574603,4.719743980786728,6,0.4,0.7,0.4,True,4.7198144530587545,4.719743980786728,-1,0.3943948708350452,0.749031540476246,0.3565277770405721,18896.3506231308
0,0,117,0.4995073794387495,0.5782096832858872,0.39341464134765425,111.07155578335652,0.5010588713800718,0.5789735717732695,0.39305304824596987,0.003106044085005365,0.0013211271091850571,0.0009191145007865695,6.451124732736976,9,0.5,0.55,0.4,True,6.451691587277603,6.451124732736976,-1,0.5010853558400411,0.5790118660945215,0.39303484865494376,18896.3506231308
0,0,118,0.3340376865221361,0.8505602294288804,0.38598973840956713,102.98070624763088,0.32759583382460056,0.8088221134279499,0.43077494651710496,0.019284808144271064,0.04907132329588955,0.1160269397110682,4.069448198800455,2,0.3,0.75,0.5,True,4.069713193705988,4.069448198800455,0,0.32755710358007906,0.809021615662468,0.43082870255821243,18896.3506231308
0,0,119,0.45857945738521716,0.6042866898647534,0.4802862157376354,107.32176608865801,0.46262450397069954,0.6220688589693695,0.485066056905625,0.008820819424722836,0.029426709876062163,0.009952068186359618,6.504717866209576,10,0.5,0.65,0.5,True,6.504719986575904,6.504717866209576,-1,0.46260895714251093,0.6221144283493473,0.4850360954414681,18896.3506231308
0,0,120,0.36942396066088207,0.8685972947150956,0.3378640769079523,104.95571315113172,0.3577749686058793,0.7976942712175012,0.38714556435802705,0.031532854647985616,0.08162933954434076,0.14586187410359408,4.1279884052092175,8,0.4,0.9,0.3,True,4.181035807571621,4.1279884052092175,9,0.34774041686453866,0.7872887303805328,0.3771732288110964,18896.3506231308
0,0,121,0.390326629765747,0.6143421425394165,0.43408914855455694,100.94246138271546,0.38718884980801666,0.6203877066932006,0.4548997916301061,0.0080388569942396,0.009840712096999292,0.04794094287969428,5.318842772030791,6,0.4,0.7,0.4,True,5.318847260369099,5.318842772030791,-1,0.38717551924415616,0.6203151832983511,0.454960458208702,18896.3506231308
0,0,122,0.5056212778516875,0.8371363236247876,0.300565406437324,127.59163510742464,0.5087769706643296,0.8409116524329998,0.2986346052146571,0.006241218379990137,0.004509813636881827,0.006423897033105475,4.901092900594689,11,0.5,0.75,0.3,True,4.901200980094201,4.901092900594689,-1,0.5089296656057365,0.840860060150631,0.29862046243776763,18896.3506231308
0,0,123,0.33904561881900913,0.6240740103601515,0.3833792081266205,122.10100761582979,0.34131878647495695,0.611616382314371,0.3954822635656841,0.006704607078734408,0.019961779915480343,0.031569410084091615,4.637296763195346,6,0.4,0.7,0.4,True,4.752416775014558,4.637296763195346,4,0.34314304353159253,0.6080901867884433,0.404549687882416,18896.3506231308
0,0,124,0.41527893068916305,0.8617684288096757,0.3517542178844301,105.49313817403362,0.431700854336546,0.8912512561208535,0.32402108943039143,0.039544321740884965,0.03421200675905611,0.0788423479918313,4.652638159353829,8,0.4,0.9,0.3,True,4.659086247826566,4.652638159353829,6,0.43258728387494855,0.9,0.32431711745664826,18896.3506231308
0,0,125,0.45797771002549953,0.868549639689952,0.4845621750887503,148.7656249952171,0.4701473230105479,0.8804769400109147,0.4665011524901088,0.026572500623165234,0.01373243367554719,0.037272869256320985,5.104940916271721,12,0.5,0.85,0.5,True,5.105788674620665,5.104940916271721,0,0.47032556093293754,0.8802911823349864,0.46673599134313504,18896.3506231308
0,0,126,0.3300790518398827,0.8650271243498424,0.42984807381089507,148.22224034533102,0.3274508530346026,0.8467026108106099,0.4467362417462464,0.007962331419186813,0.02118374444385805,0.03928869050319623,4.14536962168637,2,0.3,0.75,0.5,True,4.145371066291443,4.14536962168637,-1,0.327442029811001,0.8467139867889852,0.4467351174836268,18896.3506231308
0,0,127,0.40260877675981266,0.6103834267504601,0.4585940153789387,135.10215443698647,0.4016383109557635,0.60581519726491,0.46045158411635456,0.002410443736123752,0.007484196466261101,0.004050573437773633,5.373542599060222,4,0.4,0.55,0.5,True,5.3738199165810805,5.373542599060222,-1,0.40160216130329157,0.6058964569191314,0.46045025052907756,18896.3506231308
0,0,128,0.4808352594166573,0.6039773677551283,0.3268703474596786,141.47656810235446,0.4851082344342563,0.594990761065794,0.3407996944678535,0.008886567559090737,0.014879045423069283,0.042614287641656486,5.580406804682616,11,0.5,0.75,0.3,True,5.802666330861015,5.580406804682616,3,0.4924930720811415,0.5987587841184239,0.3512344758998486,18896.3506231308
0,0,129,0.3207682607028282,0.868188241861005,0.32701757250185315,131.25689284560005,0.3231120972940359,0.8472462624080684,0.338051644955497,0.007306946722447394,0.024121473251061704,0.03374152761647487,3.9662923189890433,3,0.3,0.9,0.4,True,4.015124013345558,3.9662923189890433,4,0.32625949725612696,0.8386019905983092,0.3359400017560904,18896.3506231308
0,0,130,0.49897229086049977,0.8361323928008808,0.4622046797568684,110.09039758852978,0.49202101493130146,0.8380041619062925,0.4825987153336341,0.01393118627331094,0.002238603744487861,0.044123386174915964,5.6548431775089165,12,0.5,0.85,0.5,True,5.655046108041656,5.6548431775089165,-1,0.49211507688789746,0.8378427362342434,0.4823367238219356,18896.3506231308
0,0,131,0.3327890855785869,0.8684953520583524,0.4227583382094204,93.91442210164374,0.3280088710819192,0.8404223881702522,0.45157242893795513,0.014364096371600752,0.03232367775091334,0.06815735640029223,4.227844637418405,2,0.3,0.75,0.5,True,4.2278602865129375,4.227844637418405,0,0.3279784372481364,0.8403381870649774,0.4515285846986255,18896.3506231308
0,0,132,0.5085959145718918,0.8821052337093321,0.35725932083323414,144.60382018993622,0.502586225520626,0.86625549222535,0.37960465925461667,0.011816235402371216,0.017968084621074642,0.06254655125376886,4.843769495589198,12,0.5,0.85,0.5,True,4.948131789137428,4.843769495589198,4,0.5029341875465453,0.8659417266303248,0.38942051805592254,18896.3506231308
0,0,133,0.333888076158956,0.6880894167927145,0.4635407549489616,119.29583329311086,0.33366442199514124,0.6708050725443249,0.4607981551717559,0.000669847711807117,0.02511932871886696,0.005916631381220571,4.606682070128533,1,0.3,0.65,0.4,True,4.606687933749769,4.606682070128533,-1,0.33364901042013884,0.6708584807277247,0.4607312320893819,18896.3506231308
0,0,134,0.4257451882164522,0.5740491586336485,0.4628013038500224,124.866713020782,0.4265082164990716,0.578371460507711,0.4638416914376704,0.0017922182181692615,0.0075294977948413225,0.0022480221619798424,5.951897075931862,4,0.4,0.55,0.5,True,5.951996593818728,5.951897075931862,0,0.4266164350398296,0.5784204705173843,0.46378390062354446,18896.3506231308
0,0,135,0.36888691012108776,0.8082235853803083,0.4958456578379125,127.39645212976814,0.3693586320308037,0.8052147223534359,0.49554978171349406,0.001278771072579144,0.0037228102239264585,0.0005967101248977105,4.533031573726348,7,0.4,0.8,0.5,True,4.533094425430524,4.533031573726348,0,0.3694320423337985,0.8052571822615555,0.4956385713685545,18896.3506231308
0,0,136,0.47203869697298534,0.8849300445411687,0.30602549927506484,131.18610327292322,0.48937349548518183,0.9000413863495119,0.30043967000394517,0.03672325727394455,0.01707631230463908,0.01825282299792593,4.7002716075946545,6,0.4,0.7,0.4,True,5.006379077425465,4.7002716075946545,10,0.4992682438643699,0.9,0.3,18896.3506231308
0,0,137,0.5205993036140247,0.5741544837143774,0.3446202989987841,128.1392743114608,0.4877061881828594,0.5550698721508385,0.39072913424229805,0.06318317216872901,0.033239506273772944,0.1337960514150579,6.369970213002469,9,0.5,0.55,0.4,True,6.370377500986057,6.369970213002469,0,0.48785780526800915,0.5552213300145853,0.3909574204712355,18896.3506231308
0,0,138,0.468911062561877,0.7287271074651644,0.40954035912847325,96.9711768421476,0.49796917203050567,0.7530041191866264,0.3703588358806901,0.06196934085937504,0.03331427014689779,0.09567194630381201,5.176850379472971,11,0.5,0.75,0.3,True,5.179090840907696,5.176850379472971,0,0.49971534150229524,0.7564290608720887,0.3678354956224117,18896.3506231308
0,0,139,0.47247746927309076,0.6463490360226006,0.31479237475828103,153.65426996329046,0.47588117695646326,0.662272332266725,0.3283577324797808,0.0072039576587834475,0.024635754610404615,0.043093031500258394,5.8379432547382075,11,0.5,0.75,0.3,True,5.984564172418757,5.8379432547382075,4,0.47748976700331847,0.653267580247399,0.3387457064609441,18896.3506231308
0,0,140,0.4918374802856025,0.660636066726161,0.44054786111641103,147.50742416578717,0.4951975786518425,0.6779961552526884,0.44618906755961696,0.0068317249110191,0.0262778394957405,0.01280497975613888,6.341204148628913,10,0.5,0.65,0.5,True,6.341350087964121,6.341204148628913,-1,0.49521828426132375,0.6780906074760871,0.4461381479630121,18896.3506231308
0,0,141,0.4518179884463027,0.7271689391287264,0.4524626845062387,138.5196489150025,0.48863129300345476,0.7747223808097526,0.42024192952368633,0.08147817373040957,0.06539531479164042,0.0712119608663731,5.583804474026911,12,0.5,0.85,0.5,True,5.844688522348763,5.583804474026911,3,0.4984666531772408,0.7808737100868313,0.4306241715961463,18896.3506231308
0,0,142,0.4150726070751898,0.7357229230548398,0.44926447201826236,97.72274494619981,0.41085415494227573,0.7305102413875173,0.46441800981579,0.010163166783371676,0.007085115202987804,0.033729659791374884,5.012742834196727,7,0.4,0.8,0.5,True,5.2284149017295505,5.012742834196727,4,0.41962124488008073,0.7405705187259509,0.4744901612349864,18896.3506231308
0,0,143,0.4529908450115724,0.7938002857279892,0.37975176902558827,125.4489081451327,0.49517662651739597,0.8579333756060186,0.3288495938461372,0.09312722755963397,0.08079247517429815,0.13404065321423478,4.719339559853423,11,0.5,0.75,0.3,True,4.807392947592653,4.719339559853423,5,0.49145037329819374,0.867503083705775,0.31999173310794254,18896.3506231308
0,0,144,0.36476005245812465,0.7633189342007519,0.49425685284013465,112.41956779529258,0.3650283877768647,0.7624429892532327,0.4945382046227506,0.0007356488654163913,0.0011475477788800916,0.0005692420469220269,4.21483475602936,7,0.4,0.8,0.5,True,4.21491953532955,4.21483475602936,-1,0.36505066246967166,0.762352433902076,0.4946608184461703,18896.3506231308
0,0,145,0.4141572965390155,0.8490229345084527,0.41028017545950085,120.09154625703935,0.41292911431741475,0.8446435249606197,0.41448353894429135,0.0029654970028641266,0.005158175792234034,0.010245105018985786,5.081731269227538,7,0.4,0.8,0.5,True,5.0818529086197515,5.081731269227538,-1,0.41290424678662796,0.8445578128546178,0.4144443979579321,18896.3506231308
0,0,146,0.45750934736395443,0.5434411821481121,0.3307592835771826,148.20771152192185,0.48490116970101227,0.8510917375048497,0.4739971643843459,0.05987161244875571,0.5661156450099304,0.433057779234604,5.961261582797976,12,0.5,0.85,0.5,True,5.96143831448264,5.961261582797976,0,0.48486270417746014,0.8509906723322749,0.4740643090521247,18896.3506231308
0,0,147,0.34988860710476655,0.5429607277814285,0.4852791074604678,140.79906606810783,0.36694818350191716,0.5580369214261202,0.4691473994341352,0.04875716456821497,0.02776663738884758,0.03324212350857647,4.825927462766405,6,0.4,0.7,0.4,True,4.895553713543125,4.825927462766405,4,0.3722515491748078,0.5479171493910753,0.4796548426530919,18896.3506231308
0,0,148,0.5227378837032426,0.8022002279558832,0.48456167517775184,115.27584029322375,0.5153955650253315,0.7853613862029194,0.4975783751158689,0.01404588974094587,0.020990821450987972,0.026862834196167352,6.193726007650246,12,0.5,0.85,0.5,True,6.287174762002964,6.193726007650246,4,0.519011433685272,0.7778574006572325,0.5,18896.3506231308
0,0,149,0.475727483075913,0.590864975252193,0.4647780223334252,139.51950176054,0.4680693737149591,0.5727564911110062,0.48184016483226144,0.016097681200671517,0.030647415060365776,0.036710304013893566,6.245089809969,10,0.5,0.65,0.5,True,6.4275572817740425,6.245089809969,4,0.47399195841818476,0.5684209054467169,0.4919844508557396,18896.3506231308
0,0,150,0.4626688506406471,0.8221150745243004,0.3688813515585714,96.55238598065118,0.4818275459371528,0.8409357189599149,0.3436628866810995,0.041409088314411265,0.022892956252510824,0.0683647052661258,5.223298262269439,11,0.5,0.75,0.3,True,5.382893047122465,5.223298262269439,5,0.47828937826068985,0.8440694064998118,0.3352629273223158,18896.3506231308
0,0,151,0.4371070212341172,0.584417126486877,0.44375427537509426,115.33478150473998,0.4256838752197954,0.5700715054060258,0.47022446586327826,0.026133522133938703,0.024546886856460687,0.059650558782356325,6.3095200749376845,4,0.4,0.55,0.5,True,6.309521904903886,6.3095200749376845,-1,0.42568802575936976,0.5700350425056089,0.47025754792044394,18896.3506231308
0,0,152,0.4129290415534718,0.8789579500235122,0.4562932055544062,146.4868778289985,0.4167904037612422,0.8915247881098898,0.45403416775304983,0.009351151939431628,0.014297428092028103,0.004950846898129042,4.8257367392852135,7,0.4,0.8,0.5,True,4.931773590929206,4.8257367392852135,6,0.41544986515857396,0.9,0.44667327942912954,18896.3506231308
0,0,153,0.43362913503979555,0.8667755837179921,0.303665163875022,149.32399411824133,0.4371596503824484,0.8788608821566115,0.30588928802969106,0.008141785358423519,0.013942822877843512,0.0073242650763339495,4.16789466101941,8,0.4,0.9,0.3,True,4.168011493141545,4.16789466101941,-1,0.4371127655099971,0.8786855589155123,0.30589708720921227,18896.3506231308
0,0,154,0.39873903998683174,0.614767745398754,0.4068788454506722,152.7931424157973,0.38648875167980473,0.5882689056466219,0.4460689293898872,0.030722570600138818,0.043103822460536304,0.09631880442397235,5.850738993358238,6,0.4,0.7,0.4,True,5.941247953398181,5.850738993358238,4,0.3917023254075824,0.5783693502883829,0.45232143783457374,18896.3506231308
0,0,155,0.3863406435796582,0.8550605192864855,0.3934663225010171,154.2054852992957,0.38632037502261574,0.8541167817261803,0.39449487087157986,5.246291680486515e-05,0.0011037084966719118,0.0026140696464818955,4.38162612196612,7,0.4,0.8,0.5,True,4.381670935574035,4.38162612196612,-1,0.38634716682717607,0.854185233486715,0.3944757338892898,18896.3506231308
0,0,156,0.477751893497228,0.8105906159206753,0.37230549658614875,130.48674938834367,0.48890051009783203,0.8272748551177038,0.3574174815108333,0.023335578052855372,0.020582818095023783,0.03998870608097637,5.129272953922851,11,0.5,0.75,0.3,True,5.2626786924647755,5.129272953922851,5,0.48418533898392085,0.828782785525132,0.3498205116051378,18896.3506231308
0,0,157,0.3689438726529242,0.816549220754605,0.3517053225115283,135.78810623018828,0.3639070220876979,0.7749607973210568,0.3865591824403266,0.013652078103393936,0.05093192471008018,0.09909960895646057,4.1070559703146845,8,0.4,0.9,0.3,True,4.267959500028995,4.1070559703146845,9,0.35611837449439604,0.7655066330283729,0.3841488378445325,18896.3506231308
0,0,158,0.3323978867142206,0.620138776428306,0.37162408748582054,104.50346664037957,0.32989571189656375,0.5998037347409778,0.4056191853785168,0.007527649596064075,0.03279111460252166,0.09147711097707943,4.409041142571031,1,0.3,0.65,0.4,True,4.493413116073612,4.409041142571031,4,0.3334964043456799,0.5937367229927443,0.41437511277492534,18896.3506231308
0,0,159,0.37142231961852773,0.6041401535879021,0.3079527394225318,115.17931239587972,0.3730634815920885,0.6143889639868799,0.31029475263930495,0.0044185873785031506,0.016964292702796903,0.007605105969067974,4.842419390872246,5,0.4,0.65,0.3,True,4.842420263927684,4.842419390872246,-1,0.37306841284130987,0.6143917708160705,0.31029311545998817,18896.3506231308
0,0,160,0.436119453003546,0.6854141716490159,0.31881476509230494,115.50497190224972,0.4536681665962634,0.6963765529837739,0.29491581874852296,0.040238318818066436,0.01599380606383434,0.07496185547385997,4.98324512252453,11,0.5,0.75,0.3,True,5.017941703297952,4.98324512252453,4,0.45456601218114695,0.6870406106338922,0.30376674360230055,18896.3506231308
0,0,161,0.44763840709832337,0.5401875261298622,0.47492647558910756,147.1280957204339,0.44761044599820327,0.5405577318815463,0.47584641611739287,6.246358595847215e-05,0.0006853282124754542,0.0019370167290509571,6.671346073013645,9,0.5,0.55,0.4,True,6.671453000602033,6.671346073013645,0,0.4475650028783993,0.5403062627860291,0.4758569763361667,18896.3506231308
0,0,162,0.3258481895313281,0.8173594418173958,0.33695903229736973,137.22649468116214,0.32136034033797206,0.7556837167702427,0.4180425937952894,0.013772822245263895,0.07545728585457748,0.24063329285194118,4.436617998526814,2,0.3,0.75,0.5,True,4.493584409174572,4.436617998526814,4,0.32346529697423665,0.7603557079738401,0.42777845883811105,18896.3506231308
0,0,163,0.3492050537766556,0.7780250133740595,0.4917267662128841,155.3115617343717,0.353938477232733,0.7890815335854015,0.4806920620242317,0.013554853816934612,0.014211008671036383,0.02244072307399086,4.340997174385796,7,0.4,0.8,0.5,True,4.3410063056746475,4.340997174385796,-1,0.35395790377113373,0.7890667415414765,0.4807571977217043,18896.3506231308
0,0,164,0.4564553013355652,0.590573797624394,0.378982129455134,111.12470079030633,0.4174118010402296,0.5323937104700994,0.4578017949577035,0.08553630592326628,0.09851450807388717,0.20797726166109537,6.1600795537873285,4,0.4,0.55,0.5,True,6.222909788578214,6.1600795537873285,2,0.42151622672698985,0.53,0.4679280673873749,18896.3506231308
0,0,165,0.5181463057040501,0.638767497542407,0.41221539894526593,119.21033094996486,0.5126615007463943,0.6459044954379792,0.4250071970769316,0.010585436771961772,0.011173076155300762,0.031031829874371437,6.332482442520221,9,0.5,0.55,0.4,True,6.417978760054298,6.332482442520221,5,0.5079692152842492,0.6498618825641264,0.4159727379653119,18896.3506231308
0,0,166,0.3457715132189599,0.6690832367122602,0.4538830107657429,119.59995984152316,0.35096809599007633,0.6678118591798188,0.43338441083831003,0.01502894996391943,0.0019001784272592666,0.04516273894642986,4.61291325974099,6,0.4,0.7,0.4,True,4.613008127378242,4.61291325974099,-1,0.3508911951807898,0.6677163097711075,0.4336455901919636,18896.3506231308
0,0,167,0.45983537791147727,0.7390581261561695,0.3153044358233046,139.367803627917,0.4600396773626012,0.7402916023245507,0.3167532646159325,0.00044428824083053584,0.0016689839739622383,0.004595015572314495,4.834586490303641,11,0.5,0.75,0.3,True,4.83489888103785,4.834586490303641,0,0.46019598043707416,0.7403401301411638,0.3165687721877355,18896.3506231308
0,0,168,0.4587089472624333,0.8171861244767437,0.32978629099698226,154.6561950421251,0.46441491085276826,0.8436087687167408,0.32985695156310413,0.012439180932458526,0.032333691736281,0.00021426168415993483,4.695786275672733,11,0.5,0.75,0.3,True,4.709653366008763,4.695786275672733,5,0.46005665122117795,0.8536962952625854,0.32456826433842556,18896.3506231308
0,0,169,0.4995748985409386,0.8530897973579021,0.4923890160487622,132.57306301559112,0.49903679398824413,0.8516241155515445,0.49441932985316905,0.0010771248801052181,0.001718086197838722,0.0041233937765293585,6.033422805918967,12,0.5,0.85,0.5,True,6.033425668999655,6.033422805918967,-1,0.4990474520338438,0.8516308853241447,0.49440302651439927,18896.3506231308
0,0,170,0.49481078128035716,0.589645447365033,0.4115489094731384,116.75499635401695,0.4956377563137358,0.5908988349614742,0.41106462039626657,0.001671295502573298,0.002125663145611107,0.0011767473214588185,6.603868705235849,9,0.5,0.55,0.4,False,6.603868705235849,6.603868705235849,-1,nan,nan,nan,18896.3506231308
0,0,171,0.36185275431153313,0.6694675333441654,0.38563289981872173,131.9589442811863,0.36334834003632815,0.6815755755810886,0.3976065272299576,0.00413313345545911,0.01808607831426918,0.0310492891474364,5.0723106151952155,6,0.4,0.7,0.4,True,5.072319722346156,5.0723106151952155,-1,0.36332624566260835,0.6815860162050362,0.39761158578437916,18896.3506231308
0,0,172,0.47187741867830346,0.5379278280918326,0.3508081827585279,131.50911591024564,0.47105239745303246,0.5360816168479752,0.3600074860934728,0.0017483803899365088,0.0034320798208309906,0.02622317205547358,5.711268123121368,9,0.5,0.55,0.4,True,5.839901065707908,5.711268123121368,2,0.47721529284849185,0.53,0.37019788867860043,18896.3506231308
0,0,173,0.3341684425789872,0.8867061067276567,0.46646922490014076,96.0485848542078,0.3322995474583204,0.8638598321743722,0.48185629496502647,0.005592673881002518,0.025765328985493823,0.032986249131825775,3.735416044848183,2,0.3,0.75,0.5,True,3.7438467132744138,3.735416044848183,0,0.3314148780821029,0.8542559908335424,0.48877299810230873,18896.3506231308
0,0,174,0.4362509005743218,0.7488157486510117,0.30138531590285367,104.94274211957716,0.43936794457683254,0.7531007651003856,0.2981744899337998,0.007145071788750824,0.005722390931405068,0.010653558085387344,4.487864600638282,11,0.5,0.75,0.3,True,4.487912542835527,4.487864600638282,-1,0.43936011813459186,0.7531044739860727,0.2981850932308295,18896.3506231308
0,0,175,0.35129858705406947,0.6964950578845217,0.4134007232454585,121.99432648982197,0.3515358078729934,0.695930295664039,0.41166444012037684,0.0006752683548009822,0.0008108632130113072,0.004200000211539897,4.752345633586657,6,0.4,0.7,0.4,True,4.7523500691465905,4.752345633586657,-1,0.35153314664855423,0.6958862484128846,0.4116449329483012,18896.3506231308
0,0,176,0.5105726685028434,0.8217980934385509,0.38023321089998835,106.44759727886442,0.4979559922212972,0.7968367836563041,0.4090995552553028,0.024710833657708726,0.030374017634677467,0.07591747256108848,5.382503102848602,12,0.5,0.85,0.5,True,5.6078918876965815,5.382503102848602,3,0.5079586894155561,0.7865403823555639,0.4194375960112172,18896.3506231308
0,0,177,0.392106688626741,0.8385224378642653,0.3697631109165849,155.69160137758738,0.3764905292136715,0.778850954215659,0.4117297502959465,0.03982630203978747,0.07116265582658808,0.11349601444917756,4.203042080459639,8,0.4,0.9,0.3,True,4.253237437291399,4.203042080459639,9,0.3661812450337226,0.7686272983756108,0.4017384778305199,18896.3506231308
0,0,178,0.43587722513609556,0.6165802778960571,0.4317394610102362,135.01415693097707,0.4273431958092596,0.6029755774232656,0.4500849706273682,0.019578975075312397,0.022064767493398443,0.04249208440248883,5.836348813428388,4,0.4,0.55,0.5,True,5.836425821547914,5.836348813428388,0,0.42751706260701117,0.6033833535815488,0.4499681521120924,18896.3506231308
0,0,179,0.4250821979481093,0.6315780049389986,0.4259836393669003,123.69942647956904,0.4239042236407789,0.6271833222061676,0.4313612365574579,0.0027711682893721353,0.0069582580432887625,0.012623952409416009,5.359013481261723,4,0.4,0.55,0.5,True,5.360374829589746,5.359013481261723,0,0.42379151394215486,0.6272364759484712,0.4314555563875489,18896.3506231308
0,0,180,0.4007535173049078,0.7871822111473167,0.3561646656072007,98.92030737488227,0.3968121411320997,0.7637944307487462,0.3696310754908445,0.009834913488256063,0.029710758281088226,0.03780950550129902,4.834498234026547,6,0.4,0.7,0.4,True,4.841255253469198,4.834498234026547,0,0.39607347042488705,0.7606132483048371,0.37185853947941644,18896.3506231308
0,0,181,0.5211217483707934,0.732693994605623,0.42886419243024926,129.8044664689131,0.49782660501575515,0.7021974459792223,0.4592346555033043,0.044701921245595494,0.041622490222286694,0.07081603829164286,6.024912957637718,10,0.5,0.65,0.5,True,6.024915170102653,6.024912957637718,-1,0.49782810592976107,0.7022083348005865,0.45919932890418197,18896.3506231308
0,0,182,0.41680116461301653,0.5759527063959892,0.36271922424464365,139.763036417812,0.3855583589856705,0.5194311406824564,0.45151424701625065,0.0749585372592559,0.0981357758820427,0.24480374029394517,5.702650892363652,4,0.4,0.55,0.5,True,5.821066867954269,5.702650892363652,2,0.3902816481943896,0.53,0.46181078293536537,18896.3506231308
0,0,183,0.5079590859731979,0.8479536905376176,0.4896641763739884,95.33774508572773,0.5039110739239983,0.8413978729535873,0.49642767820886946,0.007969169488215985,0.007731339172394945,0.013812531447502363,5.557311398362967,12,0.5,0.85,0.5,True,5.557421523235218,5.557311398362967,-1,0.5039245284670665,0.8413465907031356,0.4963943189105128,18896.3506231308
0,0,184,0.4722261414770145,0.7712730271818132,0.4250375280978044,133.6015117445666,0.4732057024021852,0.7931224176905823,0.450895958864759,0.002074347095878284,0.028328996008852414,0.06083799442999874,5.5674718584199505,12,0.5,0.85,0.5,True,5.764241567916422,5.5674718584199505,4,0.47667161364286115,0.8011994004083915,0.46100786843408453,18896.3506231308
0,0,185,0.343143158113224,0.7547889694108372,0.45741836213721937,94.21256495778499,0.344988825214127,0.7384121918038997,0.45632075847133885,0.005378708732097187,0.021697160757026716,0.002399561881932614,4.328889326022534,7,0.4,0.8,0.5,True,4.349050138049752,4.328889326022534,4,0.3477907200813178,0.7341972954129321,0.4635641088860041,18896.3506231308
0,0,186,0.5108402475422331,0.5788740679816368,0.37514121454457094,128.1686591803067,0.49250235088976224,0.5650755030520966,0.3982270289495836,0.035897517356352805,0.0238369028649904,0.061538997875878076,6.5881610899020036,9,0.5,0.55,0.4,True,6.588207839764512,6.5881610899020036,-1,0.4927610704784843,0.5653097446173866,0.3980480623881354,18896.3506231308
0,0,187,0.4448418986464043,0.7275471561393084,0.3775439753224574,148.7697635730587,0.4772771988800959,0.7815294761645055,0.34048112427055693,0.0729142203834396,0.07419769230031975,0.09816830216995356,5.3578944706937515,11,0.5,0.75,0.3,True,5.357935242368784,5.3578944706937515,0,0.47717864057206766,0.7814361435445987,0.340535913497117,18896.3506231308
0,0,188,0.40018736873311217,0.842598058674631,0.3659766744789452,132.85747021053461,0.4291422444100481,0.8898769408073751,0.3232906895290053,0.07235329732819767,0.05611083676968314,0.1166358074888613,4.725091877652492,8,0.4,0.9,0.3,True,4.727349166154047,4.725091877652492,0,0.4294348796244314,0.8899004119541193,0.32223150489706254,18896.3506231308
0,0,189,0.49581156042916846,0.575038808297186,0.3341795994969794,139.2664689212783,0.4758306152241445,0.5723764166415714,0.36983820372815046,0.04029947423518868,0.004629933870895733,0.10670491042794304,5.994793343145851,9,0.5,0.55,0.4,True,5.994829081476461,5.994793343145851,-1,0.47580683660603384,0.5723448944245674,0.36981979408705723,18896.3506231308
0,0,190,0.40519992589887405,0.8611836174099298,0.35477399757965644,97.50303775765792,0.4323131563755549,0.8939688298237096,0.325643824102983,0.06691321676955961,0.038069944377696924,0.08210909952647513,4.348331514088027,8,0.4,0.9,0.3,True,4.381683615052478,4.348331514088027,8,0.43127718771127,0.9,0.3217117547747587,18896.3506231308
0,0,191,0.3820246697040666,0.7874557665445874,0.45619311635363663,127.41873975497455,0.3870036429863409,0.7986442229685004,0.4594069657732236,0.01303311978813094,0.014208361789016704,0.007044931859724997,4.558233172072319,7,0.4,0.8,0.5,True,4.558261590502629,4.558233172072319,-1,0.3869399459124945,0.7986245613525972,0.4593444872269166,18896.3506231308
0,0,192,0.38226140316082613,0.857804153933148,0.4856151023039315,121.03256098163506,0.3829120574585629,0.856792417878833,0.48636900446589365,0.0017021187395762456,0.0011794487700672598,0.0015524685257632181,4.181083526443577,7,0.4,0.8,0.5,True,4.1810879754755605,4.181083526443577,-1,0.38293198360851655,0.8568001042868121,0.48634557895302327,18896.3506231308
0,0,193,0.4029451391096638,0.7502020551689071,0.44272261308145117,132.50736541039913,0.39927988084045074,0.7398679883645926,0.4547551896459921,0.00909617194368369,0.013775044647122283,0.027178590406284946,5.030993522614673,7,0.4,0.8,0.5,True,5.230893767583038,5.030993522614673,4,0.40855725822304045,0.746275186136979,0.4646681624426574,18896.3506231308
0,0,194,0.4078549967101047,0.689373821043052,0.4291990226881763,151.1164868042078,0.4085965213870535,0.6897045529016002,0.42893703616438716,0.0018181085996988025,0.0004797569162805437,0.0006104080157224745,4.751796751499224,6,0.4,0.7,0.4,True,4.7518091602143055,4.751796751499224,-1,0.4085681320780508,0.6896692320145728,0.4289948665366387,18896.3506231308
0,0,195,0.32661888944851547,0.5643235058916863,0.4523086216554312,122.48108459124721,0.3379881054814931,0.5920743124559559,0.4333087915266143,0.03480881357527778,0.049175351149728465,0.042006340845943395,4.331445916833137,6,0.4,0.7,0.4,True,4.478193865866117,4.331445916833137,4,0.34749174416228257,0.6018711551804149,0.4242359734675549,18896.3506231308
0,0,196,0.4804793332369278,0.7239845264732708,0.392372402947115,153.38592320084285,0.4865669966094247,0.7833534231549043,0.47701978012484053,0.012669979646127708,0.08200299110097811,0.2157322394285067,5.630386818471948,12,0.5,0.85,0.5,True,5.736565159895996,5.630386818471948,4,0.47850091579865484,0.7853760549095927,0.4871536778029292,18896.3506231308
0,0,197,0.3942276654082302,0.7621901658350638,0.40869516985914917,100.68817277022946,0.40269826733861463,0.7862146075037928,0.39336661815418794,0.021486574062763938,0.031520272427560815,0.03750607502957274,4.689474633517014,6,0.4,0.7,0.4,True,4.8455010574359925,4.689474633517014,5,0.39909830455154305,0.796326505130145,0.38345235255606347,18896.3506231308
0,0,198,0.351863886347984,0.822602268239995,0.40454023865916744,136.18093414900184,0.35111753144213065,0.8233101974485311,0.4222280662868638,0.002121146655883907,0.0008605971997265133,0.04372328371170687,3.9030994907249696,7,0.4,0.8,0.5,False,3.9030994907249696,3.9030994907249696,-1,nan,nan,nan,18896.3506231308
0,0,199,0.4122805753258381,0.8341780072372753,0.4704032180392158,120.65749724948208,0.4141221416320031,0.8336962873141651,0.46773182282505243,0.004466779218762737,0.0005774785704379875,0.005678947574590508,4.854790590561581,7,0.4,0.8,0.5,True,4.8547951441665385,4.854790590561581,-1,0.414115359630231,0.8338249735349553,0.46772659793042765,18896.3506231308
0,0,200,0.37559602811496356,0.6962070819800444,0.3243439385152884,126.41302198243329,0.3746238562886075,0.6861383937510211,0.3448627447637951,0.0025883442677367596,0.01446220311403252,0.06326249333480137,4.3531739378768,6,0.4,0.7,0.4,True,4.496143472879794,4.3531739378768,4,0.3814517642557356,0.6966241845010887,0.3552512635943412,18896.3506231308
0,0,201,0.40283453425135723,0.557932039257656,0.31979333516370634,155.3930227479217,0.4028006242032234,0.5570719299153101,0.3218361985053275,8.417860250456387e-05,0.001541602349078799,0.006388073536852835,5.196064538354122,5,0.4,0.65,0.3,True,5.337148114571915,5.196064538354122,4,0.4095978061508294,0.5480405201148694,0.3317260476573314,18896.3506231308
0,0,202,0.46294832317745077,0.6917844033934071,0.4280353617179524,110.65555352840609,0.4452119686620087,0.6556207632126744,0.46403629626467496,0.03831173724468517,0.05227588249075775,0.08410738403067929,5.320335325229154,4,0.4,0.55,0.5,True,5.514789472982709,5.320335325229154,5,0.43628062299611936,0.6574739887664939,0.4626921947261507,18896.3506231308
0,0,203,0.380195407033194,0.5585364339808313,0.3105171142244987,144.2171955221543,0.381187680051572,0.5569029236427868,0.3213631475251892,0.002609902697460457,0.0029246262887490473,0.034928938869530406,4.556875139826722,5,0.4,0.65,0.3,True,4.694479003930368,4.556875139826722,4,0.3887126355123447,0.547680876314932,0.33164410212529016,18896.3506231308
0,0,204,0.4881074258516231,0.5342649224230933,0.3660110688194995,99.31792853818516,0.48630748322651574,0.530213957927835,0.37250514509195787,0.0036875952500966614,0.007582314176430805,0.01774284120260019,6.333546046879322,9,0.5,0.55,0.4,True,6.419705916299508,6.333546046879322,4,0.49087807134035794,0.53,0.3787491782024972,18896.3506231308
0,0,205,0.41523679754357257,0.7517797582574175,0.41020961259055116,102.12886702988993,0.4171076330794879,0.753651448275627,0.4091997792756923,0.004505466632491819,0.0024896786560840594,0.002461749515038394,4.711518355541749,6,0.4,0.7,0.4,True,4.711605849157582,4.711518355541749,-1,0.4171649364825711,0.7536401369223586,0.4092089743970097,18896.3506231308
0,0,206,0.4647154385194551,0.750104139124408,0.39348507152912565,112.3204462714954,0.49124735450930856,0.7751404401862692,0.35326480806757504,0.05709282238262177,0.033377100266485514,0.10221547492322976,5.413299143338656,11,0.5,0.75,0.3,False,5.413299143338656,5.413299143338656,-1,nan,nan,nan,18896.3506231308
0,0,207,0.5102811095276987,0.5621210927931878,0.32895265474268326,117.41067204855487,0.4763984763946818,0.5278755823732109,0.37059520773966514,0.0663999362319676,0.06092194521612859,0.12659132673531986,6.035880268448328,9,0.5,0.55,0.4,True,6.102099856157723,6.035880268448328,1,0.48090287257356396,0.53,0.3795577288034982,18896.3506231308
0,0,208,0.3711962311778744,0.751254418978222,0.4389108776968237,137.7433940812374,0.37485070077030425,0.7563169595812104,0.43575673916086094,0.0098451150240225,0.0067387831273910195,0.00718628472484899,4.569993498880093,7,0.4,0.8,0.5,True,4.769196724679066,4.569993498880093,4,0.38505487687096207,0.7593847691354879,0.4434309261830854,18896.3506231308
0,0,209,0.479789959354231,0.5947088849825881,0.4492627870296749,109.12805560501135,0.479138421119234,0.5885768370409277,0.45104909994597775,0.0013579655478283892,0.010311007782976,0.003976098105327458,6.426961571499982,10,0.5,0.65,0.5,True,6.499479052228438,6.426961571499982,4,0.48803776328609766,0.578394471170449,0.45471367389657946,18896.3506231308
0,0,210,0.48131581124048634,0.7475756954976936,0.44196023808168505,99.31861705763806,0.4715298005095292,0.7294059710500922,0.48073124239666154,0.020331787367915122,0.02430486244674538,0.0877250960024387,5.655947266181305,12,0.5,0.85,0.5,True,5.830621904244002,5.655947266181305,3,0.48183194820330555,0.7327604482169146,0.49104229582484965,18896.3506231308
0,0,211,0.44958074174939383,0.8806877992896807,0.38468103447195123,100.7751927092089,0.44192911705333016,0.8657422936810092,0.4023704579068115,0.017019467218035017,0.016970265309370448,0.04598465182756509,4.92204273440389,7,0.4,0.8,0.5,True,4.922598921347053,4.92204273440389,-1,0.4417594272379292,0.8658159918688046,0.4021191965179853,18896.3506231308
0,0,212,0.5186942199721928,0.7724736756472058,0.33943854718898914,135.7537035329242,0.5238042287857024,0.7797116400158118,0.33496192732235563,0.009851678728526405,0.009369852458133019,0.013188307290689219,4.961675186172942,11,0.5,0.75,0.3,True,4.961694491934596,4.961675186172942,-1,0.5239742840851996,0.7799120076245831,0.33486789192443706,18896.3506231308
0,0,213,0.5259684834524211,0.6068673432723058,0.4707719597025067,137.43192407670938,0.5124211482829343,0.627103861442165,0.5004440535526063,0.025756933344300455,0.033345867748858074,0.06302859216349728,7.171484547991668,10,0.5,0.65,0.5,True,8.037100081611191,7.171484547991668,0,0.5118703850075267,0.6283576919047286,0.5,18896.3506231308
0,0,214,0.36327343081870167,0.5980939649506177,0.4908314064361027,115.02734547525031,0.36891586566961193,0.6117358946102747,0.480070158799734,0.015532197987048005,0.022809007378603623,0.021924529472360836,5.176965137139339,6,0.4,0.7,0.4,True,5.177143264156084,5.176965137139339,-1,0.36893331577680194,0.6117604666071463,0.48011510643278954,18896.3506231308
0,0,215,0.4096342392931047,0.7654110098692632,0.3880603807403089,93.76653149877824,0.4108019862774958,0.7492862839339275,0.38301707905180615,0.0028507064897852403,0.021066754629110913,0.012996177756877857,4.918559232945413,6,0.4,0.7,0.4,True,4.918621358433788,4.918559232945413,-1,0.41075513388189067,0.749296472630714,0.3830713224734941,18896.3506231308
0,0,216,0.37141398864982417,0.700143600622882,0.4522536888089502,131.6491462915684,0.3715653391166674,0.6983064094343339,0.4542682686448092,0.0004074980250297499,0.002624020539377389,0.004454534889841422,4.584916987938197,6,0.4,0.7,0.4,True,4.585649380079632,4.584916987938197,-1,0.3713816473652098,0.6984184119502596,0.45425785325087875,18896.3506231308
0,0,217,0.40727115117698975,0.6003151045190644,0.45693110959215133,105.44521759016101,0.40786777342462255,0.6005156879357917,0.45618320167697446,0.0014649263663988744,0.000334130217976,0.001636806729671876,5.18599747966797,4,0.4,0.55,0.5,True,5.18614368177135,5.18599747966797,-1,0.4077714437408524,0.600365493445421,0.45622248081941663,18896.3506231308
0,0,218,0.46921738254412276,0.7090799111280974,0.41044154798987587,117.74934763501223,0.49728834821647,0.745273577505624,0.3759965003140496,0.05982507621551635,0.05104314169603943,0.08392193198890266,5.7034049043048665,11,0.5,0.75,0.3,True,5.70350599465584,5.7034049043048665,-1,0.4972351353003318,0.7451084832737825,0.3759774043019915,18896.3506231308
0,0,219,0.3593310940022716,0.5927620416930478,0.428297614188786,111.00850192146963,0.3599456522293112,0.5803878677530906,0.45007251041663254,0.001710284017435217,0.02087544928587883,0.0508405732520578,4.779713676992942,6,0.4,0.7,0.4,True,4.859850923720552,4.779713676992942,4,0.3690735102867773,0.56991555085556,0.4604257618935652,18896.3506231308
0,0,220,0.393799199156168,0.6032498596781544,0.3177116746522558,134.5744804750575,0.3939238272087644,0.6071696829558831,0.3218345385631687,0.000316476145364033,0.00649784366269074,0.012976746653787482,4.482068476911633,5,0.4,0.65,0.3,True,4.482198852511958,4.482068476911633,0,0.3939605552682267,0.6070438572245298,0.3216728552614141,18896.3506231308
0,0,221,0.41342011644097276,0.8831248447024715,0.47031361397022614,146.0600827023153,0.4143726684088724,0.8848337222272518,0.46736629483455633,0.0023040774505601997,0.0019350350463256923,0.006266710229350062,5.006332832753694,7,0.4,0.8,0.5,True,5.23470116953373,5.006332832753694,5,0.41647259860471914,0.8910764232617395,0.4593978493819047,18896.3506231308
0,0,222,0.3273535799372797,0.7296475301533468,0.4214929052705335,96.88383094206768,0.3304967017644754,0.7494822655860838,0.42406187002230794,0.009601611284647895,0.02718399585148787,0.006094918134210463,3.928770089143628,1,0.3,0.65,0.4,True,3.9551817285756394,3.928770089143628,5,0.32943797023714405,0.7597805256084337,0.42213973456495124,18896.3506231308
0,0,223,0.4172161980212253,0.6494951523032994,0.34329713635737696,143.56354579604024,0.4159060518242235,0.6333165569018053,0.34294044835267246,0.0031402093284381744,0.02490949369540327,0.0010390066415619367,4.822642642839269,5,0.4,0.65,0.3,True,4.822654624628297,4.822642642839269,-1,0.41595640126507133,0.6334017976018459,0.34289053055695107,18896.3506231308
0,0,224,0.4053096657350554,0.5691300035285437,0.3738141237100454,150.92777666859445,0.3860835755110228,0.5336907108303158,0.44311497257723326,0.04743555816554445,0.0622692398547048,0.18538852459449098,5.445077406147746,4,0.4,0.55,0.5,True,5.52964325789192,5.445077406147746,2,0.3916190802324505,0.53,0.45338622226624453,18896.3506231308
0,0,225,0.39870499965023576,0.5990042299141679,0.313347231009368,125.7607223996661,0.398593107029317,0.6062272142883743,0.31885275398316826,0.00028064012494681794,0.012058319480050119,0.0175700386949826,4.505537710009524,5,0.4,0.65,0.3,True,4.505627606098942,4.505537710009524,-1,0.3984122893655495,0.6060926855669668,0.319089984510873,18896.3506231308
0,0,226,0.45735431281611716,0.6790474024155938,0.46966388076479826,126.53056644667396,0.45751812783991597,0.6785768758985619,0.46946735709401,0.0003581796852207032,0.0006929214593239399,0.0004184347122206718,5.88154067039259,10,0.5,0.65,0.5,False,5.88154067039259,5.88154067039259,-1,nan,nan,nan,18896.3506231308
0,0,227,0.4847586389932185,0.7331291032446187,0.41815978045935265,119.53103603420521,0.4833685926837581,0.7818632084907318,0.4782253954256433,0.0028675018816526573,0.06647411080862833,0.14364273603814307,5.359195484684186,12,0.5,0.85,0.5,True,5.438198954336617,5.359195484684186,4,0.48157617171519845,0.7877545790367384,0.4879327341397188,18896.3506231308
0,0,228,0.3396509535494687,0.7826295520922749,0.4716786854920571,139.06425999313416,0.34537126141345487,0.799410120388281,0.45834987154428586,0.016841724730070576,0.021441265859620334,0.02825824943492321,4.055554460633909,7,0.4,0.8,0.5,True,4.055559235696707,4.055554460633909,-1,0.3453833457025309,0.7993858632426099,0.45832128201329714,18896.3506231308
0,0,229,0.4050284208564967,0.5634231569250232,0.33715782487380586,128.20403811943592,0.39814183061370567,0.5466559412496306,0.35759454322434947,0.017002733359373277,0.029759543017192507,0.06061469389949005,4.937578972862736,5,0.4,0.65,0.3,True,5.025685155994418,4.937578972862736,4,0.4063675523024598,0.5367309562841837,0.3480129221188114,18896.3506231308
0,0,230,0.4629198800187038,0.7602176684117717,0.32572884486352727,100.85675313320807,0.46204856667407235,0.7589730965727005,0.3274950173845922,0.0018822119814691693,0.0016371256428061693,0.005422217126042087,5.045871150186754,11,0.5,0.75,0.3,True,5.045878329378882,5.045871150186754,-1,0.46202540847766455,0.7589523363223218,0.32744891692977984,18896.3506231308
0,0,231,0.4543559050015979,0.835477272617632,0.3403558268880813,107.3761648178585,0.4625264842229376,0.8471247721409276,0.33051045537715107,0.01798277326518062,0.013941132697485382,0.02892670180189885,4.741197977126459,11,0.5,0.75,0.3,True,4.917128158184412,4.741197977126459,5,0.46067741639481047,0.851595717498516,0.32617976685988703,18896.3506231308
0,0,232,0.46769935817987596,0.6995983830875926,0.3830443861281423,115.57173779485122,0.4868824326175954,0.7316375456545724,0.36203511496733837,0.0410158237385087,0.04579650745557594,0.05484813750481532,5.234904430029854,11,0.5,0.75,0.3,True,5.234927061269297,5.234904430029854,-1,0.4868682978927412,0.7316836471314833,0.3620216881809684,18896.3506231308
0,0,233,0.329973141913319,0.6939064888986032,0.36029065591993553,118.0672970806626,0.32566083743441643,0.6725438351972942,0.3896478692493564,0.013068652963383841,0.030786069943252215,0.08148202804333812,4.159686161199204,1,0.3,0.65,0.4,True,4.15980125455603,4.159686161199204,0,0.32564028883849594,0.6723429063878497,0.38961560188648764,18896.3506231308
0,0,234,0.4305028398793406,0.7751743406856373,0.42495047543564585,140.16902836803575,0.42756295031469804,0.7658229534679355,0.43655557738827194,0.006828966715914262,0.012063592313221488,0.027309304550674783,5.225251366130615,7,0.4,0.8,0.5,True,5.376237663525451,5.225251366130615,4,0.43433266315192953,0.7666103977692424,0.4468196707492437,18896.3506231308
0,0,235,0.3203438620693156,0.764761288154904,0.40841250975109306,146.95881331788678,0.3195743682497387,0.7500482641520475,0.4274090493795319,0.0024020869780559703,0.01923871439459721,0.04651311890523695,3.94377418235424,2,0.3,0.75,0.5,True,4.033103659167255,3.94377418235424,4,0.32620110706086747,0.7531300521507227,0.43696056576281495,18896.3506231308
0,0,236,0.51463517088406,0.5370522070571484,0.4656656595979678,109.58274316767003,0.5160137030617741,0.6386488109293418,0.49921112973649495,0.002678659088429603,0.18917453934116754,0.07203767219487178,7.587670411629152,10,0.5,0.65,0.5,True,8.007900510316887,7.587670411629152,0,0.5157616023349431,0.6412345310645597,0.5,18896.3506231308
0,0,237,0.44831338581993435,0.8038685178656478,0.4693992448040891,152.53768230587727,0.4314741168075217,0.7608441688897589,0.5049826265667503,0.03756137903760069,0.0535216245190481,0.07580621860078289,4.9534112676865085,12,0.5,0.85,0.5,True,5.036204519227086,4.9534112676865085,9,0.4213220788758923,0.7551207669981975,0.5,18896.3506231308
0,0,238,0.45042284939475263,0.8375190309850586,0.3995397471750513,108.33505309950695,0.45277552046757696,0.8530693069051438,0.4078357883851724,0.0052232498328752385,0.01856707172587532,0.02076399474339747,4.739775706704911,7,0.4,0.8,0.5,True,4.740478088263437,4.739775706704911,-1,0.45271346686545616,0.8530907350455648,0.4078316260109697,18896.3506231308
0,0,239,0.3502722062690421,0.7092464929639385,0.44907068036444,121.83395518462875,0.3526776934375001,0.7176294120899211,0.4419774822369973,0.006867479421448495,0.011819472086425791,0.015795282207438387,4.154850314550921,6,0.4,0.7,0.4,True,4.355298959376265,4.154850314550921,5,0.34815316860221324,0.7194606482927788,0.4321513325862129,18896.3506231308
0,0,240,0.3861867245372255,0.676337947051896,0.41494756386543846,125.39998545438425,0.38618877482579594,0.6752291048551831,0.41632980724132107,5.309060203656397e-06,0.001639479496228592,0.0033311278249385018,4.988149593574432,6,0.4,0.7,0.4,True,4.98825517744752,4.988149593574432,0,0.38626018127882705,0.675283164719923,0.41636498043870174,18896.3506231308
0,0,241,0.43554883906778286,0.7347389952304827,0.4748233062481482,99.15190381193581,0.4344216729981445,0.7413988409927907,0.4901156760313278,0.0025879211893914534,0.009064233429204201,0.03220644307461095,4.892596640463291,12,0.5,0.85,0.5,True,5.23998150928079,4.892596640463291,9,0.4249719925612546,0.7507794308059065,0.5,18896.3506231308
0,0,242,0.4731622821148647,0.8237303788743358,0.4424320140054331,119.37035044915612,0.47073069957411984,0.8126988064513079,0.45452127162823186,0.005139003324349067,0.013392212677773296,0.027324554372438158,5.428730415726823,12,0.5,0.85,0.5,True,5.582315992200211,5.428730415726823,4,0.4738337894954988,0.8037724034661802,0.4570492920188084,18896.3506231308
0,0,243,0.5154632464522646,0.5434869433879628,0.4605879937587271,131.3780390788744,0.5114818059226364,0.6259040897101962,0.5027476250879851,0.007724004683226123,0.1516451265755629,0.09153436889486691,7.445536967326326,10,0.5,0.65,0.5,True,7.758403326194166,7.445536967326326,0,0.5083210631316053,0.6300095213908988,0.5,18896.3506231308
0,0,244,0.3251776348669531,0.6505017912498109,0.37565452894778223,104.75283298805502,0.32715241126294015,0.6273902984252546,0.3843063000752047,0.006072915798145266,0.03552871511722065,0.023031190790262317,4.322260849583257,1,0.3,0.65,0.4,True,4.3446256317573635,4.322260849583257,4,0.32857737671679277,0.6179026165536585,0.39045730421128566,18896.3506231308
0,0,245,0.4520887787197591,0.6884305168958222,0.44316096691638196,116.96481770024755,0.45271969540635404,0.7422797157353744,0.48981489075363094,0.0013955592713041473,0.07822023794407272,0.10527534534884228,5.320883715618803,12,0.5,0.85,0.5,True,5.5116810987744955,5.320883715618803,9,0.4431253355585916,0.7464226118322578,0.5,18896.3506231308
0,0,246,0.327932120498417,0.7865734660005176,0.4466090597602781,98.8840501482808,0.3278516532059967,0.7781375689319117,0.45732989074776437,0.0002453778919187244,0.010724868601911844,0.02400495635543262,4.069825939748904,2,0.3,0.75,0.5,True,4.07523473105567,4.069825939748904,0,0.32780315522956033,0.7761975507191341,0.459636586944852,18896.3506231308
0,0,247,0.4147125715035996,0.69409814494514,0.48297519612416595,131.10878982885228,0.41968956557013093,0.7043516008934562,0.4740189799142967,0.012001068712449556,0.014772343108807158,0.018543843000100434,4.963953082650517,4,0.4,0.55,0.5,True,5.355140211197964,4.963953082650517,6,0.4105677357417749,0.7024379455590893,0.46437879651088254,18896.3506231308
0,0,248,0.38137032793314796,0.8451246156902894,0.3647309402643175,139.14821486697693,0.3692346811603826,0.7840446568034694,0.40331967706460115,0.031821161437846995,0.07227331656519145,0.1058005574528958,4.378907498757361,8,0.4,0.9,0.3,True,4.504041586644903,4.378907498757361,9,0.35924370087101876,0.7735575658991672,0.39312835788182626,18896.3506231308
0,0,249,0.35629984196190617,0.6088670337585349,0.32914681206644014,145.05177298958372,0.35639020408253896,0.6066394037945819,0.3308264917484196,0.00025361257567566676,0.0036586476856889866,0.005103132159883747,4.502764301783332,5,0.4,0.65,0.3,True,4.502774659734133,4.502764301783332,-1,0.3563923663931005,0.6065829946333646,0.33084868674678825,18896.3506231308
0,0,250,0.35041218021195364,0.5326107724857062,0.3433196928925634,116.75183106188533,0.3497613278939791,0.525792618628809,0.35168945652987144,0.0018573906808286014,0.012801381814109277,0.02437892090252802,4.58786974430195,5,0.4,0.65,0.3,True,4.762205254688192,4.58786974430195,2,0.35917941238884077,0.53,0.3606439277897295,18896.3506231308
0,0,251,0.31692752989101775,0.6010444225304983,0.4981724357818414,142.9333926141503,0.317250364167855,0.5950545215682067,0.4887400108390878,0.0010186375318934357,0.009965820724320309,0.018934056293078847,3.9265551392500067,1,0.3,0.65,0.4,True,3.9265723469815357,3.9265551392500067,-1,0.3172077789784436,0.5947765303439484,0.4890165699273511,18896.3506231308
0,0,252,0.3420903178753152,0.6126488168995977,0.4533653103789346,151.0523895853536,0.3537950795364182,0.6312819010919499,0.4390680328081013,0.034215413443443775,0.030413972374333083,0.03153588782274339,4.190289251530883,6,0.4,0.7,0.4,True,4.190389432108345,4.190289251530883,-1,0.3538101033979771,0.6315990296016373,0.4392419684406763,18896.3506231308
0,0,253,0.3911563817056912,0.8114260697141225,0.32934385358472035,127.6080348134695,0.4176046052780116,0.8774922099549711,0.305014790293444,0.06761547250485658,0.08141979005447134,0.07387131420996117,4.707750464901057,8,0.4,0.9,0.3,True,4.707896452905065,4.707750464901057,-1,0.4175745442040317,0.8775573118592539,0.30505247689097287,18896.3506231308
0,0,254,0.4424377049565529,0.8129148008312689,0.3557264550319948,119.60209445919214,0.4426296720358729,0.8117284943676353,0.35751453414079615,0.0004338849902922744,0.0014593244733894755,0.005026556455129352,4.539265096485429,6,0.4,0.7,0.4,True,4.540912719451923,4.539265096485429,0,0.44254372324676244,0.8120849440480232,0.35778691148203445,18896.3506231308
0,0,255,0.3958509507041184,0.5814574871824865,0.43518996919910546,128.5849672988433,0.3915765429558955,0.5748219647635747,0.4519972983716831,0.010798023196912428,0.011411878882263374,0.03862067226298607,5.663532364020501,4,0.4,0.55,0.5,True,5.663535832532863,5.663532364020501,-1,0.39151631152846683,0.5747048780110144,0.4520567820130496,18896.3506231308
0,0,256,0.42330426015581973,0.7548762920263619,0.42105174640516063,98.3222604578214,0.42409603035959176,0.7489873601801791,0.41718606426713856,0.0018704517726341118,0.007801187967335346,0.00918101437893643,5.383641080502547,6,0.4,0.7,0.4,True,5.383642360277439,5.383641080502547,-1,0.4240979189440922,0.7489989903340847,0.4171885566886081,18896.3506231308
0,0,257,0.37974874819714005,0.6756850205201878,0.33766403723784066,138.7983489733331,0.3704566568445489,0.6412357911645059,0.38095954123796666,0.024469050646527202,0.05098415431669702,0.12822065492757795,4.423881692992322,6,0.4,0.7,0.4,True,4.517241773005859,4.423881692992322,4,0.3748638120876808,0.6434764608282102,0.39090963058806594,18896.3506231308
0,0,258,0.45875499738223363,0.8047719614057239,0.30323276159873,99.83889220187494,0.46176931203898786,0.8097869125155681,0.30135426291256384,0.006570641571110133,0.006231518181975904,0.006194906764896386,4.9236437930962165,11,0.5,0.75,0.3,True,4.923685499999044,4.9236437930962165,-1,0.46167368749843096,0.8097610914756217,0.3012867264017898,18896.3506231308
0,0,259,0.3679870581084259,0.7247289835095454,0.3154988836666645,151.70640498495948,0.3651269431894654,0.7017605427591138,0.3442090608086379,0.007772324748762677,0.03169245507362694,0.0909992986609318,4.35038306212608,6,0.4,0.7,0.4,True,4.424280617112107,4.35038306212608,4,0.36945780925064164,0.6917122104422048,0.3546470720286419,18896.3506231308
0,0,260,0.42022737161463486,0.6157118310015103,0.31352155163846523,138.3036377426321,0.42078735850116317,0.6168619584506522,0.3129866767647156,0.0013325807035764383,0.0018679638610664766,0.0017060226671958844,5.170092021129879,5,0.4,0.65,0.3,True,5.1702010158296625,5.170092021129879,-1,0.42071936716180636,0.6166329111064441,0.31296760568164195,18896.3506231308
0,0,261,0.48806730748895183,0.7271595230276305,0.4268617608557317,104.3249947350283,0.47355161480357755,0.723008699760832,0.48714248125569287,0.02974116983998742,0.0057082705174732,0.14121836605629925,5.58275151612298,12,0.5,0.85,0.5,True,5.748880975386674,5.58275151612298,3,0.4837648150217013,0.7332130557045897,0.4974297816011394,18896.3506231308
0,0,262,0.43346399932575447,0.5949132482482364,0.40131370331623173,115.12536070636656,0.4128697484602804,0.5746208820688841,0.45993788453588424,0.047510868024814176,0.03410979035868618,0.14608068634391277,5.903998296564873,4,0.4,0.55,0.5,True,5.90410091334865,5.903998296564873,0,0.41195765818880575,0.572615172989503,0.46081990946637363,18896.3506231308
0,0,263,0.5195702039450001,0.7170236197034207,0.340472235869969,109.83151249402268,0.5230029581474581,0.7191142614054543,0.33661833038117245,0.0066069112054420506,0.0029157222225097697,0.011319294446870578,5.311536956219047,11,0.5,0.75,0.3,True,5.311586655509233,5.311536956219047,-1,0.523003218744007,0.7190557630045353,0.33666684007261627,18896.3506231308
0,0,264,0.4326331889869483,0.8336207790193341,0.3674301352954605,150.2756077603637,0.44243431767693364,0.863412690398695,0.3587087484015506,0.02265459271151992,0.0357379663861161,0.023736177455604683,4.399443087438802,6,0.4,0.7,0.4,True,4.481140762420869,4.399443087438802,5,0.43666224186587277,0.8670438018619084,0.3573521422390444,18896.3506231308
0,0,265,0.3672123010740665,0.8581327923945604,0.44579421719558293,151.99917007579376,0.3665227596667578,0.8522231484010011,0.44828859697528806,0.001877773171791493,0.006886631120422349,0.00559536145488125,3.8282863500317217,7,0.4,0.8,0.5,True,3.8283097972011015,3.8282863500317217,0,0.36626985041910376,0.8512131397254934,0.4493456124185638,18896.3506231308
0,0,266,0.51709995590951,0.5893390063965035,0.4404137818486799,108.73483800958103,0.5122532651221373,0.5861376768111998,0.48201363037457584,0.00937283156183599,0.005432068046671751,0.09445628234265627,7.425193394899729,10,0.5,0.65,0.5,True,7.538033061226445,7.425193394899729,4,0.519505298916949,0.5893601749356364,0.4902334240166155,18896.3506231308
0,0,267,0.4460188703724461,0.6231862634387253,0.3921998931904178,118.29641992516015,0.43556914464836427,0.6065889382091858,0.420586653013685,0.023428887022999313,0.026633008786098547,0.07237829565008332,5.351099636372578,11,0.5,0.75,0.3,True,5.455730375672177,5.351099636372578,9,0.44497945352734053,0.6040351017722986,0.4308981913370263,18896.3506231308
0,0,268,0.33018734546298284,0.7548267011028168,0.43518331604847094,148.71104200627045,0.32848248946950126,0.7398888605021692,0.44991958976890456,0.005163299008600893,0.019789761780847365,0.033862221222635956,4.237244803863031,2,0.3,0.75,0.5,True,4.33302007478777,4.237244803863031,4,0.3346367488227615,0.7383296753135196,0.45503639888826,18896.3506231308
0,0,269,0.46694238047390235,0.6003643798241409,0.42404169154954535,123.13126122084117,0.45077017774853245,0.5923686974172558,0.4638382053862377,0.03463425767641105,0.01331804929737368,0.09385047420989855,6.553518439841909,4,0.4,0.55,0.5,True,6.553524989341804,6.553518439841909,-1,0.4505974966941878,0.5921329283510105,0.463978939255929,18896.3506231308
0,0,270,0.4637223416766017,0.6439040666389632,0.3242394197723255,113.97447010088298,0.4684838466265362,0.653129347286213,0.34002089321885487,0.010268008508537957,0.014327104184018804,0.0486722849973356,5.273773836399674,11,0.5,0.75,0.3,True,5.437616934884328,5.273773836399674,4,0.46810853841923383,0.6468281124059144,0.3452927618745568,18896.3506231308
0,0,271,0.5129857035942587,0.8128318962093557,0.3020038247920634,106.1833260741547,0.5116963995068297,0.8112436792169156,0.30468812352057784,0.002513333370492451,0.0019539304496375026,0.00888829381668476,4.6048130374526535,11,0.5,0.75,0.3,True,4.604918934797394,4.6048130374526535,0,0.5118485280918561,0.8111450649872541,0.3048271001470035,18896.3506231308
0,0,272,0.37834698931504585,0.8674125776286683,0.38068741105025516,105.11350603550433,0.3787114286207462,0.8676650406321186,0.3805971415730667,0.0009632409296030715,0.0002910529659835684,0.00023712230709034527,4.340328757841089,7,0.4,0.8,0.5,True,4.34112024849604,4.340328757841089,0,0.37867813668974987,0.8672428415038305,0.38108842812615235,18896.3506231308
0,0,273,0.49804184950469194,0.8545099021407536,0.36034959508713515,115.94988151493638,0.5165509475609064,0.8897485793300993,0.34207539606457726,0.03716374050618823,0.041238465582510285,0.05071241725174981,5.24108664852674,11,0.5,0.75,0.3,True,5.383424873708286,5.24108664852674,8,0.507127423044154,0.9,0.3319231711408194,18896.3506231308
0,0,274,0.47549955137100336,0.6277614502127626,0.45788448073623916,121.92749339661376,0.4639077810078111,0.598221005160908,0.4736949773576381,0.024378088958800937,0.04705680006608031,0.03452944418639612,6.4620453263978135,10,0.5,0.65,0.5,True,6.495494690046702,6.4620453263978135,4,0.4717258702043272,0.5886967263409412,0.4733257485530453,18896.3506231308
0,0,275,0.45303120285159604,0.8502819832680458,0.3058635226899593,115.30707766007114,0.4545190281953675,0.8527995635803223,0.3049365765146546,0.0032841564431022995,0.002960876934731893,0.003030587522018128,4.537220643690258,11,0.5,0.75,0.3,True,4.642388792300249,4.537220643690258,0,0.4592291125643631,0.8430631394816077,0.3,18896.3506231308
0,0,276,0.4790495972295576,0.7459284507194883,0.3222617148497485,149.3852083476478,0.48024671769740945,0.7469221539126238,0.3226624720086258,0.0024989489079524506,0.0013321695829902178,0.001243576696859952,4.862757563185218,11,0.5,0.75,0.3,True,4.862853463389418,4.862757563185218,0,0.48029293275961804,0.7467553469205331,0.32269982143714687,18896.3506231308
0,0,277,0.5211845903129578,0.5374052148645928,0.38713601650613433,115.55256389206549,0.49883889254980524,0.5309325348514434,0.41902936317349343,0.04287482434915158,0.012044319322022705,0.08238279392135486,7.177709059763616,9,0.5,0.55,0.4,True,7.1777854087014745,7.177709059763616,0,0.4989167060774611,0.5312881489857756,0.41924045199449067,18896.3506231308
0,0,278,0.5063883657410383,0.5472306843599299,0.4710063700525634,107.71673557961353,0.5080262570237024,0.5895862601632701,0.5013930185753492,0.003234456779565345,0.0773998553331882,0.0645143048052508,7.16042091615211,10,0.5,0.65,0.5,True,7.613054217225849,7.16042091615211,4,0.506742484415175,0.5904785812136171,0.5,18896.3506231308
0,0,279,0.3353602722822655,0.6974231965809906,0.358824935091255,128.71870760942244,0.32911878854570104,0.6623721778832293,0.3987861324080144,0.018611279428205934,0.05025789057432199,0.11136683493469209,4.126537273049075,1,0.3,0.65,0.4,True,4.126601728410943,4.126537273049075,-1,0.3291268670572678,0.6624298064022609,0.3988413827456021,18896.3506231308
0,0,280,0.49623696049223526,0.8466369986972865,0.45314170531151315,95.76241255519722,0.4843281514546715,0.8391974421047476,0.48053588560374483,0.023998230655271978,0.008787185776178109,0.06045389327693749,5.7424008260667785,12,0.5,0.85,0.5,True,5.743153973325784,5.7424008260667785,-1,0.4845726839582889,0.8394444308779253,0.4803711598100588,18896.3506231308
0,0,281,0.3270921424662645,0.6494423372347103,0.47520075549144525,153.17996939523243,0.3296449386401654,0.665470238900561,0.47198810026506605,0.007804516961651583,0.024679483838544597,0.00676062735434148,4.257557572340606,1,0.3,0.65,0.4,True,4.385062773354554,4.257557572340606,5,0.3252614914715268,0.674797553728453,0.4656036766491603,18896.3506231308
0,0,282,0.42888105810559696,0.8112212936309939,0.36586727679087655,144.8802062647363,0.43024681358528033,0.8007890306138226,0.36300569606323374,0.0031844621110478214,0.012859947216716886,0.00782136285251452,4.756565329980358,6,0.4,0.7,0.4,True,4.833500694733559,4.756565329980358,0,0.429614701942324,0.793368002479867,0.35643089107397113,18896.3506231308
0,0,283,0.4888325912515506,0.558315960986898,0.4925155315185643,115.2317465267845,0.5030679130355604,0.5745664585574229,0.4939859475972586,0.02912105706283484,0.02910627441458071,0.002985522251776702,7.5351998927018515,10,0.5,0.65,0.5,True,8.3194356186741,7.5351998927018515,4,0.5100386773036072,0.5678300743651585,0.5,18896.3506231308
0,0,284,0.3539516713449036,0.7170117700439468,0.4244257020272726,94.79934972416359,0.35682902847982334,0.7324478615570532,0.4186131504909136,0.008129237316458279,0.021528365583399458,0.013695097890149714,4.65840335323696,6,0.4,0.7,0.4,True,4.797047690884986,4.65840335323696,5,0.35317013508172157,0.7422870676974187,0.41441203378606634,18896.3506231308
0,0,285,0.3478699878780012,0.6546423601992597,0.34436746400399265,131.4430152719843,0.3447898239882971,0.6358699036145524,0.37580725472055576,0.008854353629334455,0.028675896529203097,0.09129721591874485,4.165568236990175,6,0.4,0.7,0.4,True,4.249641343640468,4.165568236990175,4,0.34867316949809923,0.6396533390356178,0.38589753549050965,18896.3506231308
0,0,286,0.3345581552868218,0.7933625616568424,0.39570449540757696,112.11284356082297,0.32897822577661334,0.7475411094374658,0.4436030529116717,0.016678503937304148,0.05775600517836891,0.12104628089898004,4.170338620767906,2,0.3,0.75,0.5,True,4.249577550626897,4.170338620767906,4,0.33279303721890424,0.746362318118275,0.4451096057396197,18896.3506231308
0,0,287,0.5211257969098527,0.8822338038437789,0.480078193326275,153.80069060075772,0.525038031601558,0.8879020746709587,0.4768860869659155,0.007507275047414471,0.006424907776695786,0.00664913842106143,5.933103625198049,12,0.5,0.85,0.5,True,5.933200721844405,5.933103625198049,-1,0.525083132341066,0.8878578583891328,0.4768071764062543,18896.3506231308
0,0,288,0.3345973398570201,0.6526652902467663,0.32884211514857437,123.43441750914016,0.3254411082723857,0.6125460404301719,0.3966120534260334,0.027364926417367947,0.061469868883981454,0.20608655386746874,4.727235664241295,1,0.3,0.65,0.4,True,4.7645613743989275,4.727235664241295,4,0.32921516810351775,0.6069122363469057,0.4050989120673256,18896.3506231308
0,0,289,0.5135659082676385,0.7191603400060927,0.488845015564598,135.73042667766543,0.5072071215824209,0.6994762872093002,0.4947046746832189,0.012381637065176468,0.02737088198804979,0.011986742079906895,6.27278063959371,10,0.5,0.65,0.5,True,6.274149006611606,6.27278063959371,0,0.5074880432347263,0.6998255663425381,0.4943850696741919,18896.3506231308
0,0,290,0.3270599107447085,0.7122444159928645,0.40384680592594235,110.3252008710757,0.32712221059680396,0.7117554318272004,0.40489245207704,0.00019048452607224833,0.0006865398375675268,0.0025892148600759187,4.0327306033341985,1,0.3,0.65,0.4,True,4.03284340027747,4.0327306033341985,-1,0.32708454596184316,0.7117470238401905,0.40486723582365836,18896.3506231308
0,0,291,0.34376576706373696,0.5398595165647874,0.3787655921847317,117.51428761728621,0.3444299808740291,0.5399882976528065,0.37963347732422975,0.0019321697327965327,0.00023854555503369557,0.0022913515836854356,4.366886117347709,5,0.4,0.65,0.3,True,4.440055466955986,4.366886117347709,3,0.34531881509642437,0.53,0.3893986998632959,18896.3506231308
0,0,292,0.3214483621547403,0.6170651672190641,0.45762127875969577,132.34971136435425,0.32153874188422393,0.6171230717762981,0.4577859701993483,0.0002811640690211591,9.383864186490697e-05,0.0003598858866416771,4.592421105318821,1,0.3,0.65,0.4,False,4.592421105318821,4.592421105318821,-1,nan,nan,nan,18896.3506231308
0,0,293,0.5238693918803434,0.8381947170963984,0.42628583926645613,105.40575605944852,0.5260207435865157,0.8374196146289248,0.42803306241074734,0.0041066566199838206,0.000924728409358902,0.004098712608651968,5.176860809707316,12,0.5,0.85,0.5,True,5.32773613405563,5.176860809707316,4,0.53,0.827624666367815,0.43575673145692245,18896.3506231308
0,0,294,0.4941396891398534,0.6820448740506405,0.30568130298012414,153.2650255456472,0.48934569953325413,0.672337445342156,0.31707522711626346,0.009701689040490036,0.014232829946851494,0.03727386668748979,5.636046346587976,11,0.5,0.75,0.3,True,5.75685664243332,5.636046346587976,4,0.49250268981229306,0.6625607922846578,0.32746139802950075,18896.3506231308
0,0,295,0.515648904858947,0.6467280841445219,0.39868667427167614,110.7983505117164,0.49575479800137867,0.6414390282820238,0.43503208604371135,0.03858072163075813,0.008178175638520956,0.09116284570692332,6.6370118508851945,10,0.5,0.65,0.5,True,6.714678098340116,6.6370118508851945,4,0.4995468097334735,0.631409867307556,0.44534294699552035,18896.3506231308
0,0,296,0.4770224611993524,0.8774287198362093,0.4217406829944983,132.1058888135201,0.47968039660589445,0.8827860864486822,0.41926974797623795,0.005571929254357062,0.0061057570733186696,0.005858896516019962,5.285643432073323,12,0.5,0.85,0.5,True,5.28577689220979,5.285643432073323,-1,0.47978468369537924,0.8827929425336021,0.41920960665645657,18896.3506231308
0,0,297,0.3653338088795916,0.6276733542061759,0.3762788709250004,129.30365793626504,0.36219440173333645,0.6178984402885277,0.39666770911225024,0.00859325655044934,0.015573249767804142,0.05418544532444325,5.123528189372449,6,0.4,0.7,0.4,True,5.237264617186697,5.123528189372449,4,0.36917744999866975,0.6276299004659645,0.40652725074891694,18896.3506231308
0,0,298,0.47106102108174175,0.549225426720238,0.4122926839855594,154.13241696800122,0.48576549498306987,0.5624034425035853,0.39526070686504544,0.031215645623916943,0.02399381955427908,0.041310403463551415,6.503351332398575,9,0.5,0.55,0.4,True,6.50335166296604,6.503351332398575,-1,0.48579684080429547,0.5623185142820167,0.395307144755858,18896.3506231308
0,0,299,0.36267157046870063,0.6807374044081026,0.30864752768790327,143.3061500965042,0.36320929632833654,0.6812334526344279,0.31088903646920196,0.0014826799325377887,0.0007286924783523975,0.0072623578037056356,4.474145113414355,5,0.4,0.65,0.3,True,4.628925647834299,4.474145113414355,5,0.36730799283821614,0.6913980232475148,0.3148324157767146,18896.3506231308
