repeat_idx,seed,signal_idx,true_gamma,true_kappa,true_zeta,known_Qr,estimated_gamma,estimated_kappa,estimated_zeta,relerr_gamma,relerr_kappa,relerr_zeta,signal_loss,multistart_index,multistart_init_gamma,multistart_init_kappa,multistart_init_zeta,hard_refined,loss_before_hard_refinement,loss_after_hard_refinement,hard_multistart_index,hard_multistart_init_gamma,hard_multistart_init_kappa,hard_multistart_init_zeta,elapsed_seconds_repeat
0,0,0,0.45089891602482685,0.628274283386174,0.3081947047872389,94.78297722053307,0.46841163451696355,0.6183846916713347,0.3448109784573869,0.03883956662954683,0.015740882567304694,0.11880889937880626,10.857282283117508,11,0.5,0.75,0.3,True,10.984213016232388,10.857282283117508,3,0.47378401438705464,0.616975034293643,0.352417019064317,18898.72129392624
0,0,1,0.4881000204712574,0.8565282299335912,0.42132715515343605,139.34353506149992,0.4519470614554124,0.7607672641229576,0.5101891987165613,0.07406875127958308,0.11180129558375237,0.21090984161883441,9.99289253337782,12,0.5,0.85,0.5,True,10.017670239754365,9.99289253337782,9,0.44299242716986115,0.7702020169394433,0.5,18898.72129392624
0,0,2,0.43120487319920425,0.8644507104446577,0.4631707108243065,93.92115626063426,0.43550125598216616,0.8638660166711619,0.4584950746523956,0.00996366935996361,0.0006763760691399474,0.010094844217566493,9.634974715089804,7,0.4,0.8,0.5,True,9.635167310443473,9.634974715089804,0,0.43539923204231745,0.8639257139461828,0.458611951333162,18898.72129392624
0,0,3,0.4974123023599772,0.5444228792334398,0.4459310892859888,104.72847628765994,0.5154668105804404,0.530653687774075,0.5013306222005637,0.03629686707546928,0.025291353439723517,0.12423339445401514,12.38670130522478,10,0.5,0.65,0.5,True,13.408020029634937,12.38670130522478,1,0.5154212354962436,0.53,0.5,18898.72129392624
0,0,4,0.49863075261582607,0.7247187331884276,0.359942378107477,120.16795132485365,0.5042952322871924,0.7347452117106598,0.35707533595266056,0.01136006883179665,0.013834992891822015,0.007965280914936722,10.698821086817782,11,0.5,0.75,0.3,True,10.708495519513516,10.698821086817782,0,0.5130299022578115,0.7422633416412108,0.34653489653854086,18898.72129392624
0,0,5,0.3224754506116927,0.5766205631573451,0.4341248829387261,134.19934447339062,0.30857431567162696,0.5209773206507423,0.51062659501398,0.04310757582847668,0.09649888689699603,0.176220518753475,9.634876294072258,6,0.4,0.7,0.4,True,9.73605033585663,9.634876294072258,9,0.3,0.5313479614195872,0.5,18898.72129392624
0,0,6,0.44634625852254456,0.6687055317629687,0.49944198715784227,155.05220867351437,0.45360262629095915,0.6876206999676256,0.5014810398308505,0.01625726132987868,0.02828624455190199,0.004082661701335442,10.870967393894583,10,0.5,0.65,0.5,True,10.897985076975532,10.870967393894583,5,0.4523690017619604,0.6972153094164838,0.4944149764627603,18898.72129392624
0,0,7,0.4611493587254266,0.7634130430750747,0.437689346114188,118.05758899869397,0.47564270920617724,0.7972600905965121,0.4863840938786512,0.031428755578905884,0.044336480531036546,0.11125413080481815,11.032295646138603,12,0.5,0.85,0.5,True,11.050405137469534,11.032295646138603,4,0.48488006624706526,0.7922899335978115,0.48735372987924397,18898.72129392624
0,0,8,0.3450053625597288,0.788628360768899,0.4050708644951452,113.14011722243472,0.3482207084603659,0.766274052621149,0.43179060236965594,0.009319698328110615,0.028345808063451973,0.06596311958356364,9.013500950312402,7,0.4,0.8,0.5,True,9.096267815332471,9.013500950312402,4,0.3483564086812466,0.7645981431508606,0.43198398805055344,18898.72129392624
0,0,9,0.41901126071350747,0.8482681811938951,0.48680870319124997,116.1121997943169,0.42184634190122416,0.8488666735761291,0.4933801002551462,0.006766121709686308,0.0007055461886966273,0.01349893093697338,10.256695039655655,7,0.4,0.8,0.5,True,10.344402165127606,10.256695039655655,5,0.43021695011054517,0.8522250265527183,0.49607278816366596,18898.72129392624
0,0,10,0.4244943628117542,0.869914612195707,0.3288319225439268,153.04059044607774,0.43028933028689603,0.8713676230078624,0.332028400563167,0.013651459201383281,0.0016702913042096863,0.009720704712947155,9.326451601546538,8,0.4,0.9,0.3,True,9.326764332308116,9.326451601546538,-1,0.4303510232271761,0.8713209217746665,0.3319627755542099,18898.72129392624
0,0,11,0.3822964363742124,0.6827808893852644,0.46554051876408836,119.32494602307258,0.403497424478906,0.7315137631184476,0.432482572927004,0.0554569336449188,0.07137410330429642,0.07100981440852074,9.878073739297289,6,0.4,0.7,0.4,True,9.985385259747748,9.878073739297289,5,0.40230644584774145,0.7346375349725822,0.4335899675234412,18898.72129392624
0,0,12,0.43246426809901556,0.5422834852012892,0.4507026217349614,127.3839570762049,0.428457847788962,0.5348626051603047,0.46586821492638103,0.009264164939370788,0.013684503112297379,0.033648779616680065,12.261612659301086,4,0.4,0.55,0.5,True,12.32062765804576,12.261612659301086,3,0.43453038801071603,0.53,0.4759550921464699,18898.72129392624
0,0,13,0.3860733921813085,0.8123921897170834,0.36063896585832905,122.09361809254071,0.43139319543779825,0.8798838359596133,0.31316571212799316,0.11738649742328422,0.08307766506966784,0.1316365069352627,9.508114054422856,8,0.4,0.9,0.3,True,9.508172678981946,9.508114054422856,0,0.4312756829124557,0.8802209881256753,0.3133502754897441,18898.72129392624
0,0,14,0.34478279811915175,0.6756051101887308,0.34069104813522993,110.1445837776156,0.3491910816462488,0.6494090286137647,0.3833558360195168,0.012785682902815844,0.038774250194241744,0.1252301406738224,9.417506851677082,6,0.4,0.7,0.4,True,9.457437574815993,9.417506851677082,4,0.3526830566903839,0.6469718155163169,0.3870122459276685,18898.72129392624
0,0,15,0.474826945924941,0.6320451090850442,0.3970381948863271,155.0460749875774,0.48653103629536965,0.6520829110553247,0.38736074972389734,0.024649170547028674,0.03170312004990821,0.024374091175788308,11.062195828606814,9,0.5,0.55,0.4,True,11.089204298264542,11.062195828606814,5,0.48566232296925194,0.6620030277283045,0.3896243573894304,18898.72129392624
0,0,16,0.5194096678630591,0.7898004289746045,0.4082453711094869,111.05570025283568,0.4711309885130113,0.7368702666684119,0.5083998870878993,0.09294913502221594,0.06701713542357984,0.24532921391422727,11.023268338490663,12,0.5,0.85,0.5,True,11.068279299978395,11.023268338490663,9,0.4626610123972658,0.735714893956784,0.5,18898.72129392624
0,0,17,0.35039757385155174,0.876823521691727,0.40321371710957576,100.99160077942315,0.35784671303770654,0.8744395949713386,0.40981807484400373,0.021259106061364125,0.0027188215888515823,0.016379298258430017,8.488990065873207,7,0.4,0.8,0.5,True,8.491033011941024,8.488990065873207,0,0.35618027507336364,0.8700380233465421,0.412899467912294,18898.72129392624
0,0,18,0.4480563384184125,0.8082225055915158,0.42260066021060805,151.0811065494314,0.48756292028443005,0.8962788493925361,0.4112262663387453,0.08817324626066271,0.10895062088944718,0.02691522977317207,10.277455237324046,12,0.5,0.85,0.5,True,10.280280524467114,10.277455237324046,5,0.4867322769951359,0.9,0.41678618761043923,18898.72129392624
0,0,19,0.3248540969761468,0.7201491884573076,0.39186717657708076,97.64684869686722,0.33506501166725644,0.6985624663372583,0.45966298428783514,0.03143231003135352,0.029975347422514006,0.17300710996757562,8.430352219872098,7,0.4,0.8,0.5,True,8.476027659017763,8.430352219872098,3,0.34398256898868007,0.6896955381514495,0.4629639139883344,18898.72129392624
0,0,20,0.37170016032660574,0.6384643559120138,0.46284514811885613,99.49474638344356,0.3714097742983277,0.6290028487709443,0.46645540111748796,0.0007812372962736035,0.014819162657176444,0.007800131454990927,9.87038372324181,6,0.4,0.7,0.4,True,9.87255125473545,9.87038372324181,0,0.3717783665672454,0.6324115994410784,0.4639110130743962,18898.72129392624
0,0,21,0.44312121097875296,0.791138987018187,0.3375802146733207,97.19666420831678,0.4600573775823878,0.8055215979983865,0.31886052167607365,0.038220166816719824,0.018179626103888263,0.055452577442556224,10.005248698712116,11,0.5,0.75,0.3,True,10.005459520417569,10.005248698712116,-1,0.46013269963350106,0.8055382731566669,0.31882590593103743,18898.72129392624
0,0,22,0.374518536628174,0.7658887202808353,0.4124531325560856,103.1288914565835,0.3903953220958642,0.7712600591879964,0.42611283796181615,0.04239252243862314,0.007013210620456155,0.03311820017241128,9.974625999552163,7,0.4,0.8,0.5,True,10.042495815411346,9.974625999552163,4,0.4008319371488469,0.7796049135307891,0.4287737759251984,18898.72129392624
0,0,23,0.40778509685981007,0.7701005409939545,0.3845569346540256,133.32402495463228,0.41625568969346977,0.7914148035264871,0.38346320455049643,0.020772198147721296,0.027677246538513816,0.0028441304914008144,9.22143731115432,6,0.4,0.7,0.4,True,9.242166891405143,9.22143731115432,5,0.4103753860278654,0.8009220291764624,0.383704221785784,18898.72129392624
0,0,24,0.5206289859761658,0.774988011919917,0.37832496661600523,105.45328560750613,0.5256159463040524,0.84275413031174,0.5261363895370693,0.009578722011676262,0.08744150535173129,0.3906996258882663,10.48536429693803,12,0.5,0.85,0.5,True,10.485466315079524,10.48536429693803,-1,0.5255171179161765,0.8426709699693435,0.5262770362790956,18898.72129392624
0,0,25,0.3894977004356357,0.7139284206171999,0.47824188190011585,142.22274640454307,0.4073206586490701,0.7361504191205245,0.4935265394082462,0.04575882782748191,0.03112636766037894,0.03196009819843143,9.507214842158946,7,0.4,0.8,0.5,True,9.570973260202074,9.507214842158946,4,0.41685895584891103,0.7291161456885539,0.492811945218034,18898.72129392624
0,0,26,0.383628932729844,0.8605969982599225,0.3941819770831515,137.10992763763937,0.38864424784466994,0.869636073274824,0.3908024585382205,0.01307334949722833,0.010503261146829363,0.008573498387568632,9.1645765798749,7,0.4,0.8,0.5,True,9.164592607365012,9.1645765798749,-1,0.3885815009049954,0.8694632945744929,0.39091229112839293,18898.72129392624
0,0,27,0.33912074208370707,0.5696129632436941,0.3403814895058901,149.02810460551837,0.3394851149014354,0.540176673494246,0.3653159016657861,0.0010744633769360855,0.05167770336865484,0.07325431296540738,9.357287356244537,5,0.4,0.65,0.3,True,9.36782568881017,9.357287356244537,2,0.34276914147351734,0.53,0.3728242927804908,18898.72129392624
0,0,28,0.45994021837324717,0.8339788948831243,0.42888725384110354,119.15889985472103,0.5345053481448644,0.9012731903532336,0.35900858436800515,0.16211917721686755,0.08069064563023519,0.1629301613588811,10.4909774686529,12,0.5,0.85,0.5,True,10.590049805490159,10.4909774686529,10,0.53,0.9,0.35994303218350765,18898.72129392624
0,0,29,0.4254979989603743,0.7431724488033467,0.4724235969815256,121.13663538494532,0.43000751714045315,0.7402560590407167,0.490580870623363,0.010598212426608362,0.003924243649405919,0.03843430717231392,9.901754168424794,12,0.5,0.85,0.5,True,10.094749208717648,9.901754168424794,9,0.44022335117839,0.7482231807283746,0.5,18898.72129392624
0,0,30,0.33457197426730473,0.6165677298416153,0.46025489304127937,130.135127254023,0.35295742277714504,0.6522522529365494,0.4377358833042009,0.05495214759127236,0.057876079735961476,0.04892725765124848,9.908144536712207,6,0.4,0.7,0.4,False,9.908144536712207,9.908144536712207,-1,nan,nan,nan,18898.72129392624
0,0,31,0.33636114351272417,0.6862600637839481,0.3958102596281668,103.73368216481741,0.3372836656097186,0.6817591624026766,0.40011905529903563,0.002742653587629842,0.006558594356276657,0.01088601309859077,9.079180168874878,6,0.4,0.7,0.4,True,9.079439209525471,9.079180168874878,0,0.33737491068887104,0.6818029226725406,0.4000936216669615,18898.72129392624
0,0,32,0.4714957789473443,0.5728535670720982,0.3782456380991324,126.04626141383524,0.4907393626894231,0.5689017230247043,0.3718628579447556,0.04081390460173744,0.0068985239414534934,0.016874695995050686,11.57100513692352,9,0.5,0.55,0.4,True,11.573567451027994,11.57100513692352,0,0.4910173650755808,0.5703601738104503,0.3725905741301629,18898.72129392624
0,0,33,0.4073625123073915,0.7408134928605399,0.4475675574584321,153.51670342725615,0.4248907642604325,0.7524467497424712,0.45325213355081984,0.04302863278645124,0.01570335447996663,0.012701045903926397,10.579107531161483,7,0.4,0.8,0.5,True,10.641441889455534,10.579107531161483,4,0.43472333543979524,0.7574380407571304,0.46255365662535103,18898.72129392624
0,0,34,0.37646644555099495,0.7627342585133379,0.4392431993340311,112.04504681328045,0.3992815213354927,0.774086613353872,0.43534577437216476,0.060603211930629564,0.014883761564166818,0.0088730456562003,9.190384375660893,7,0.4,0.8,0.5,True,9.260713202029102,9.190384375660893,4,0.4082381301937111,0.7736411346762198,0.43591673830021815,18898.72129392624
0,0,35,0.31681440762036445,0.8780783975420764,0.35968024460337517,113.37412512714604,0.31994074964382796,0.8777818100562504,0.36435265127369365,0.0098680550766169,0.00033776879906869333,0.012990445653946935,8.8972230135102,3,0.3,0.9,0.4,True,8.897398870551587,8.8972230135102,-1,0.31980024084672537,0.8778192053492703,0.36459573519853933,18898.72129392624
0,0,36,0.5046510358639281,0.7402328436612724,0.3942619330363663,142.079813103051,0.505849911986226,0.8465285551090155,0.48623150219626876,0.002375653743077055,0.1435976697845409,0.2332702233046153,11.176793370341183,12,0.5,0.85,0.5,True,11.176863207640283,11.176793370341183,-1,0.5059043185014558,0.8464465434062669,0.4861098182325516,18898.72129392624
0,0,37,0.3229030076167814,0.7834726089577462,0.37484876669569417,99.42829459401611,0.33399853207865243,0.7527744849676812,0.45191238438932957,0.03436178728641352,0.03918212792519029,0.20558589100600239,8.645216877864202,2,0.3,0.75,0.5,True,8.671833718764248,8.645216877864202,4,0.32967954981674286,0.744170693621437,0.44951200593181656,18898.72129392624
0,0,38,0.4558655142272858,0.8631696684331808,0.3414382336162003,133.13063748658394,0.47247061979962024,0.8653881277394206,0.3683730843717598,0.03642544797555246,0.002570131212171535,0.0788864517903877,9.97500127693338,12,0.5,0.85,0.5,True,10.107514479629602,9.97500127693338,4,0.46324795908516503,0.8695615976901132,0.37851614044893545,18898.72129392624
0,0,39,0.3794124121287166,0.7958236214246122,0.4444329616284235,107.41971403555029,0.3876261903121405,0.8051616667862966,0.4539723515281228,0.021648680751744483,0.011733812757364936,0.02146418183013822,9.574122695310816,7,0.4,0.8,0.5,True,9.574615584331369,9.574122695310816,0,0.38752539640604766,0.8051948750368931,0.45399742607236704,18898.72129392624
0,0,40,0.5154848382757695,0.7140212812490982,0.4952487411415408,98.80225149347513,0.506065789777497,0.655174581724886,0.5273657906280088,0.01827221248597334,0.08241589021165692,0.06485034048231737,11.471639361031365,10,0.5,0.65,0.5,True,11.471691710161588,11.471639361031365,-1,0.5061171366647257,0.6553553049941345,0.5272300359285852,18898.72129392624
0,0,41,0.4446520805509512,0.6661527374539318,0.46038024139716144,104.65798850900178,0.4388682049526296,0.642211091269421,0.48300244692043526,0.013007643169362834,0.035940175335789984,0.04913808953794362,11.24036257612062,4,0.4,0.55,0.5,True,11.383337730280118,11.24036257612062,5,0.4345519185165156,0.6360406867679818,0.4880111164923938,18898.72129392624
0,0,42,0.5004150428535955,0.7255991972710418,0.4804430159431977,123.57209523995039,0.4873394751808584,0.7038520593510034,0.5051458142012984,0.02612944566608995,0.029971281668762638,0.051416707993152136,11.28622539532473,10,0.5,0.65,0.5,True,11.286278592273973,11.28622539532473,-1,0.48758668902996133,0.7042119607320322,0.5047587769947359,18898.72129392624
0,0,43,0.40733471460090614,0.812576084728237,0.4968305999862243,116.85786204077681,0.41893547436816186,0.8449828952913565,0.4872625827228821,0.028479673721454806,0.039881570688802506,0.019258107821071235,10.523924597767785,7,0.4,0.8,0.5,True,10.52870119444578,10.523924597767785,5,0.41297497033856934,0.854385541974324,0.4957871400680558,18898.72129392624
0,0,44,0.5209448354257254,0.8623043676567238,0.33553851715239624,131.80322605278423,0.5400485739690043,0.8897787559199337,0.3180095948495194,0.03667132725803286,0.03186159005302318,0.05224116280789153,10.632064564291625,12,0.5,0.85,0.5,True,10.908151945621928,10.632064564291625,10,0.53,0.9,0.31964416333697293,18898.72129392624
0,0,45,0.4652264613141607,0.8671953060908543,0.4331314833931507,102.08723471573082,0.46350815600079215,0.8715122242975234,0.44900075528685934,0.003693481468175092,0.00497802303166163,0.03663846315070149,10.759435747413086,12,0.5,0.85,0.5,True,10.759908344778893,10.759435747413086,-1,0.463522405595786,0.871527257900167,0.44891533566966946,18898.72129392624
0,0,46,0.421550063343714,0.7077350410544208,0.4000452378697492,153.66139288182796,0.4143610456830194,0.6798638110758786,0.42513228021899874,0.017053769613202395,0.03938088177323843,0.06271051364800302,10.266778162406595,6,0.4,0.7,0.4,True,10.266778491579174,10.266778162406595,-1,0.4143655107816545,0.6799100354632324,0.42510819413759293,18898.72129392624
0,0,47,0.39033679136249577,0.6119387571062667,0.4044174004422896,133.82318274781426,0.5381566380935295,0.8037092377621401,0.26740594197803075,0.3786982165197881,0.313381818734144,0.3387872488038763,10.752020890265783,11,0.5,0.75,0.3,True,10.752060314823758,10.752020890265783,-1,0.5380588360653806,0.8037616006004227,0.267532693031651,18898.72129392624
0,0,48,0.5146515882724658,0.7391156092297012,0.3535666780583177,151.86091845675418,0.4828041597639119,0.7066724696187191,0.46903411882600593,0.06188153157256619,0.043894539914796304,0.3265789677969678,11.081629336163,12,0.5,0.85,0.5,True,11.112171037833988,11.081629336163,2,0.4931602119275216,0.7070138815922332,0.47928957957388924,18898.72129392624
0,0,49,0.4202540350532325,0.7724093070514017,0.3952077820950804,107.3112516513747,0.4292268954950787,0.7908007723864803,0.3845538005671269,0.021351039355778294,0.023810517516012694,0.0269579244403399,9.989695614566259,6,0.4,0.7,0.4,True,10.104820769884654,9.989695614566259,5,0.4260098582279761,0.8005383185934724,0.38794573110074837,18898.72129392624
0,0,50,0.4863556169102752,0.8193189803564552,0.4030651122084284,111.61258625550884,0.539541487647194,0.8904357824102777,0.37903256465567964,0.10935592987451971,0.08679989571690644,0.05962447958115838,10.889863743476015,12,0.5,0.85,0.5,True,10.934343274411162,10.889863743476015,10,0.53,0.9,0.3833270596383099,18898.72129392624
0,0,51,0.3278793782025295,0.668595952678859,0.38169464108399975,96.57969961890282,0.33240116479309195,0.6696167521892181,0.39429937233501233,0.013791006361398473,0.0015267808700742652,0.0330230762874102,9.343975088092673,6,0.4,0.7,0.4,True,9.344660896190534,9.343975088092673,-1,0.33245069153375706,0.6695753568633043,0.3941632613118177,18898.72129392624
0,0,52,0.3267878769634324,0.8872075208481004,0.4304738223175976,108.406887604364,0.32544889017232687,0.8596257063670919,0.4454966087607714,0.004097418801295953,0.031088346111676844,0.03489825783666395,8.559748357069665,2,0.3,0.75,0.5,True,8.559984257629305,8.559748357069665,0,0.3254339821665194,0.8598405314529147,0.4452752987888229,18898.72129392624
0,0,53,0.408273933519505,0.8783360986070355,0.47953552162170976,146.5144398505463,0.418432525497739,0.862118150126182,0.479937369697209,0.02488180396593633,0.018464399341634498,0.0008379943870274141,10.63650862841987,7,0.4,0.8,0.5,True,10.76700139318907,10.63650862841987,5,0.4275940737897703,0.8663072754803612,0.48013140697841206,18898.72129392624
0,0,54,0.3992973841746382,0.7075231716497686,0.43533787036621324,97.5501695598785,0.3991404916439173,0.7000469141899277,0.44943818935887264,0.0003929215089781608,0.010566802275052209,0.03238936916009164,9.223542680700406,6,0.4,0.7,0.4,True,9.22357259493383,9.223542680700406,-1,0.39909823203179984,0.7001604198467922,0.4493498667776794,18898.72129392624
0,0,55,0.4337307806702726,0.6288653196081859,0.4759302346669845,97.76340233201195,0.4297219648663136,0.6279996654479963,0.5009874505545766,0.009242636175749214,0.001376533469406331,0.05264892638124796,11.226476690045638,4,0.4,0.55,0.5,True,11.289284103566779,11.226476690045638,5,0.4256056832602504,0.6262267669947762,0.4989636510473954,18898.72129392624
0,0,56,0.45980730346750803,0.8413814183262636,0.3454637050321816,149.71551496338287,0.4686812460342662,0.8517561175044076,0.3319596418247078,0.019299264060918152,0.012330554195958047,0.03908967283904936,10.178199926388379,11,0.5,0.75,0.3,True,10.35099546872792,10.178199926388379,5,0.4662041515119655,0.8489596612376055,0.32861140777798137,18898.72129392624
0,0,57,0.5005332437531347,0.5390736122729248,0.44149911346743553,93.82498022417678,0.509601811886693,0.5925864306393758,0.5013744230055864,0.018117813845009934,0.09926810949031988,0.1356181874701935,12.507264320684378,10,0.5,0.65,0.5,True,13.027789562661827,12.507264320684378,4,0.5088135457458289,0.5899038039168777,0.5,18898.72129392624
0,0,58,0.4227097967318232,0.6875168035223567,0.340650567222913,114.05891528597537,0.48441661565539684,0.7575998787903773,0.2825943942090892,0.14597915496792208,0.10193652709135805,0.17042734872604307,10.234726465235854,11,0.5,0.75,0.3,True,10.234874841579488,10.234726465235854,-1,0.4843382510918366,0.7575089302543366,0.282763636329562,18898.72129392624
0,0,59,0.48661143484670616,0.644840491028594,0.32980771670671116,137.40699939489443,0.4851801128373501,0.8370434768538649,0.5382030028603971,0.0029414064423023342,0.2980628364677989,0.631869042466966,11.439634545610192,12,0.5,0.85,0.5,True,11.439776542531416,11.439634545610192,-1,0.4851981574681976,0.8370252097369234,0.5382377668136276,18898.72129392624
0,0,60,0.43005267816058,0.6543611587837351,0.3738134479590757,117.15604784924265,0.5217824857370813,0.7366389896509395,0.30137264901379757,0.21329900320316045,0.1257376446672579,0.19378863799787313,10.122132806873127,11,0.5,0.75,0.3,True,10.122309830583283,10.122132806873127,0,0.5212084632805726,0.7364854682899199,0.301448164554905,18898.72129392624
0,0,61,0.5248508929293444,0.7571284767755369,0.43486478610089874,114.37271596159115,0.5090843265644812,0.7993837779789414,0.5498175690460514,0.03004008676991177,0.05580994837674276,0.2643414381188385,11.845011318394377,12,0.5,0.85,0.5,True,11.847002126257589,11.845011318394377,-1,0.5092046856078462,0.7995757622983858,0.5502199388806063,18898.72129392624
0,0,62,0.4599626265056087,0.5761551930849524,0.31034584639675505,146.8869591755492,0.48734437486199705,0.8497146387020259,0.5406123459619848,0.05953037655344039,0.4748016661141817,0.7419673961766204,10.87644491316022,12,0.5,0.85,0.5,True,10.877527254055043,10.87644491316022,-1,0.48748144472202964,0.8497415606324236,0.5408939462978655,18898.72129392624
0,0,63,0.3183770149679767,0.8799624845757804,0.4654006051638107,142.8256849578982,0.3171689102014381,0.8461264944745643,0.49511194422842997,0.0037945728169482104,0.03845162798903638,0.06384035331058825,8.209599543724941,2,0.3,0.75,0.5,True,8.23047559092946,8.209599543724941,5,0.31229806102781643,0.8444604742315464,0.5,18898.72129392624
0,0,64,0.32664561575753726,0.6061409395034759,0.4699731262190424,120.78092572843943,0.35307191981115893,0.6481004964826025,0.43934791896893843,0.08090206259874436,0.06922409334947413,0.06516374137492781,9.113370013738573,6,0.4,0.7,0.4,True,9.11339633054041,9.113370013738573,-1,0.3530642446058394,0.648314117911784,0.4394445023903673,18898.72129392624
0,0,65,0.4488957340113485,0.5759102515778921,0.3372672637355659,124.8292445463421,0.49876677782770956,0.6170476989353446,0.33221630047501344,0.11109716586235201,0.07143030922742422,0.014976144451756488,11.047601260675297,11,0.5,0.75,0.3,True,11.171319971413562,11.047601260675297,3,0.49905504078723767,0.6128962372303725,0.34240729647673956,18898.72129392624
0,0,66,0.47674744770951266,0.7241493075422748,0.3213760157138085,147.88662990717975,0.5744538669810463,0.8143869187977805,0.2615252544585564,0.2049437700001431,0.1246118864102314,0.18623281865735236,10.309415654915604,11,0.5,0.75,0.3,True,10.309575994139266,10.309415654915604,-1,0.5740458321014521,0.8142668484934499,0.26185688848287175,18898.72129392624
0,0,67,0.34596802992014547,0.6885785039168628,0.41736989468889285,113.69684389977556,0.3485970968893708,0.6907268905996823,0.4123220102882037,0.007599161604129006,0.0031200315876820637,0.012094510085476672,9.474347905791081,6,0.4,0.7,0.4,True,9.474380257338956,9.474347905791081,-1,0.3485920560292284,0.6906343513103345,0.41229812393953247,18898.72129392624
0,0,68,0.4047094290015008,0.8473723942434507,0.39082714031722543,127.4529445315753,0.4081423961992474,0.8400775933847133,0.41648117768039294,0.008482548099302809,0.008608730834629418,0.0656403681237304,9.390167863325726,7,0.4,0.8,0.5,True,9.390188037598548,9.390167863325726,-1,0.4081742991724256,0.8400952358126603,0.41644737394300285,18898.72129392624
0,0,69,0.5212732111017111,0.6304740134339264,0.4789580375775569,116.3659700892978,0.516959938430191,0.5336228512557595,0.49975235346533564,0.00827449517769012,0.15361642211176862,0.043415736361688176,11.63118516359,10,0.5,0.65,0.5,True,11.938907845042795,11.63118516359,1,0.5167901938556742,0.53,0.5,18898.72129392624
0,0,70,0.44839514345358467,0.8510108993441993,0.45513713804903877,107.82544937441199,0.4787274205733987,0.8972560266403949,0.43009157402935094,0.06764631054250889,0.054341404242686915,0.05502860989776952,10.737302505823134,12,0.5,0.85,0.5,True,10.737641983290715,10.737302505823134,0,0.47864765458540054,0.8969467584526515,0.42997412594589357,18898.72129392624
0,0,71,0.37983508611626854,0.842611473115673,0.30105306091311496,145.0767761489229,0.4214169143941868,0.8972563970332363,0.29577548066706183,0.10947337357136612,0.06485186311967267,0.017530398893955294,9.161396945862117,8,0.4,0.9,0.3,True,9.161429492758625,9.161396945862117,-1,0.42125695717951256,0.8972880088939464,0.2957856184978518,18898.72129392624
0,0,72,0.48468164946668174,0.6986169082595208,0.36060648536386275,111.15160075629834,0.494500934633383,0.7237616459168955,0.36162159223268253,0.020259246822127267,0.03599216875528865,0.002814998925478305,11.111840394408654,4,0.4,0.55,0.5,True,11.206586924848981,11.111840394408654,10,0.5047386314851807,0.7341083955646988,0.36994453536873023,18898.72129392624
0,0,73,0.3702774829950203,0.6905020885883395,0.4009096517915907,128.34358450465578,0.3758497399037763,0.6915546183831978,0.39923395752280927,0.01504886784819954,0.0015242963232885334,0.004179730423782717,9.861390672622921,6,0.4,0.7,0.4,True,9.861510947636924,9.861390672622921,-1,0.37587455594352004,0.6916066432285709,0.39930904503114095,18898.72129392624
0,0,74,0.5265505598046568,0.8138949813208822,0.4244358458882325,155.5600092301178,0.5143677144191302,0.8498059693403075,0.5230836312282171,0.023137085620127874,0.04412238537353406,0.23242095665492327,11.186078960387615,12,0.5,0.85,0.5,True,11.186136964631304,11.186078960387615,-1,0.5144004555424108,0.849787413743181,0.5231889274692857,18898.72129392624
0,0,75,0.36193013532771134,0.5893752720195348,0.42250792085460614,96.49637549758647,0.36857111282802796,0.5717999488713522,0.4413940746194378,0.018348782961395325,0.02982025881058685,0.044700117637157345,9.673470364184297,4,0.4,0.55,0.5,True,9.674205944762292,9.673470364184297,0,0.3686664371545673,0.5718569539370953,0.44119442944288684,18898.72129392624
0,0,76,0.3240285388212288,0.7152855311963364,0.39324120506505783,151.07298582455326,0.32765942759735467,0.7106901104153653,0.4023530678922378,0.011205459831823944,0.006424596305317548,0.023171180206490557,9.090462897592563,1,0.3,0.65,0.4,True,9.090726929160732,9.090462897592563,-1,0.32766658467167814,0.7106661177996437,0.40232823197860834,18898.72129392624
0,0,77,0.4492667396976032,0.7150117645428274,0.3993746870787009,109.21968262670816,0.5162376519315324,0.7817109758008297,0.351604476730683,0.14906714946004365,0.09328407526364155,0.11961251399642227,9.655274419399444,11,0.5,0.75,0.3,True,9.655608945385307,9.655274419399444,0,0.5162128227665915,0.782136033471851,0.35151306350957956,18898.72129392624
0,0,78,0.31898853938946875,0.6008027611147853,0.4384064241763678,106.28792024918721,0.3233410778333409,0.6064564057496789,0.4501045381717188,0.013644811353419488,0.009410150886129913,0.02668326317828981,8.649222633551355,1,0.3,0.65,0.4,True,8.649241483404165,8.649222633551355,-1,0.32320327388090453,0.6064627267945807,0.45008944347317636,18898.72129392624
0,0,79,0.3944721615370656,0.5338256559284869,0.46600954596034916,103.40381756633998,0.39535192891917353,0.5278563932367517,0.4711922762332823,0.0022302394639964144,0.011182045346533153,0.01112151096015128,11.515519006440863,4,0.4,0.55,0.5,True,11.540266594823127,11.515519006440863,4,0.39945471931972715,0.53,0.4764183397261863,18898.72129392624
0,0,80,0.3854911503637733,0.8829832793849635,0.3637421676971034,143.0343084887518,0.387590572967573,0.8771493480057695,0.3718415271799096,0.005446098053920432,0.006607068916704241,0.02226675981529515,9.251834803409427,7,0.4,0.8,0.5,True,9.25213369043135,9.251834803409427,0,0.3870977605536092,0.8780435074470111,0.3709622087061135,18898.72129392624
0,0,81,0.5000481639679015,0.6713351063214138,0.3875763746245598,117.04680644308458,0.4922062108937058,0.6558957121525256,0.3993639130197997,0.015682395495604896,0.0229980437839583,0.0304134595578957,11.643908958854396,9,0.5,0.55,0.4,True,11.762469783100503,11.643908958854396,5,0.48957956883776516,0.6608953361894979,0.3942653975794464,18898.72129392624
0,0,82,0.33906720885575536,0.7025327362277645,0.3482704290169365,109.82157803444562,0.34828378262792903,0.7172374038524829,0.37157064409627294,0.027182144222311223,0.020930935836064906,0.06690265132502347,9.141929570890394,6,0.4,0.7,0.4,True,9.141929665727654,9.141929570890394,-1,0.3482304201753672,0.7171101201132544,0.3715283519833208,18898.72129392624
0,0,83,0.3554783584920615,0.6013219148610303,0.46276553403100423,120.18651175901415,0.361863690035636,0.6057011926898048,0.4661737893800377,0.017962644957237556,0.007282751086473617,0.00736497232052959,9.800096023689516,6,0.4,0.7,0.4,True,9.840365216581251,9.800096023689516,0,0.3666873281564204,0.6158569530207005,0.462145944660192,18898.72129392624
0,0,84,0.3704992265883857,0.7422705123767211,0.4208544592116912,134.17862669126174,0.3882083995825298,0.7793250850827111,0.39674088096318066,0.04779813754866078,0.049920577590160095,0.0572967155763967,9.23092268417654,6,0.4,0.7,0.4,True,9.366808219402865,9.23092268417654,5,0.38683999880059927,0.7892563842749546,0.38683605532221615,18898.72129392624
0,0,85,0.5087961962746386,0.5858231697464987,0.37427742568847927,111.53878984442578,0.4921279393214486,0.5684057095691126,0.3982720221745248,0.03276018389137633,0.02973160004054312,0.06410912023857093,11.713075541430578,9,0.5,0.55,0.4,True,11.713087884716971,11.713075541430578,-1,0.49212312840350636,0.5683909056835852,0.39822145019772337,18898.72129392624
0,0,86,0.32004101304045907,0.596951647763769,0.3789337162597206,118.33191938039526,0.34319898436876317,0.5778233730947057,0.39303633716159675,0.07235938640581828,0.03204325633528181,0.0372165903870381,8.395888495358546,6,0.4,0.7,0.4,True,8.450943399136285,8.395888495358546,3,0.3452594977574126,0.5793154918093468,0.4003289071315407,18898.72129392624
0,0,87,0.4466295962698772,0.693054617733637,0.42146613351429496,107.6912490883358,0.4308465431156463,0.6430160172397524,0.4663842797870701,0.03533812646104613,0.07220008237953328,0.10657593268108131,10.840300976519334,4,0.4,0.55,0.5,True,10.958568718583656,10.840300976519334,5,0.4219106720868373,0.6450467528743783,0.47579358546560774,18898.72129392624
0,0,88,0.34477128480966895,0.6493977287326727,0.31922168670562945,116.61499466673725,0.34459800918305566,0.6088540398198189,0.37802224547709035,0.000502581375676186,0.062432754410731456,0.18419976217243625,9.933958229831926,6,0.4,0.7,0.4,True,9.982277450309361,9.933958229831926,3,0.35473070409368834,0.6042750343380011,0.3875422658140222,18898.72129392624
0,0,89,0.41359783388038107,0.7877409685807775,0.4734049738670826,96.98972828229213,0.4130669543581209,0.7810796599645009,0.4809876599620688,0.0012835645614471527,0.008456217058607243,0.016017335080039167,10.490286085029014,7,0.4,0.8,0.5,True,10.490344135646044,10.490286085029014,-1,0.41297635980471165,0.7810220191927878,0.48103705228403454,18898.72129392624
0,0,90,0.5001225820376879,0.6343201092260822,0.4206296300103124,142.3458801825112,0.508725526169145,0.6543921895060998,0.4180881609657021,0.01720167103114098,0.03164345570646822,0.006042059006989047,12.343014528140749,9,0.5,0.55,0.4,True,12.448292028919598,12.343014528140749,5,0.5056968048824145,0.6539875488843858,0.4101676974196822,18898.72129392624
0,0,91,0.46759174684635224,0.8574599427741302,0.47207872983657695,151.13985181554764,0.4871045315805274,0.8771404480816289,0.4520567460884136,0.04173038738553046,0.022952098781228957,0.04241238268687617,11.376209802044318,12,0.5,0.85,0.5,True,11.376452384721212,11.376209802044318,0,0.4871248643899999,0.8764974644895602,0.4519459974786491,18898.72129392624
0,0,92,0.322110011972663,0.6877230400459755,0.39698886539545764,97.82213733563172,0.3325043340738838,0.6896898064113243,0.4081605072907234,0.03226947848520453,0.0028598232876090326,0.02814094517269951,8.369350924562138,1,0.3,0.65,0.4,True,8.3713779908934,8.369350924562138,0,0.332342026042177,0.6896543362716394,0.40836725183260053,18898.72129392624
0,0,93,0.31768709669335193,0.8273706101247963,0.4966604488572351,142.78811579204248,0.31964140671269586,0.825460879751301,0.5023027219854918,0.006151682078640831,0.0023081921815028394,0.01136042368833466,8.43394696154386,2,0.3,0.75,0.5,True,8.434194691806496,8.43394696154386,0,0.31959524449251164,0.8251321069485595,0.5,18898.72129392624
0,0,94,0.3830923363854156,0.7828934651292561,0.3598362146396494,140.0467801797343,0.38271611072256495,0.7687528727406041,0.3634989684287693,0.0009820756697992614,0.018061962474443867,0.010178947087879659,8.526438043374824,6,0.4,0.7,0.4,True,8.526483545396442,8.526438043374824,-1,0.38285042910318656,0.7687660395345859,0.36351964056008806,18898.72129392624
0,0,95,0.37552666336688856,0.8103197749414867,0.4975481493789154,155.3899093300149,0.3834149199411857,0.8379671804490587,0.49579812511190335,0.021005849500998926,0.03411912970971056,0.0035172963042804577,9.88049528350844,7,0.4,0.8,0.5,True,9.896123518832994,9.88049528350844,5,0.37601161299499697,0.8477390872821329,0.5,18898.72129392624
0,0,96,0.5027840016362985,0.8565475683832908,0.4416413828206345,128.4060548289693,0.5113889711312466,0.868420707348255,0.4471814628175576,0.017114644592794076,0.013861622405133245,0.012544295467830162,10.922940027233645,12,0.5,0.85,0.5,True,10.923054570800556,10.922940027233645,0,0.5112256864204024,0.8684137246341571,0.4472909714151862,18898.72129392624
0,0,97,0.5113032619028165,0.564354426848281,0.37402630902800155,131.62118396932894,0.49214571396548146,0.5473809528483105,0.4014907297301708,0.03746807299065563,0.030075911860497552,0.07342911458165133,11.791393799789475,9,0.5,0.55,0.4,True,11.791578216271882,11.791393799789475,0,0.49215779890339895,0.5474815422068114,0.40164402324779425,18898.72129392624
0,0,98,0.4173010082498427,0.8139645475765159,0.33901727869580933,97.64084358854147,0.41950190243790025,0.8057273603701592,0.3748800238950365,0.00527411663175249,0.010119835355092489,0.10578441705741434,9.229991292827519,6,0.4,0.7,0.4,True,9.247527377886733,9.229991292827519,5,0.41643516469091035,0.8093356726152768,0.3783845577163474,18898.72129392624
0,0,99,0.3431953839276227,0.8742874626455928,0.3265549074458861,107.88114546019821,0.341459179836516,0.8091661976303872,0.375576135833956,0.005058937772522165,0.07448495809164263,0.1501163426741436,8.995446166854665,8,0.4,0.9,0.3,True,9.197316827713532,8.995446166854665,9,0.34209385530109226,0.7987765084482886,0.36529862216164444,18898.72129392624
0,0,100,0.5182163607317137,0.6062270425780971,0.4656889770549062,103.08013269262626,0.5098960325536211,0.5397166732935602,0.5030732083161568,0.01605570338679467,0.10971198018763526,0.08027725177794545,13.059854447271968,10,0.5,0.65,0.5,True,13.074161205193855,13.059854447271968,3,0.5125485104699569,0.53533329145032,0.5,18898.72129392624
0,0,101,0.4247017740681152,0.5807514594272798,0.43780729595622625,146.35923276951743,0.4167186006103907,0.5386847703689615,0.4710791179808606,0.018797127643842063,0.07243492612106957,0.0759964996745075,11.391399276217465,4,0.4,0.55,0.5,True,11.399984188800923,11.391399276217465,3,0.4153018730607305,0.53,0.4759129950684131,18898.72129392624
0,0,102,0.40628239845245007,0.872208731225945,0.46506658127695966,114.8884570294735,0.4084704136099444,0.8671371001306201,0.47941989324852186,0.0053854539744488,0.005814698837279964,0.03086291844955081,10.01288079098429,7,0.4,0.8,0.5,True,10.098143685825349,10.01288079098429,5,0.41840599242097626,0.8613355940648592,0.4836600473481156,18898.72129392624
0,0,103,0.43798547561629236,0.7999221619715092,0.4654207874049592,152.08990442822383,0.5381135143910631,0.9062338603053827,0.351115691226621,0.2286104091325858,0.13290255400832354,0.2455951673660037,10.42522572527046,12,0.5,0.85,0.5,True,10.49765585125672,10.42522572527046,10,0.53,0.9,0.3445729808236167,18898.72129392624
0,0,104,0.34709388063154395,0.7971809749205977,0.3278702787735645,150.40804725705792,0.37067596886964393,0.7839305948315605,0.37865958709944536,0.06794152692980909,0.016621545804397824,0.15490671650954138,8.958652146773684,8,0.4,0.9,0.3,True,8.968612268540415,8.958652146773684,9,0.3623421220001302,0.7745520658677038,0.3791502701384567,18898.72129392624
0,0,105,0.36421014550532527,0.8354001112164903,0.36126357310642476,154.36439801289512,0.36609254006279385,0.7897511689597191,0.3998294113002274,0.005168429766987525,0.05464320825897216,0.10675263454375881,9.207374850484797,8,0.4,0.9,0.3,True,9.249362526309483,9.207374850484797,9,0.36994015071851605,0.7795112472086286,0.3898240818665869,18898.72129392624
0,0,106,0.4257630190731595,0.6469784683619517,0.356486703432936,131.61656223872976,0.49379949529104733,0.7568694514151201,0.32222106711523724,0.15979893313889956,0.16985261245462333,0.09612037696700507,10.5964690819704,11,0.5,0.75,0.3,True,10.596723902340264,10.5964690819704,0,0.49381308409629165,0.7572648704586209,0.3222535718948769,18898.72129392624
0,0,107,0.38692430036778036,0.7734203145953906,0.33088501409217885,109.3609699622677,0.3942581914123742,0.7790393625444074,0.3457463616425418,0.018954330440406134,0.007265193120711296,0.044913933594535146,9.475137619958895,6,0.4,0.7,0.4,True,9.475263991421203,9.475137619958895,-1,0.39424939649340746,0.7792933504977607,0.34549042068121216,18898.72129392624
0,0,108,0.5000476859178391,0.7456305762547513,0.3523966111941068,103.08843128631176,0.5125924516894703,0.7622679059097788,0.3438010305052598,0.025087138936770118,0.022313100059007263,0.024391780215254157,10.205014687443198,11,0.5,0.75,0.3,True,10.209017701603695,10.205014687443198,0,0.5170074059124288,0.7689201625205734,0.33904134926335566,18898.72129392624
0,0,109,0.34536251054137496,0.6208669328449812,0.3765649333140815,134.31744103902722,0.3461048129976607,0.6114769989564169,0.4079551441813852,0.002149342889366188,0.015123907220403908,0.0833593574182386,9.02513277440573,6,0.4,0.7,0.4,True,9.075819932804597,9.02513277440573,4,0.3510207214906883,0.6129592480134386,0.41170737047712536,18898.72129392624
0,0,110,0.34362831278430106,0.7097436411662408,0.4202996715246715,95.54306302324653,0.3457958539099863,0.7233983161803396,0.42759242379565887,0.006307807142323056,0.01923888319966011,0.01735131565659402,9.590664041726347,6,0.4,0.7,0.4,True,9.666185728998542,9.590664041726347,5,0.3451647353228973,0.7303835466408869,0.42136348716524713,18898.72129392624
0,0,111,0.3477124038458432,0.8620149131509313,0.31408411523083934,101.86087183745613,0.34873005574125904,0.8076974680676783,0.3608178834132178,0.0029267057607384995,0.0630121872076504,0.14879379731773762,8.74002243885543,8,0.4,0.9,0.3,True,8.857816090448164,8.74002243885543,9,0.33919318236704465,0.7979292248839099,0.36166263511694413,18898.72129392624
0,0,112,0.5165973036445645,0.7532686754427159,0.3737986247459582,125.71187636270392,0.48256583387318763,0.691971594607204,0.43785161164696107,0.06587620479488909,0.0813747907404831,0.1713569356883929,10.947824644572979,10,0.5,0.65,0.5,True,10.947974420370445,10.947824644572979,-1,0.4827014383750079,0.6920991107434703,0.43774387137369203,18898.72129392624
0,0,113,0.4563598629810446,0.6302346295952008,0.3275936145733911,143.0024746564995,0.4756819230333611,0.6550143662333724,0.35694322356920394,0.042339525492229975,0.039318272076048204,0.08959151732561511,10.851525833134296,11,0.5,0.75,0.3,True,10.895687476093501,10.851525833134296,4,0.477741719568582,0.6504218524088268,0.36289531090279986,18898.72129392624
0,0,114,0.4579460832456241,0.714395721286522,0.4633472871939317,128.06720430437665,0.4838308876109134,0.7288907069585808,0.4896317973441667,0.05652369419088526,0.020289855104332826,0.056727450179790785,11.046232516320572,12,0.5,0.85,0.5,True,11.142282334840994,11.046232516320572,3,0.49234941384382724,0.7317187592390815,0.5,18898.72129392624
0,0,115,0.5234727778917314,0.6051008587721659,0.41074607257304563,123.97654355771174,0.5042571040335425,0.5559310684996527,0.4988373615094623,0.036708067104423966,0.08125883405997075,0.21446653983709318,11.905007609243913,10,0.5,0.65,0.5,True,12.09160171972016,11.905007609243913,4,0.5050267800038241,0.5564704709264557,0.5,18898.72129392624
0,0,116,0.39104099441775453,0.7425163329019104,0.3470602463335161,143.8876677361552,0.40118101541884316,0.7463926106053947,0.36243769348499805,0.025930838827235344,0.005220461196233892,0.044307716927926656,9.767704943339073,6,0.4,0.7,0.4,True,9.767817226968873,9.767704943339073,-1,0.4014319694393964,0.7466011639364188,0.36232279120392596,18898.72129392624
0,0,117,0.4995073794387495,0.5782096832858872,0.39341464134765425,111.07155578335652,0.5026203371049869,0.5743181072864605,0.39804835989508763,0.006232055409742123,0.0067303888397568686,0.011778205639628551,12.292235359923176,9,0.5,0.55,0.4,True,12.292757323499972,12.292235359923176,0,0.5025897567619431,0.5743468946550736,0.39805776812291216,18898.72129392624
0,0,118,0.3340376865221361,0.8505602294288804,0.38598973840956713,102.98070624763088,0.34009314746759034,0.8363026008398089,0.4012400146374895,0.01812807712956347,0.016762632551777085,0.03950953797569755,8.64850622632188,7,0.4,0.8,0.5,True,8.651590176560394,8.64850622632188,0,0.34123046858856787,0.8344408865256456,0.40378630969483825,18898.72129392624
0,0,119,0.45857945738521716,0.6042866898647534,0.4802862157376354,107.32176608865801,0.46172119512020765,0.5865588385991256,0.4936805278487831,0.0068510215283179585,0.02933682234436691,0.027888187651974046,12.44732818806342,10,0.5,0.65,0.5,True,12.485554498386623,12.44732818806342,4,0.47171054003866425,0.5772576294027549,0.4848309859939782,18898.72129392624
0,0,120,0.36942396066088207,0.8685972947150956,0.3378640769079523,104.95571315113172,0.37090607487890975,0.8003613945635202,0.3876715839979658,0.004011960175447887,0.07855872976666035,0.14741877131726877,8.837704137525535,8,0.4,0.9,0.3,True,8.8703685396372,8.837704137525535,9,0.3625516174821561,0.7900428912963535,0.37766916288091357,18898.72129392624
0,0,121,0.390326629765747,0.6143421425394165,0.43408914855455694,100.94246138271546,0.39197951585473373,0.6082817409309591,0.442239306597134,0.00423462291050626,0.009864863874398142,0.0187753093338447,10.571195810318457,4,0.4,0.55,0.5,True,10.571216717201121,10.571195810318457,-1,0.3921091812478167,0.6081996317379602,0.4422511581577652,18898.72129392624
0,0,122,0.5056212778516875,0.8371363236247876,0.300565406437324,127.59163510742464,0.5331928042970308,0.8561925943872991,0.2926495713611499,0.05452999636900308,0.022763641028020528,0.026336480867849874,10.178323483993971,11,0.5,0.75,0.3,True,10.178610783966542,10.178323483993971,-1,0.5324921396463728,0.8555530064693987,0.2930172881224566,18898.72129392624
0,0,123,0.33904561881900913,0.6240740103601515,0.3833792081266205,122.10100761582979,0.3492764808744931,0.6113582711575052,0.41292232874587653,0.030175473410100143,0.02037537053547243,0.07705978830625229,9.662992026339623,6,0.4,0.7,0.4,True,9.727210953770156,9.662992026339623,4,0.34589786184338933,0.60232830439479,0.41144404913313937,18898.72129392624
0,0,124,0.41527893068916305,0.8617684288096757,0.3517542178844301,105.49313817403362,0.41587686232453075,0.8252390825021468,0.38602906475433013,0.0014398313788166915,0.042388819416354515,0.09743976085358871,9.747822163827138,7,0.4,0.8,0.5,True,9.750430254030878,9.747822163827138,4,0.42153650705170476,0.8193012923513381,0.384436675207479,18898.72129392624
0,0,125,0.45797771002549953,0.868549639689952,0.4845621750887503,148.7656249952171,0.47444385811198675,0.8720284358908036,0.4826009843729632,0.03595403821196977,0.004005293470725976,0.004047345865219246,10.698604666432875,12,0.5,0.85,0.5,True,10.698871333876404,10.698604666432875,-1,0.4745147696689624,0.8718074124355294,0.4830117397206335,18898.72129392624
0,0,126,0.3300790518398827,0.8650271243498424,0.42984807381089507,148.22224034533102,0.3278317907069395,0.8436399363560881,0.44911542133834087,0.006808251297429429,0.024724297529778578,0.04482362188255883,8.9221813311955,2,0.3,0.75,0.5,True,8.92218244733677,8.9221813311955,-1,0.32782578093700054,0.843641744502911,0.4490965671172702,18898.72129392624
0,0,127,0.40260877675981266,0.6103834267504601,0.4585940153789387,135.10215443698647,0.403283251156058,0.6029820335504804,0.4644546529110778,0.0016752600419531504,0.012125809574127823,0.012779577001885723,11.019334490770001,4,0.4,0.55,0.5,True,11.020350986394902,11.019334490770001,-1,0.40345786779072096,0.602881305173583,0.4643275550010997,18898.72129392624
0,0,128,0.4808352594166573,0.6039773677551283,0.3268703474596786,141.47656810235446,0.49632386526627664,0.8646163396300797,0.47747859922837366,0.03221187620144564,0.43153764659046406,0.4607583800095954,11.161314185489466,12,0.5,0.85,0.5,True,11.161351307480416,11.161314185489466,0,0.4963284632801903,0.8646405935942267,0.47734530199186076,18898.72129392624
0,0,129,0.3207682607028282,0.868188241861005,0.32701757250185315,131.25689284560005,0.33507183999375295,0.814050747255715,0.36977674729041693,0.04459162904579301,0.0623568622505685,0.13075497583030182,8.704630942827045,8,0.4,0.9,0.3,True,8.865458406258682,8.704630942827045,9,0.3371632184250462,0.8036460191194595,0.35947938394387025,18898.72129392624
0,0,130,0.49897229086049977,0.8361323928008808,0.4622046797568684,110.09039758852978,0.48199363829595765,0.8235233372971698,0.5126389680023719,0.03402724535116305,0.015080214105176779,0.10911678408802175,11.36545382460028,12,0.5,0.85,0.5,True,11.36668948251663,11.36545382460028,-1,0.4819626000788628,0.8234428533225222,0.5125303742205635,18898.72129392624
0,0,131,0.3327890855785869,0.8684953520583524,0.4227583382094204,93.91442210164374,0.32742806716012474,0.8201815733584971,0.46254379564217757,0.016109357700663428,0.05562928872946831,0.09410921994174554,8.971986561952157,2,0.3,0.75,0.5,False,8.971986561952157,8.971986561952157,-1,nan,nan,nan,18898.72129392624
0,0,132,0.5085959145718918,0.8821052337093321,0.35725932083323414,144.60382018993622,0.49761370748166256,0.8730607820641689,0.3979584308267985,0.021593187785382537,0.010253256980610435,0.11392035874289304,10.109648095830622,12,0.5,0.85,0.5,True,10.149256318853146,10.109648095830622,4,0.5054747788278214,0.8655659892796468,0.3974200344262908,18898.72129392624
0,0,133,0.333888076158956,0.6880894167927145,0.4635407549489616,119.29583329311086,0.344099361817541,0.6902547063795463,0.47114918728650895,0.030582959942911197,0.0031468142569675782,0.01641372901156255,9.353384274523641,7,0.4,0.8,0.5,True,9.555373697029342,9.353384274523641,3,0.35403617263819576,0.6829811022061909,0.46714366831303145,18898.72129392624
0,0,134,0.4257451882164522,0.5740491586336485,0.4628013038500224,124.866713020782,0.4286724685152725,0.5817274656789241,0.4652093014005663,0.006875662672979128,0.013375696018005695,0.005203091543848126,11.733050906922188,4,0.4,0.55,0.5,True,11.733062555058329,11.733050906922188,-1,0.4286657140535451,0.581647048879219,0.46527688834105263,18898.72129392624
0,0,135,0.36888691012108776,0.8082235853803083,0.4958456578379125,127.39645212976814,0.3722240720576561,0.798420613854242,0.5002086538737581,0.009046571849006316,0.012129034221951674,0.00879910102443982,9.764122943855137,7,0.4,0.8,0.5,True,9.764147948688155,9.764122943855137,-1,0.37223370990989474,0.798186321451274,0.5002812746981579,18898.72129392624
0,0,136,0.47203869697298534,0.8849300445411687,0.30602549927506484,131.18610327292322,0.4879584576109863,0.9087016242669398,0.32544553463746484,0.03372554144414143,0.026862665441646828,0.06345887976133877,9.541289950693894,7,0.4,0.8,0.5,True,9.77928998282319,9.541289950693894,10,0.4974409866948168,0.9,0.3271496880739389,18898.72129392624
0,0,137,0.5205993036140247,0.5741544837143774,0.3446202989987841,128.1392743114608,0.4885621943717273,0.5492434318260178,0.39467839200246946,0.061538901454332155,0.04338736802541812,0.14525578774412812,12.041474468816562,9,0.5,0.55,0.4,True,12.041592361139772,12.041474468816562,-1,0.48854461941359467,0.54937872940989,0.39480411028779283,18898.72129392624
0,0,138,0.468911062561877,0.7287271074651644,0.40954035912847325,96.9711768421476,0.508550556042676,0.8513972666080992,0.49080401765724874,0.08453520645094229,0.1683348373983725,0.19842649623521716,10.737653104855122,12,0.5,0.85,0.5,True,10.737692978367232,10.737653104855122,-1,0.5085869547841669,0.8514475920744018,0.49062159400127847,18898.72129392624
0,0,139,0.47247746927309076,0.6463490360226006,0.31479237475828103,153.65426996329046,0.4835974838468331,0.6646612159853508,0.3388372578789389,0.02353554464904019,0.028331720080278462,0.07638330864628212,11.344473583678269,11,0.5,0.75,0.3,True,11.428289467979017,11.344473583678269,4,0.48467340482209864,0.6546324334276381,0.3490303157039197,18898.72129392624
0,0,140,0.4918374802856025,0.660636066726161,0.44054786111641103,147.50742416578717,0.5179297332948862,0.5350401282859448,0.4950483226590935,0.05305055847743116,0.1901136567711444,0.1237106483835162,11.656214670485028,10,0.5,0.65,0.5,True,11.925102009826922,11.656214670485028,2,0.521140640730973,0.53,0.49260762935342195,18898.72129392624
0,0,141,0.4518179884463027,0.7271689391287264,0.4524626845062387,138.5196489150025,0.45509360199066773,0.7436809658569468,0.49019335395987995,0.00724985199378423,0.022707277277278424,0.08338957166117637,11.069644082140245,12,0.5,0.85,0.5,True,11.19712408357269,11.069644082140245,9,0.445001054749063,0.7477031477817002,0.5,18898.72129392624
0,0,142,0.4150726070751898,0.7357229230548398,0.44926447201826236,97.72274494619981,0.42450296498202633,0.7343051087191274,0.4755281470492345,0.02271977901236989,0.0019271036572102804,0.05845927436235054,10.358540702629462,7,0.4,0.8,0.5,True,10.419938512952415,10.358540702629462,4,0.4319976918932943,0.7405797683339278,0.4828804608065065,18898.72129392624
0,0,143,0.4529908450115724,0.7938002857279892,0.37975176902558827,125.4489081451327,0.47784798076670976,0.8471677321852686,0.49557673819719494,0.0548733733338526,0.06723031903211836,0.30500178963959534,9.990329077822977,12,0.5,0.85,0.5,True,9.991498871173963,9.990329077822977,0,0.4777679142000075,0.847108320103467,0.49565530552765624,18898.72129392624
0,0,144,0.36476005245812465,0.7633189342007519,0.49425685284013465,112.41956779529258,0.3874907585391893,0.7935625651015378,0.46146047609859475,0.06231687359370085,0.03962122455727244,0.06635492568910877,9.27850518946118,7,0.4,0.8,0.5,True,9.279577452083558,9.27850518946118,0,0.38747696413203153,0.7933757204839452,0.46195792975672045,18898.72129392624
0,0,145,0.4141572965390155,0.8490229345084527,0.41028017545950085,120.09154625703935,0.4122804721860406,0.8330013966091461,0.4263900709294992,0.004531670379005676,0.0188705596140137,0.0392655956431621,10.1173058316981,7,0.4,0.8,0.5,True,10.117470463500597,10.1173058316981,-1,0.4123460094585898,0.8329556697578756,0.4263551158991001,18898.72129392624
0,0,146,0.45750934736395443,0.5434411821481121,0.3307592835771826,148.20771152192185,0.49906171536236965,0.8274126951965788,0.5259635710396641,0.09082299244338671,0.522543234441647,0.5901702451140138,11.266158451892588,12,0.5,0.85,0.5,True,11.266248316131092,11.266158451892588,-1,0.49903387423579587,0.8273761501248997,0.526213338113938,18898.72129392624
0,0,147,0.34988860710476655,0.5429607277814285,0.4852791074604678,140.79906606810783,0.3698529798340868,0.5565534568532474,0.4681542860597837,0.05705922491881075,0.02503446082990147,0.03528860224438808,9.998406689140317,4,0.4,0.55,0.5,True,9.998507643838666,9.998406689140317,0,0.36975473331023223,0.5573447368762663,0.4682921866646747,18898.72129392624
0,0,148,0.5227378837032426,0.8022002279558832,0.48456167517775184,115.27584029322375,0.5278074623225056,0.7417061854769087,0.4997712769919064,0.009698127450317031,0.07541015368833995,0.031388371374139724,11.604735680762907,12,0.5,0.85,0.5,True,11.942012954960475,11.604735680762907,3,0.5281934576651204,0.7350013370653653,0.5,18898.72129392624
0,0,149,0.475727483075913,0.590864975252193,0.4647780223334252,139.51950176054,0.4592651708991575,0.5207882980693221,0.5056327630693714,0.03460450102717431,0.11860015421113881,0.08790161920917516,12.05667354918933,10,0.5,0.65,0.5,True,12.089311955316152,12.05667354918933,9,0.44959881247301364,0.53,0.5,18898.72129392624
0,0,150,0.4626688506406471,0.8221150745243004,0.3688813515585714,96.55238598065118,0.4648692400603981,0.7881423549943668,0.4164132441067471,0.004755862463410172,0.04132355747106478,0.12885414875907214,10.686956808969196,12,0.5,0.85,0.5,True,10.822199200108187,10.686956808969196,3,0.46165572676286726,0.7848091463447304,0.42620085670912067,18898.72129392624
0,0,151,0.4371070212341172,0.584417126486877,0.44375427537509426,115.33478150473998,0.42825860687662004,0.5721279483606104,0.4697724213908101,0.020243130235050387,0.021028093752386928,0.05863187682805615,11.946476623887381,4,0.4,0.55,0.5,True,11.946635114424847,11.946476623887381,0,0.42728187597737954,0.5687287952979821,0.4715859084098381,18898.72129392624
0,0,152,0.4129290415534718,0.8789579500235122,0.4562932055544062,146.4868778289985,0.41716124494391704,0.8896879427086392,0.4621793412905777,0.010249226778827027,0.012207629141803596,0.012899897838758497,10.095646169288438,7,0.4,0.8,0.5,True,10.148140285440324,10.095646169288438,8,0.4233217921983304,0.9,0.4548045286878815,18898.72129392624
0,0,153,0.43362913503979555,0.8667755837179921,0.303665163875022,149.32399411824133,0.4281665721118669,0.7900581419865382,0.35471469087975827,0.012597315278244184,0.08850900183687468,0.16811123921262977,9.13564178359328,6,0.4,0.7,0.4,True,9.135741905312766,9.13564178359328,0,0.42813946325622815,0.7897893705812474,0.3551251257884759,18898.72129392624
0,0,154,0.39873903998683174,0.614767745398754,0.4068788454506722,152.7931424157973,0.3938325286832931,0.593444788405892,0.44380724477181754,0.012305068758004425,0.03468457340589885,0.0907601850871412,11.174379757930414,4,0.4,0.55,0.5,True,11.174401427979335,11.174379757930414,-1,0.39385212140227105,0.5934086348949376,0.44379280133033805,18898.72129392624
0,0,155,0.3863406435796582,0.8550605192864855,0.3934663225010171,154.2054852992957,0.3904416089138787,0.8670430343989732,0.4097893472500701,0.010614894918181015,0.014013645633512177,0.04148518898719931,9.305088927315348,7,0.4,0.8,0.5,True,9.305516123636664,9.305088927315348,0,0.39090574231654496,0.865750396179092,0.41030901311458234,18898.72129392624
0,0,156,0.477751893497228,0.8105906159206753,0.37230549658614875,130.48674938834367,0.5228004686172962,0.8579495940956792,0.3341821303893464,0.09429282381343318,0.05842527318332349,0.1023980750925628,10.33334254641845,11,0.5,0.75,0.3,True,10.37055970880039,10.33334254641845,5,0.5241080045968197,0.8678353019307365,0.3242006613218729,18898.72129392624
0,0,157,0.3689438726529242,0.816549220754605,0.3517053225115283,135.78810623018828,0.3711256891539427,0.7731226085679749,0.37651696841276666,0.005913681355730083,0.053183091824517206,0.0705466886996715,8.682239091258914,8,0.4,0.9,0.3,True,8.78645028647335,8.682239091258914,9,0.3648724467135092,0.7626376293633857,0.3861130228375791,18898.72129392624
0,0,158,0.3323978867142206,0.620138776428306,0.37162408748582054,104.50346664037957,0.34818109504905526,0.5716247161184855,0.40098762429682877,0.04748287809785109,0.07823097370114077,0.07901408385463875,9.437420932667425,6,0.4,0.7,0.4,True,9.449041899368863,9.437420932667425,3,0.34851015392315426,0.5622458726748957,0.40923433250791014,18898.72129392624
0,0,159,0.37142231961852773,0.6041401535879021,0.3079527394225318,115.17931239587972,0.38114781240161527,0.6262632735616113,0.30595300342062565,0.026184459762881744,0.03661918487344889,0.006493645764139151,10.055318063985041,5,0.4,0.65,0.3,True,10.055349561152136,10.055318063985041,-1,0.3811548610443515,0.6262332865974072,0.30603832561235617,18898.72129392624
0,0,160,0.436119453003546,0.6854141716490159,0.31881476509230494,115.50497190224972,0.47004973241980896,0.7429000803594795,0.3323674015551955,0.07780042642580104,0.08387032408763911,0.04250943791441634,10.224511588833213,11,0.5,0.75,0.3,True,10.224551176733481,10.224511588833213,-1,0.47005026765768615,0.7428807514325908,0.3323309723907881,18898.72129392624
0,0,161,0.44763840709832337,0.5401875261298622,0.47492647558910756,147.1280957204339,0.44170675336006016,0.5266800926429788,0.4878562631744207,0.0132509937579157,0.02500508218628547,0.027224819524484942,12.607936499806991,9,0.5,0.55,0.4,True,12.758380894735883,12.607936499806991,9,0.4366894027006987,0.53,0.4943985256568488,18898.72129392624
0,0,162,0.3258481895313281,0.8173594418173958,0.33695903229736973,137.22649468116214,0.33097566628065417,0.8064460114901277,0.3523935779222367,0.015735784067731004,0.013352057575798146,0.045805407024215976,9.02292261497123,8,0.4,0.9,0.3,True,9.30125106527359,9.02292261497123,9,0.34084000926236885,0.7967333651314273,0.3628527994466693,18898.72129392624
0,0,163,0.3492050537766556,0.7780250133740595,0.4917267662128841,155.3115617343717,0.35684398433282283,0.7855449466443345,0.4855573320976687,0.021875200469042795,0.009665413246372791,0.012546467955629699,9.280402698300392,7,0.4,0.8,0.5,True,9.280440448775616,9.280402698300392,-1,0.356804015715433,0.7857620401176966,0.4855750639158218,18898.72129392624
0,0,164,0.4564553013355652,0.590573797624394,0.378982129455134,111.12470079030633,0.4181982822575311,0.524676335599293,0.4710899446496879,0.08381328679083369,0.11158209573498865,0.24303999591478928,11.796770688050824,4,0.4,0.55,0.5,True,11.852443760896394,11.796770688050824,1,0.4208000215568681,0.53,0.4809762633901291,18898.72129392624
0,0,165,0.5181463057040501,0.638767497542407,0.41221539894526593,119.21033094996486,0.5071975761785382,0.537191794431425,0.5064290057665111,0.02113057529308226,0.1590182711264807,0.2285543118047243,11.90009985621742,10,0.5,0.65,0.5,True,12.256505761383625,11.90009985621742,1,0.5073958766482339,0.53,0.5,18898.72129392624
0,0,166,0.3457715132189599,0.6690832367122602,0.4538830107657429,119.59995984152316,0.35420012449761024,0.676064412928691,0.45157693498804563,0.02437624545811828,0.010433942794225251,0.005080771306700143,9.447010340533772,6,0.4,0.7,0.4,True,9.447218168195501,9.447010340533772,-1,0.35419671544432546,0.6759588823215931,0.4518019687728841,18898.72129392624
0,0,167,0.45983537791147727,0.7390581261561695,0.3153044358233046,139.367803627917,0.4614611224262928,0.7424834737614759,0.32147700095065773,0.0035354924673248597,0.004634747233105496,0.019576524863139665,9.982773404540268,11,0.5,0.75,0.3,True,9.98343205123344,9.982773404540268,0,0.4614637411444356,0.7422669813698715,0.3218217630175791,18898.72129392624
0,0,168,0.4587089472624333,0.8171861244767437,0.32978629099698226,154.6561950421251,0.46783964092790287,0.8421970767711434,0.33321548669384216,0.01990520071596904,0.030606188168472194,0.010398236040961685,9.79057446185167,11,0.5,0.75,0.3,True,9.826660487107679,9.79057446185167,5,0.46240019560972634,0.8501702266249767,0.32772744156867417,18898.72129392624
0,0,169,0.4995748985409386,0.8530897973579021,0.4923890160487622,132.57306301559112,0.4978683160082555,0.8454996041336736,0.5030024995883694,0.0034160694175535775,0.008897296917318694,0.021555077781337337,11.74041200040277,12,0.5,0.85,0.5,True,11.740438072627564,11.74041200040277,-1,0.4978695910975076,0.8455173077242408,0.5030661077147079,18898.72129392624
0,0,170,0.49481078128035716,0.589645447365033,0.4115489094731384,116.75499635401695,0.49644864755354634,0.59218219931677,0.41195894053886595,0.0033100860675490716,0.0043021649078663,0.0009963118751851047,12.55449545655099,9,0.5,0.55,0.4,True,12.55449741203048,12.55449545655099,-1,0.4964754971377004,0.5921964828823891,0.4119450788627913,18898.72129392624
0,0,171,0.36185275431153313,0.6694675333441654,0.38563289981872173,131.9589442811863,0.36786506180336254,0.6793519713719484,0.40635537573311825,0.016615342622632562,0.014764626416470989,0.053736275935320196,10.287308096562393,6,0.4,0.7,0.4,True,10.287318906675058,10.287308096562393,0,0.3678965888996505,0.6792167795085045,0.40629884877814615,18898.72129392624
0,0,172,0.47187741867830346,0.5379278280918326,0.3508081827585279,131.50911591024564,0.47125135795491896,0.5318891243224851,0.36864937633749495,0.0013267444014126726,0.011225862381517383,0.05085740429050288,11.292586819833717,9,0.5,0.55,0.4,True,11.354166093015635,11.292586819833717,3,0.47768371456924363,0.53,0.37702583333906553,18898.72129392624
0,0,173,0.3341684425789872,0.8867061067276567,0.46646922490014076,96.0485848542078,0.33228477056700667,0.8466023995463529,0.49084421462375327,0.005636893769630231,0.0452277331542291,0.052254229051939244,8.550404576847004,2,0.3,0.75,0.5,True,8.582545990979153,8.550404576847004,5,0.3272999018087652,0.8553713874744197,0.5,18898.72129392624
0,0,174,0.4362509005743218,0.7488157486510117,0.30138531590285367,104.94274211957716,0.45421807361531186,0.7482188253428357,0.30022642883546735,0.04118541192083814,0.000797156455712132,0.0038452008317480975,9.51516664256944,11,0.5,0.75,0.3,True,9.515358443416625,9.51516664256944,-1,0.4543024022614903,0.7482972069903794,0.3001945218369857,18898.72129392624
0,0,175,0.35129858705406947,0.6964950578845217,0.4134007232454585,121.99432648982197,0.3530855347272894,0.6957384303033339,0.4111965560064289,0.005086691888529778,0.001086335893733251,0.005331793378892747,9.707281812818382,6,0.4,0.7,0.4,True,9.70739941752366,9.707281812818382,0,0.352991864722193,0.6957708932370588,0.4112202555382671,18898.72129392624
0,0,176,0.5105726685028434,0.8217980934385509,0.38023321089998835,106.44759727886442,0.5393663738196532,0.8913653391597527,0.3736028693631128,0.05639492102317546,0.08465247884686602,0.017437565543477706,10.68118415079239,12,0.5,0.85,0.5,True,10.763733394469378,10.68118415079239,10,0.53,0.9,0.3637994295209808,18898.72129392624
0,0,177,0.392106688626741,0.8385224378642653,0.3697631109165849,155.69160137758738,0.4424044139224752,0.8967628460849824,0.32112246170818365,0.12827561159920498,0.06945599257791676,0.1315454348267157,8.884605145026873,8,0.4,0.9,0.3,True,8.894558570243937,8.884605145026873,6,0.44122576355294,0.9,0.3232031583736398,18898.72129392624
0,0,178,0.43587722513609556,0.6165802778960571,0.4317394610102362,135.01415693097707,0.42747814527360445,0.5978312082095861,0.4578196198805775,0.019269370772626707,0.03040815666444598,0.060407169660414664,11.533857820035943,4,0.4,0.55,0.5,True,11.533865142586983,11.533857820035943,-1,0.42746753963957396,0.5978313838631907,0.4577974535915929,18898.72129392624
0,0,179,0.4250821979481093,0.6315780049389986,0.4259836393669003,123.69942647956904,0.4289926245516362,0.6266474752892498,0.43144108057119324,0.009199224579158385,0.007806683594412135,0.012811386870171372,10.728141103809094,4,0.4,0.55,0.5,True,10.73159450213728,10.728141103809094,0,0.42873522395103847,0.626649280756909,0.4316883488824126,18898.72129392624
0,0,180,0.4007535173049078,0.7871822111473167,0.3561646656072007,98.92030737488227,0.40348627801491066,0.7760989958549541,0.35902122276822246,0.0068190560831027005,0.01407960588465127,0.008020327216209908,9.501486617389482,6,0.4,0.7,0.4,True,9.501621364329758,9.501486617389482,-1,0.4033359749015395,0.776007467032312,0.3591903663022795,18898.72129392624
0,0,181,0.5211217483707934,0.732693994605623,0.42886419243024926,129.8044664689131,0.49703559278842296,0.7008970491227114,0.4634461941417364,0.04621982417289639,0.043397305992696804,0.08063625343846248,11.534239165100416,10,0.5,0.65,0.5,False,11.534239165100416,11.534239165100416,-1,nan,nan,nan,18898.72129392624
0,0,182,0.41680116461301653,0.5759527063959892,0.36271922424464365,139.763036417812,0.38539439013450083,0.5198231449273368,0.4830663685152433,0.07535193551504504,0.09745515707336766,0.33179146906597096,11.209563819542765,4,0.4,0.55,0.5,True,11.22944004430069,11.209563819542765,1,0.3912241168700616,0.53,0.4773142622104518,18898.72129392624
0,0,183,0.5079590859731979,0.8479536905376176,0.4896641763739884,95.33774508572773,0.49573714967619786,0.8254697212227671,0.5158159564307132,0.02406086756689093,0.02651556277866459,0.05340758282621637,11.142648197405729,12,0.5,0.85,0.5,True,11.142849216360185,11.142648197405729,-1,0.4958240392596032,0.8253874881279126,0.5157105568799637,18898.72129392624
0,0,184,0.4722261414770145,0.7712730271818132,0.4250375280978044,133.6015117445666,0.47748686050895905,0.7984165194020321,0.48447361399682026,0.011140253725662477,0.03519310446963195,0.13983726605275004,11.09413420462385,12,0.5,0.85,0.5,True,11.117953117884818,11.09413420462385,4,0.4831637300106767,0.7908540383129463,0.489552272568694,18898.72129392624
0,0,185,0.343143158113224,0.7547889694108372,0.45741836213721937,94.21256495778499,0.3531046133409122,0.7751887288688906,0.48329556950588587,0.029030027241287188,0.027027103316012626,0.056572296852621065,9.15170474481806,7,0.4,0.8,0.5,True,9.153439996561586,9.15170474481806,-1,0.35297580431605946,0.7750926748198759,0.483391358937173,18898.72129392624
0,0,186,0.5108402475422331,0.5788740679816368,0.37514121454457094,128.1686591803067,0.49347543107608643,0.5651553207192165,0.4035443506763818,0.03399265533538656,0.023699018527904542,0.0757131848770411,12.411847480925093,9,0.5,0.55,0.4,True,12.411858639803691,12.411847480925093,-1,0.49351375652296436,0.5653314961694964,0.4036095171972929,18898.72129392624
0,0,187,0.4448418986464043,0.7275471561393084,0.3775439753224574,148.7697635730587,0.4818865010866613,0.7742280511521046,0.34696723375684674,0.08327588420285705,0.0641620197658471,0.08098855647079344,10.65850758544268,11,0.5,0.75,0.3,True,10.658756996550071,10.65850758544268,0,0.4819049910203694,0.7742728751031814,0.3468170292764676,18898.72129392624
0,0,188,0.40018736873311217,0.842598058674631,0.3659766744789452,132.85747021053461,0.44176887015912253,0.8923711515881396,0.3239528934075484,0.10390508215600718,0.05907097981189212,0.11482639195852483,9.525098333386584,8,0.4,0.9,0.3,True,9.526722709275965,9.525098333386584,7,0.4429510412544147,0.9,0.32521171262427007,18898.72129392624
0,0,189,0.49581156042916846,0.575038808297186,0.3341795994969794,139.2664689212783,0.47794730757481435,0.5687927588629587,0.37340713508847834,0.036030327406829786,0.010861961565208533,0.11738459095212816,11.665035116767488,9,0.5,0.55,0.4,True,11.665084711344557,11.665035116767488,-1,0.47790721676082626,0.5689381876313633,0.3735729958086417,18898.72129392624
0,0,190,0.40519992589887405,0.8611836174099298,0.35477399757965644,97.50303775765792,0.42022301168432874,0.8863898815556116,0.37206332465078384,0.037075736754216514,0.029269326118268997,0.0487333547246384,9.210069588841346,7,0.4,0.8,0.5,True,9.210114557381644,9.210069588841346,-1,0.4202879840552949,0.8861521185619664,0.37207272775437683,18898.72129392624
0,0,191,0.3820246697040666,0.7874557665445874,0.45619311635363663,127.41873975497455,0.39143572071738675,0.7937894150739404,0.46426310978267804,0.024634668281004857,0.008043180072381128,0.017689862340635645,9.862832936914433,7,0.4,0.8,0.5,True,9.863121777612081,9.862832936914433,-1,0.3913583169258217,0.7938766520798622,0.46426632926524514,18898.72129392624
0,0,192,0.38226140316082613,0.857804153933148,0.4856151023039315,121.03256098163506,0.3896131187805314,0.8689450051155927,0.4876838192902773,0.01923216824642961,0.012987639581088957,0.004259993102626085,9.052587297560478,7,0.4,0.8,0.5,True,9.212693160627886,9.052587297560478,5,0.3921689826169721,0.8655863361334923,0.4866200216878161,18898.72129392624
0,0,193,0.4029451391096638,0.7502020551689071,0.44272261308145117,132.50736541039913,0.4043495462725469,0.7361686555298587,0.4676782081637234,0.003485355763283882,0.018706159950320156,0.05636846717310318,10.274174587328982,7,0.4,0.8,0.5,True,10.352854934511058,10.274174587328982,4,0.4145666986622869,0.7392993393959484,0.4768701865137117,18898.72129392624
0,0,194,0.4078549967101047,0.689373821043052,0.4291990226881763,151.1164868042078,0.4130015935498255,0.6875873176022766,0.4321040919779903,0.012618692626631949,0.002591487210918888,0.006768583189260076,9.822950016953385,6,0.4,0.7,0.4,True,9.822970598690205,9.822950016953385,0,0.4130524438919018,0.687444615579936,0.4321407227248609,18898.72129392624
0,0,195,0.32661888944851547,0.5643235058916863,0.4523086216554312,122.48108459124721,0.351431125332766,0.5964506176051864,0.4255039615842708,0.0759669348155127,0.05693030926070684,0.05926188179446243,9.214810525372345,6,0.4,0.7,0.4,True,9.233993980647522,9.214810525372345,4,0.3580934826829014,0.5998640350914802,0.4301270357701439,18898.72129392624
0,0,196,0.4804793332369278,0.7239845264732708,0.392372402947115,153.38592320084285,0.48855937923379184,0.7764674363350731,0.49076485015386856,0.016816635884065564,0.07249175630515345,0.25076291417981084,10.894731251702428,12,0.5,0.85,0.5,True,10.940124676540439,10.894731251702428,4,0.48266518719687385,0.7795285906130145,0.5,18898.72129392624
0,0,197,0.3942276654082302,0.7621901658350638,0.40869516985914917,100.68817277022946,0.4019146818060995,0.7655754303296136,0.42523514708836735,0.0194989268191244,0.004441495897340602,0.04047020481039315,9.775919981052215,7,0.4,0.8,0.5,True,9.873281340356913,9.775919981052215,4,0.41226168134662755,0.7751906354569641,0.4351270902059632,18898.72129392624
0,0,198,0.351863886347984,0.822602268239995,0.40454023865916744,136.18093414900184,0.37587663776845,0.841927736568112,0.4081226060470471,0.06824443300986571,0.023493089034953604,0.008855404346804319,8.682910206810288,7,0.4,0.8,0.5,True,8.685544816657492,8.682910206810288,0,0.37597109739305257,0.839577782868671,0.41039773546388914,18898.72129392624
0,0,199,0.4122805753258381,0.8341780072372753,0.4704032180392158,120.65749724948208,0.418316999472724,0.8264823462847075,0.4662417801990806,0.014641543910030454,0.00922544215479278,0.00884653352815351,10.31355201176794,7,0.4,0.8,0.5,True,10.313699304698847,10.31355201176794,0,0.4182618309066184,0.8264076923596666,0.4659951987029809,18898.72129392624
0,0,200,0.37559602811496356,0.6962070819800444,0.3243439385152884,126.41302198243329,0.3850657753520763,0.6782025751285866,0.3577997337358437,0.025212586205022963,0.025860849907260626,0.10314913043759029,9.298208743897714,6,0.4,0.7,0.4,True,9.383882180641507,9.298208743897714,4,0.38942804917941465,0.6883985484217496,0.3679331390823806,18898.72129392624
0,0,201,0.40283453425135723,0.557932039257656,0.31979333516370634,155.3930227479217,0.40995628137459983,0.5520118604458771,0.33225478383363694,0.017679087857941266,0.010610931789570332,0.03896719318290802,10.512519159343658,5,0.4,0.65,0.3,True,10.567749948126046,10.512519159343658,4,0.41979571692145284,0.5464764198927577,0.3395985376053883,18898.72129392624
0,0,202,0.46294832317745077,0.6917844033934071,0.4280353617179524,110.65555352840609,0.48392663993451424,0.7049781315250105,0.4697519939903312,0.04531459713057942,0.019072023114259772,0.09746071470578013,10.750990983854019,12,0.5,0.85,0.5,True,10.884152310754242,10.750990983854019,2,0.49420613247170303,0.6989299546756913,0.48023434585644015,18898.72129392624
0,0,203,0.380195407033194,0.5585364339808313,0.3105171142244987,144.2171955221543,0.3954776547310363,0.5475760379527878,0.3468827303508321,0.04019577147734468,0.019623421788129414,0.11711308156767714,9.722949770690159,5,0.4,0.65,0.3,True,9.753849616080748,9.722949770690159,4,0.3953498594685083,0.5387520677087566,0.35025569347936036,18898.72129392624
0,0,204,0.4881074258516231,0.5342649224230933,0.3660110688194995,99.31792853818516,0.48856263385740795,0.537304824536837,0.387109403981189,0.000932597993137751,0.005689877785643525,0.05764398117723109,12.202042378979261,9,0.5,0.55,0.4,True,12.212691982554226,12.202042378979261,2,0.4913434476612933,0.53,0.3901019511121633,18898.72129392624
0,0,205,0.41523679754357257,0.7517797582574175,0.41020961259055116,102.12886702988993,0.426849434030748,0.751074769033393,0.4154107231398702,0.027966299123470283,0.0009377603164770425,0.012679153266236372,10.10510815986627,6,0.4,0.7,0.4,True,10.105659362026893,10.10510815986627,0,0.42715306811336734,0.751114052352565,0.41584925422449326,18898.72129392624
0,0,206,0.4647154385194551,0.750104139124408,0.39348507152912565,112.3204462714954,0.48530209632988397,0.8340714664950591,0.5143165384397829,0.04429949191276328,0.11194089325872232,0.3070801808086214,11.189197128943357,12,0.5,0.85,0.5,True,11.189328942716251,11.189197128943357,-1,0.48532836797584233,0.8340953306026793,0.5142851799362287,18898.72129392624
0,0,207,0.5102811095276987,0.5621210927931878,0.32895265474268326,117.41067204855487,0.4794881201514123,0.538991217077152,0.37757832562028243,0.06034514858836824,0.041147496531580174,0.14781966394414917,11.629055576461266,9,0.5,0.55,0.4,True,11.64027566314903,11.629055576461266,3,0.4831704193811648,0.53,0.385067256548848,18898.72129392624
0,0,208,0.3711962311778744,0.751254418978222,0.4389108776968237,137.7433940812374,0.38729566107710345,0.7516655306929249,0.4476014415180955,0.043371749352472004,0.0005472336725313688,0.019800292639989645,9.817094183088525,7,0.4,0.8,0.5,True,9.916982940268541,9.817094183088525,4,0.39756183158037717,0.7531123035878222,0.4567597605779714,18898.72129392624
0,0,209,0.479789959354231,0.5947088849825881,0.4492627870296749,109.12805560501135,0.5000054380151522,0.5886763619400152,0.4185251634125085,0.04213401774420207,0.010143657165555172,0.06841791598273668,12.214848603822801,9,0.5,0.55,0.4,True,12.214879403563396,12.214848603822801,0,0.5001008359603208,0.5883820875865514,0.4184300260970047,18898.72129392624
0,0,210,0.48131581124048634,0.7475756954976936,0.44196023808168505,99.31861705763806,0.4878690187576462,0.7705735757458428,0.49039862359779224,0.013615192694938516,0.0307632797409746,0.10959896692596718,11.04530906390563,12,0.5,0.85,0.5,True,11.132504436925629,11.04530906390563,4,0.4862500212483208,0.7750292153924325,0.5,18898.72129392624
0,0,211,0.44958074174939383,0.8806877992896807,0.38468103447195123,100.7751927092089,0.4429051042660952,0.8649728237008883,0.4079204169485719,0.0148485841660446,0.017843980127199715,0.06041208272334296,10.16317016209251,7,0.4,0.8,0.5,True,10.163383666415449,10.16317016209251,-1,0.4430123608422766,0.8650149766774127,0.4078907125295203,18898.72129392624
0,0,212,0.5186942199721928,0.7724736756472058,0.33943854718898914,135.7537035329242,0.5452528211069538,0.802948400755731,0.3217447314593411,0.05120280911590813,0.039450826700330496,0.052126712997615524,10.51133846426298,11,0.5,0.75,0.3,True,10.51167742584142,10.51133846426298,-1,0.5438291034903382,0.8020936837802302,0.32208990224771944,18898.72129392624
0,0,213,0.5259684834524211,0.6068673432723058,0.4707719597025067,137.43192407670938,0.5091640881645544,0.5854903745523193,0.4991741185102807,0.031949433885398996,0.03522510966683292,0.06033103336426856,12.815085481339064,10,0.5,0.65,0.5,True,12.870101145268928,12.815085481339064,4,0.5096928905000613,0.5871018523945224,0.5,18898.72129392624
0,0,214,0.36327343081870167,0.5980939649506177,0.4908314064361027,115.02734547525031,0.3700746680382521,0.6056831600335693,0.4804902384375083,0.018722088219396183,0.012688967833972605,0.021068676256234205,10.340375151807464,6,0.4,0.7,0.4,True,10.340928925397282,10.340375151807464,0,0.3699734157572923,0.6053241921915835,0.48089106491138534,18898.72129392624
0,0,215,0.4096342392931047,0.7654110098692632,0.3880603807403089,93.76653149877824,0.41953555170831386,0.7890058676177459,0.3911803122983123,0.02417110550205857,0.030826389278765184,0.008039809557604008,9.917006195046556,6,0.4,0.7,0.4,True,9.969874394000822,9.917006195046556,5,0.41718323049113554,0.797695151345673,0.38566720158954715,18898.72129392624
0,0,216,0.37141398864982417,0.700143600622882,0.4522536888089502,131.6491462915684,0.38485961038738487,0.7209925454392287,0.43753445613840136,0.03620117213796563,0.029778098089875513,0.032546407104634696,9.741447960516378,6,0.4,0.7,0.4,True,9.918934885801676,9.741447960516378,5,0.3800772487806069,0.7236318336112422,0.4360650896326518,18898.72129392624
0,0,217,0.40727115117698975,0.6003151045190644,0.45693110959215133,105.44521759016101,0.4089887423179168,0.5956007450038528,0.4629632868279326,0.004217315996881509,0.007853141591345519,0.013201502609803632,10.538963850282784,4,0.4,0.55,0.5,True,10.538966772406058,10.538963850282784,-1,0.4089733457300123,0.5956175279212047,0.4629331181267473,18898.72129392624
0,0,218,0.46921738254412276,0.7090799111280974,0.41044154798987587,117.74934763501223,0.4836926054996771,0.7393741823360077,0.4757435185724515,0.030849715918598003,0.04272335280196301,0.15910175493292508,11.457275740732204,12,0.5,0.85,0.5,True,11.531258417861348,11.457275740732204,3,0.4939057264564943,0.7483343654736111,0.4856684776796669,18898.72129392624
0,0,219,0.3593310940022716,0.5927620416930478,0.428297614188786,111.00850192146963,0.3617863522042779,0.5856569116212719,0.4445689763572713,0.006832857615129724,0.011986479517956734,0.037990784046985526,10.203495737272508,6,0.4,0.7,0.4,True,10.259128019249077,10.203495737272508,4,0.3691260248223781,0.575550791345499,0.4547847351495092,18898.72129392624
0,0,220,0.393799199156168,0.6032498596781544,0.3177116746522558,134.5744804750575,0.39721530718242587,0.6068157856000022,0.33319068818381914,0.008674745996380608,0.005911192293936515,0.04872031708782985,9.368696908190117,5,0.4,0.65,0.3,True,9.368746691365196,9.368696908190117,-1,0.39716713313510266,0.606845667126689,0.3330758666068985,18898.72129392624
0,0,221,0.41342011644097276,0.8831248447024715,0.47031361397022614,146.0600827023153,0.41455856530043633,0.8808739373313514,0.47207508475336263,0.002753733585255074,0.0025487986037562374,0.0037453110665174147,10.210561365182933,7,0.4,0.8,0.5,True,10.365183472444961,10.210561365182933,5,0.42365187513229874,0.8846032800664738,0.47436105775902526,18898.72129392624
0,0,222,0.3273535799372797,0.7296475301533468,0.4214929052705335,96.88383094206768,0.34323554907909715,0.7047605770685981,0.4576469930810618,0.04851625311340843,0.03410818519390914,0.08577626659533678,8.652679514546463,7,0.4,0.8,0.5,True,8.724587842160027,8.652679514546463,3,0.34933296708907635,0.694992922762197,0.4554303840975199,18898.72129392624
0,0,223,0.4172161980212253,0.6494951523032994,0.34329713635737696,143.56354579604024,0.4286873296444458,0.633081015389459,0.3763247545528423,0.027494454140625003,0.02527214692154512,0.09620708912958467,9.789854280675367,11,0.5,0.75,0.3,True,9.819038988934778,9.789854280675367,9,0.438408306284444,0.6433018390715175,0.3867875269148635,18898.72129392624
0,0,224,0.4053096657350554,0.5691300035285437,0.3738141237100454,150.92777666859445,0.5328363107482743,0.764025797349153,0.3334038817390843,0.3146400290798421,0.3424451225770504,0.10810250177252778,10.881903045113742,11,0.5,0.75,0.3,True,10.881959810499051,10.881903045113742,-1,0.5328425978950944,0.7640500681305107,0.33356958421655203,18898.72129392624
0,0,225,0.39870499965023576,0.5990042299141679,0.313347231009368,125.7607223996661,0.3989014223027085,0.6024242989946341,0.32824232603756764,0.0004926515911388829,0.005709590867090005,0.04753542892406897,9.664557771399554,5,0.4,0.65,0.3,True,9.664905384106778,9.664557771399554,0,0.3988260830544408,0.6024426857450708,0.32834107489211134,18898.72129392624
0,0,226,0.45735431281611716,0.6790474024155938,0.46966388076479826,126.53056644667396,0.5218869916283359,0.8397297370979078,0.5305935192484059,0.14109996780147246,0.23662903960859627,0.12973030496701204,11.383604453433367,12,0.5,0.85,0.5,True,11.38451759534816,11.383604453433367,-1,0.5218761303425193,0.840322202455284,0.5303365739993682,18898.72129392624
0,0,227,0.4847586389932185,0.7331291032446187,0.41815978045935265,119.53103603420521,0.4846747657645895,0.8475816158651732,0.502216667272687,0.0001730205959881615,0.156115085479516,0.2010161922339758,10.61664863364389,12,0.5,0.85,0.5,True,10.616857855071013,10.61664863364389,-1,0.48472893274104295,0.8475986751788623,0.5022919726844861,18898.72129392624
0,0,228,0.3396509535494687,0.7826295520922749,0.4716786854920571,139.06425999313416,0.3535009185515646,0.8102485168592368,0.47356056677325215,0.04077705319934781,0.03528995895072658,0.003989752641105364,9.012780563099241,7,0.4,0.8,0.5,True,9.012782032783157,9.012780563099241,-1,0.3534663890364109,0.8101948991546521,0.4736404752472325,18898.72129392624
0,0,229,0.4050284208564967,0.5634231569250232,0.33715782487380586,128.20403811943592,0.5088220002035079,0.8882931932654086,0.4693832445567856,0.25626245962573,0.5766004331689495,0.3921766304325582,10.43025000909659,12,0.5,0.85,0.5,True,10.430974479566455,10.43025000909659,0,0.5089270618881628,0.8877957504573838,0.47079730999010305,18898.72129392624
0,0,230,0.4629198800187038,0.7602176684117717,0.32572884486352727,100.85675313320807,0.4612835459819835,0.7551151210455328,0.33348661302178795,0.003534810465807163,0.006711955770377001,0.0238166446742259,10.408514712920091,11,0.5,0.75,0.3,True,10.408784536199112,10.408514712920091,-1,0.46196788432383057,0.7558690033510085,0.33271548015514707,18898.72129392624
0,0,231,0.4543559050015979,0.835477272617632,0.3403558268880813,107.3761648178585,0.5132733635580066,0.9065279945641006,0.32498976274895086,0.12967248341628018,0.08504207627798144,0.045147057653234304,10.065782334614982,12,0.5,0.85,0.5,True,10.183321728974281,10.065782334614982,10,0.5235196786456147,0.9,0.3351852995829345,18898.72129392624
0,0,232,0.46769935817987596,0.6995983830875926,0.3830443861281423,115.57173779485122,0.49587759109980967,0.7323315759437561,0.36728025178746887,0.060248602926447535,0.04678854846933682,0.04115485022511136,10.555673868041499,11,0.5,0.75,0.3,True,10.557075545833115,10.555673868041499,0,0.4948152719956446,0.7331549861228237,0.3638803725861212,18898.72129392624
0,0,233,0.329973141913319,0.6939064888986032,0.36029065591993553,118.0672970806626,0.32804849013020787,0.6611540770156754,0.4009454395417925,0.005832752847553634,0.0472000369025425,0.11283885094952717,8.852892219659203,1,0.3,0.65,0.4,True,8.852937641922122,8.852892219659203,0,0.3280741631746668,0.661161985456152,0.40091129573068773,18898.72129392624
0,0,234,0.4305028398793406,0.7751743406856373,0.42495047543564585,140.16902836803575,0.5315363602771328,0.8936246944114172,0.34679842043329906,0.23468723325056204,0.15280479178530507,0.18390861881546963,10.6939427553166,12,0.5,0.85,0.5,True,10.783894416079654,10.6939427553166,10,0.53,0.9,0.3404811505180659,18898.72129392624
0,0,235,0.3203438620693156,0.764761288154904,0.40841250975109306,146.95881331788678,0.33337158729833555,0.753139485086112,0.45327768201298557,0.04066794083353168,0.015196641421052152,0.10985259067905533,8.439794109759823,2,0.3,0.75,0.5,True,8.477064993220527,8.439794109759823,4,0.33226072645550064,0.7431092822261562,0.4589152009375398,18898.72129392624
0,0,236,0.51463517088406,0.5370522070571484,0.4656656595979678,109.58274316767003,0.5146136726410692,0.5294413867340656,0.5024030781185561,4.177375392721863e-05,0.014171472015332252,0.07889226478994725,12.377698875644935,10,0.5,0.65,0.5,True,13.163869522230033,12.377698875644935,1,0.5129540365913753,0.53,0.5,18898.72129392624
0,0,237,0.44831338581993435,0.8038685178656478,0.4693992448040891,152.53768230587727,0.4363985954212927,0.7596594017461586,0.5077824280488791,0.026576923142391334,0.05499545651678071,0.08177086705968127,10.440227195041693,12,0.5,0.85,0.5,True,10.493641304519903,10.440227195041693,9,0.426851922966396,0.7592834957057414,0.5,18898.72129392624
0,0,238,0.45042284939475263,0.8375190309850586,0.3995397471750513,108.33505309950695,0.4580018017530568,0.8607841551254073,0.4091709148245496,0.016826305256245924,0.027778621475604056,0.024105655864267637,9.890400030686315,12,0.5,0.85,0.5,True,9.891026314886004,9.890400030686315,-1,0.4581863152314736,0.8607121891429381,0.4095865731223749,18898.72129392624
0,0,239,0.3502722062690421,0.7092464929639385,0.44907068036444,121.83395518462875,0.3365549369999361,0.6655701788891976,0.503775060006555,0.03916174056519299,0.06158129015515857,0.1218168587575571,9.084577703024634,7,0.4,0.8,0.5,True,9.26704164231925,9.084577703024634,9,0.32627892315766627,0.6757119943569133,0.5,18898.72129392624
0,0,240,0.3861867245372255,0.676337947051896,0.41494756386543846,125.39998545438425,0.3865839250919809,0.6732842174744507,0.41866368731494197,0.0010285194428456008,0.004515094252446261,0.008955645901101353,10.230144004800872,6,0.4,0.7,0.4,True,10.230199884611373,10.230144004800872,-1,0.3866980651683176,0.6734252634866021,0.4185378419479764,18898.72129392624
0,0,241,0.43554883906778286,0.7347389952304827,0.4748233062481482,99.15190381193581,0.43540866889115154,0.7262973762311281,0.4921402629867109,0.00032182424577534356,0.011489275857349185,0.03647031750693511,10.357365389831788,12,0.5,0.85,0.5,True,10.50267393727497,10.357365389831788,9,0.44433317733736283,0.7271385151747399,0.5,18898.72129392624
0,0,242,0.4731622821148647,0.8237303788743358,0.4424320140054331,119.37035044915612,0.5396875870016213,0.8899360529296273,0.3798800961883263,0.14059722721222095,0.0803729906693068,0.1413819882761437,10.951405395620457,12,0.5,0.85,0.5,True,10.990219201798762,10.951405395620457,10,0.53,0.9,0.3899813018758375,18898.72129392624
0,0,243,0.5154632464522646,0.5434869433879628,0.4605879937587271,131.3780390788744,0.5071739707340556,0.5342133983763246,0.49912249971323863,0.016081215829180706,0.017063050224958763,0.083663722191372,13.016285808804973,10,0.5,0.65,0.5,True,13.070948462350431,13.016285808804973,3,0.5096667781549306,0.5330592942643685,0.5,18898.72129392624
0,0,244,0.3251776348669531,0.6505017912498109,0.37565452894778223,104.75283298805502,0.33226874104420717,0.6612898185432088,0.3999469501465776,0.021806869282862563,0.016584162316710654,0.06466691954131117,9.16251290945377,1,0.3,0.65,0.4,True,9.162725772312962,9.16251290945377,-1,0.3322793365392217,0.661310554939833,0.39991821801620675,18898.72129392624
0,0,245,0.4520887787197591,0.6884305168958222,0.44316096691638196,116.96481770024755,0.4528846646611171,0.738089149603145,0.5002746139929318,0.0017604638266222965,0.07213310782798636,0.12887788262120653,10.523368276211938,12,0.5,0.85,0.5,True,10.541929328084978,10.523368276211938,9,0.4443244409243812,0.7295906407055526,0.5,18898.72129392624
0,0,246,0.327932120498417,0.7865734660005176,0.4466090597602781,98.8840501482808,0.33327716408177616,0.7601235267878632,0.4810370812995121,0.01629923770576458,0.03362678803182126,0.07708760220339822,8.798346544393716,2,0.3,0.75,0.5,True,8.801610074790213,8.798346544393716,0,0.33322975325287923,0.7600638642214994,0.4823869203922859,18898.72129392624
0,0,247,0.4147125715035996,0.69409814494514,0.48297519612416595,131.10878982885228,0.413457376401529,0.6899262485697627,0.4893474453640263,0.003026662773977823,0.006010528058257569,0.013193740156838482,10.102216298156442,4,0.4,0.55,0.5,True,10.363080125126181,10.102216298156442,6,0.41191206843321154,0.6862599738359079,0.48338307260782715,18898.72129392624
0,0,248,0.38137032793314796,0.8451246156902894,0.3647309402643175,139.14821486697693,0.3857094958372773,0.8132502178466696,0.38844959447066296,0.011377833004590727,0.03771561879970221,0.06503055153247139,9.174448099655532,7,0.4,0.8,0.5,True,9.195535344616525,9.174448099655532,4,0.3951038396344803,0.8076737343888245,0.39286455820506005,18898.72129392624
0,0,249,0.35629984196190617,0.6088670337585349,0.32914681206644014,145.05177298958372,0.3641591307318648,0.5876122971163205,0.34379046287377074,0.022058075374613535,0.03490866718634609,0.0444897239483963,9.28628005972665,5,0.4,0.65,0.3,True,9.286338014724581,9.28628005972665,-1,0.3642016567296033,0.5876319365514359,0.34380453224919044,18898.72129392624
0,0,250,0.35041218021195364,0.5326107724857062,0.3433196928925634,116.75183106188533,0.35833229825640855,0.523379150303859,0.35442726807875996,0.022602290935390082,0.017332774060808177,0.032353446120763255,9.49614454757519,5,0.4,0.65,0.3,True,9.62173862200281,9.49614454757519,2,0.36874485712690336,0.53,0.3625271526265854,18898.72129392624
0,0,251,0.31692752989101775,0.6010444225304983,0.4981724357818414,142.9333926141503,0.30981680135481937,0.5431710162517338,0.5097008397479045,0.022436449552500376,0.0962880680850638,0.023141392694620257,8.562585272841389,6,0.4,0.7,0.4,True,8.618680762246742,8.562585272841389,9,0.3,0.5501330475858426,0.5,18898.72129392624
0,0,252,0.3420903178753152,0.6126488168995977,0.4533653103789346,151.0523895853536,0.3588266291918067,0.6337150672279362,0.44511413609963824,0.0489236626760993,0.03438552356135688,0.0181998359609822,8.895928471006343,6,0.4,0.7,0.4,True,8.895985832804332,8.895928471006343,-1,0.3588396482608742,0.6336990990233873,0.4450943809349571,18898.72129392624
0,0,253,0.3911563817056912,0.8114260697141225,0.32934385358472035,127.6080348134695,0.43197729271549695,0.8788111518825512,0.3075739462809918,0.10435956798608405,0.08304525166682102,0.06610084586906824,9.378135572626615,8,0.4,0.9,0.3,True,9.37814885326045,9.378135572626615,-1,0.4320021943960396,0.878785480445798,0.3075983787613649,18898.72129392624
0,0,254,0.4424377049565529,0.8129148008312689,0.3557264550319948,119.60209445919214,0.4626408305161154,0.8349280779981929,0.4330779698946648,0.04566320938118606,0.027079439498965616,0.21744661879508748,9.899845227147027,12,0.5,0.85,0.5,True,9.957909231589856,9.899845227147027,4,0.460622047506525,0.8299739058585425,0.4323607765257562,18898.72129392624
0,0,255,0.3958509507041184,0.5814574871824865,0.43518996919910546,128.5849672988433,0.39351479401140005,0.5679282644110641,0.454760923821046,0.005901606876433998,0.023267776354518363,0.04497106093221221,11.247684312273467,4,0.4,0.55,0.5,True,11.247782029611239,11.247684312273467,-1,0.3935842081605331,0.5679300837109551,0.4547411316772202,18898.72129392624
0,0,256,0.42330426015581973,0.7548762920263619,0.42105174640516063,98.3222604578214,0.4256774659794631,0.7546283220392249,0.4408908817516066,0.0056063830370376615,0.0003284908928207308,0.04711804550349879,10.796831860712249,7,0.4,0.8,0.5,True,10.897798507222205,10.796831860712249,4,0.434866443079964,0.7644434321572403,0.4509962069297984,18898.72129392624
0,0,257,0.37974874819714005,0.6756850205201878,0.33766403723784066,138.7983489733331,0.377140777368578,0.6685978439874243,0.3768692433164345,0.006867621923557162,0.010488876203452444,0.11610714128546312,9.328760456489158,6,0.4,0.7,0.4,True,9.368071522468208,9.328760456489158,4,0.3866117877836835,0.6592033390918376,0.3869726089598013,18898.72129392624
0,0,258,0.45875499738223363,0.8047719614057239,0.30323276159873,99.83889220187494,0.47065647609102146,0.8176482268950798,0.3004482354585555,0.0259429952299169,0.01599989327021831,0.009182801111244471,10.000571966039448,11,0.5,0.75,0.3,True,10.000693326039528,10.000571966039448,0,0.4705827108886431,0.8175391271630512,0.30037054550871534,18898.72129392624
0,0,259,0.3679870581084259,0.7247289835095454,0.3154988836666645,151.70640498495948,0.3831366533716698,0.7258463215513934,0.34219892089049386,0.0411688262655697,0.0015417322437378087,0.08462799270009103,9.17320192397976,6,0.4,0.7,0.4,True,9.202083008979809,9.17320192397976,4,0.3932724259879038,0.7158905718643374,0.35255923673076456,18898.72129392624
0,0,260,0.42022737161463486,0.6157118310015103,0.31352155163846523,138.3036377426321,0.4225316220828571,0.6188865649051459,0.31249160373097956,0.005483342171093356,0.005156200910532551,0.0032850944443951627,10.322029003688945,5,0.4,0.65,0.3,True,10.322263264280103,10.322029003688945,-1,0.4226157051859085,0.6188475830618569,0.3123683800838934,18898.72129392624
0,0,261,0.48806730748895183,0.7271595230276305,0.4268617608557317,104.3249947350283,0.48657804096499363,0.7173035834993239,0.4368869221241549,0.0030513548051810686,0.013554026614779205,0.0234857328244295,10.939806958191847,10,0.5,0.65,0.5,True,10.940015971283845,10.939806958191847,0,0.4866669554981285,0.7171580434743247,0.4368993585862988,18898.72129392624
0,0,262,0.43346399932575447,0.5949132482482364,0.40131370331623173,115.12536070636656,0.41309098527152205,0.5633336982869659,0.468710771963268,0.04700047543953426,0.053082613396589734,0.16794110963593972,11.353263837565226,4,0.4,0.55,0.5,True,11.35328784936609,11.353263837565226,-1,0.41301920421403004,0.5634329668869755,0.46867554319788945,18898.72129392624
0,0,263,0.5195702039450001,0.7170236197034207,0.340472235869969,109.83151249402268,0.5120012219919425,0.842540977866832,0.5347275607903225,0.014567775241127527,0.1750533102596098,0.5705467420096546,11.069712234945523,12,0.5,0.85,0.5,True,11.069820924748129,11.069712234945523,-1,0.511959869098718,0.8427043465396699,0.5345353054298726,18898.72129392624
0,0,264,0.4326331889869483,0.8336207790193341,0.3674301352954605,150.2756077603637,0.4453476876014364,0.8662670132482785,0.3933768030512774,0.029388634386234437,0.03916197274658775,0.07061660235068233,9.330765715371495,7,0.4,0.8,0.5,True,9.331786663346753,9.330765715371495,0,0.44543127638629776,0.8661370167367454,0.3937165200706316,18898.72129392624
0,0,265,0.3672123010740665,0.8581327923945604,0.44579421719558293,151.99917007579376,0.3781778935541365,0.8917509267860597,0.4568429964783575,0.029861724261405542,0.039175911571553174,0.02478448319110243,8.700294664101996,7,0.4,0.8,0.5,True,8.723774170599494,8.700294664101996,5,0.37865835341270593,0.8890044162785482,0.45871006931980185,18898.72129392624
0,0,266,0.51709995590951,0.5893390063965035,0.4404137818486799,108.73483800958103,0.5090844863896535,0.6319421998852868,0.5126273610490616,0.015500812615151531,0.07228979081035088,0.1639675736241907,13.103093744644902,10,0.5,0.65,0.5,True,13.103462140001586,13.103093744644902,-1,0.5091321017841691,0.6318512401101634,0.5125953252743124,18898.72129392624
0,0,267,0.4460188703724461,0.6231862634387253,0.3921998931904178,118.29641992516015,0.42621635177153094,0.5512103559909922,0.4542234653973005,0.04439838741436912,0.11549662062602588,0.1581427564967987,10.825056452492703,4,0.4,0.55,0.5,True,10.835727903893304,10.825056452492703,4,0.4265565470767837,0.542334963274885,0.4557681067551765,18898.72129392624
0,0,268,0.33018734546298284,0.7548267011028168,0.43518331604847094,148.71104200627045,0.3463940960951417,0.7539705893992932,0.44695561235162984,0.04908350018512688,0.001134183120804848,0.02705135024488783,8.93342859474919,7,0.4,0.8,0.5,True,8.967016196187739,8.93342859474919,4,0.3467502784572336,0.7555681175827134,0.45266667257138454,18898.72129392624
0,0,269,0.46694238047390235,0.6003643798241409,0.42404169154954535,123.13126122084117,0.4892028618837886,0.6056875450228043,0.397455987637752,0.04767286573408469,0.008866557340098436,0.0626959670277777,12.353076989993024,9,0.5,0.55,0.4,True,12.35307916922996,12.353076989993024,-1,0.4892060649717874,0.6057216362581341,0.39742469216521575,18898.72129392624
0,0,270,0.4637223416766017,0.6439040666389632,0.3242394197723255,113.97447010088298,0.47476720668351097,0.6410339014237443,0.35939028024995706,0.02381784101015326,0.0044574422867066305,0.10841020040781528,10.680751947365929,11,0.5,0.75,0.3,True,10.778360702904935,10.680751947365929,4,0.4798496100776395,0.6435929399107723,0.35670958931465024,18898.72129392624
0,0,271,0.5129857035942587,0.8128318962093557,0.3020038247920634,106.1833260741547,0.5136740023358894,0.8087724491132882,0.3102271705733537,0.001341750338865568,0.004994202509767127,0.027229276936980077,9.778326046644214,11,0.5,0.75,0.3,True,9.778328501702969,9.778326046644214,-1,0.5136282138175519,0.8087666091989985,0.3102377048851066,18898.72129392624
0,0,272,0.37834698931504585,0.8674125776286683,0.38068741105025516,105.11350603550433,0.3797551369690655,0.867557204234183,0.38114083463458776,0.0037218418377504034,0.00016673335070850666,0.0011910653496044646,9.080127568045139,7,0.4,0.8,0.5,True,9.080221949575808,9.080127568045139,-1,0.37984304724912704,0.8674271678596969,0.38123992538998236,18898.72129392624
0,0,273,0.49804184950469194,0.8545099021407536,0.36034959508713515,115.94988151493638,0.5319363359481142,0.8921731567054515,0.32758007998574706,0.06805549870383519,0.04407585502560279,0.09093812105842435,10.204082650321286,12,0.5,0.85,0.5,True,10.34484702086657,10.204082650321286,10,0.53,0.9,0.3184362582373483,18898.72129392624
0,0,274,0.47549955137100336,0.6277614502127626,0.45788448073623916,121.92749339661376,0.4583929359224868,0.5785263687041778,0.4921681837435773,0.035976091668631874,0.07842960330217459,0.07487413190377813,12.398234216342782,10,0.5,0.65,0.5,True,12.436186148280665,12.398234216342782,4,0.46281744786413487,0.5694929723134929,0.4879212753844362,18898.72129392624
0,0,275,0.45303120285159604,0.8502819832680458,0.3058635226899593,115.30707766007114,0.4640420556072042,0.8574540188682627,0.30653062949460697,0.024304844095286483,0.008434890708434433,0.0021810603591454485,9.370843370467217,11,0.5,0.75,0.3,True,9.448302117144166,9.370843370467217,0,0.47161752853467925,0.8487190815351735,0.3,18898.72129392624
0,0,276,0.4790495972295576,0.7459284507194883,0.3222617148497485,149.3852083476478,0.49546459478498744,0.7633973406167822,0.31905602599766036,0.03426575797237105,0.023418988618069472,0.009947470345904366,9.921211987638795,11,0.5,0.75,0.3,True,9.92123393600933,9.921211987638795,-1,0.49538730326567715,0.763386554360966,0.3190649685058328,18898.72129392624
0,0,277,0.5211845903129578,0.5374052148645928,0.38713601650613433,115.55256389206549,0.4994016883945969,0.5335003676611624,0.4208233386359049,0.041794984585558914,0.0072661133450562295,0.08701676075968189,13.177006538009298,9,0.5,0.55,0.4,True,13.177028662175374,13.177006538009298,-1,0.49933016321008084,0.5335322664034003,0.42088497340783254,18898.72129392624
0,0,278,0.5063883657410383,0.5472306843599299,0.4710063700525634,107.71673557961353,0.5074506973585894,0.5362898610743353,0.5073548098555049,0.002097859448244825,0.01999307348488986,0.07717186457347706,12.65198492053473,10,0.5,0.65,0.5,True,12.971097792919588,12.65198492053473,3,0.5097058175451301,0.5314351030840051,0.5,18898.72129392624
0,0,279,0.3353602722822655,0.6974231965809906,0.358824935091255,128.71870760942244,0.338104958742523,0.6978725670108578,0.37228313821049797,0.008184292198890367,0.000644329629513494,0.03750632077957545,8.725157884694145,6,0.4,0.7,0.4,True,8.72531764166563,8.725157884694145,-1,0.3381730388806381,0.6978739277409706,0.3722213107041761,18898.72129392624
0,0,280,0.49623696049223526,0.8466369986972865,0.45314170531151315,95.76241255519722,0.497546428558187,0.8516180104763184,0.49798981274290316,0.002638795918491875,0.0058832909342446844,0.09897148487040955,11.120383867126922,12,0.5,0.85,0.5,True,11.120585881221395,11.120383867126922,0,0.4977197687914119,0.8516704424167408,0.4978933252185573,18898.72129392624
0,0,281,0.3270921424662645,0.6494423372347103,0.47520075549144525,153.17996939523243,0.35581904799531205,0.7316434931165181,0.4207058838829021,0.08782511653275309,0.12657190818790126,0.11467757780011399,9.179280122347542,6,0.4,0.7,0.4,True,9.255347325164617,9.179280122347542,5,0.34698086797855093,0.7373635595040937,0.4176907597817205,18898.72129392624
0,0,282,0.42888105810559696,0.8112212936309939,0.36586727679087655,144.8802062647363,0.47599812700610394,0.8889891281452343,0.3004146362796594,0.10986045666979785,0.09586512968139027,0.17889722493173046,9.768968496454029,11,0.5,0.75,0.3,True,9.852457360631192,9.768968496454029,5,0.47287466725683003,0.8887462124852763,0.3,18898.72129392624
0,0,283,0.4888325912515506,0.558315960986898,0.4925155315185643,115.2317465267845,0.5086336189426696,0.6395483424725561,0.5124149855946912,0.04050676662213274,0.14549535954886383,0.04040370872116721,13.167950083814727,10,0.5,0.65,0.5,False,13.167950083814727,13.167950083814727,-1,nan,nan,nan,18898.72129392624
0,0,284,0.3539516713449036,0.7170117700439468,0.4244257020272726,94.79934972416359,0.3603831731354343,0.685468546111577,0.46940372256435803,0.018170564829071284,0.0439926166490076,0.1059738378760937,9.593167163519656,7,0.4,0.8,0.5,True,9.72753601910411,9.593167163519656,3,0.3616566153095518,0.6757090097151384,0.479226064186957,18898.72129392624
0,0,285,0.3478699878780012,0.6546423601992597,0.34436746400399265,131.4430152719843,0.36274166870254965,0.6766133648558542,0.36678540089197925,0.04275068658628855,0.03356184382860131,0.06509888195397776,8.749598965907879,6,0.4,0.7,0.4,True,8.774597272526501,8.749598965907879,4,0.3727118057634802,0.6665782595500794,0.37705496379690606,18898.72129392624
0,0,286,0.3345581552868218,0.7933625616568424,0.39570449540757696,112.11284356082297,0.3385313749491632,0.7762380009820821,0.4218313288183062,0.011876020953472422,0.021584785446640848,0.06602612230578406,8.837881374109763,7,0.4,0.8,0.5,True,8.90058595014889,8.837881374109763,4,0.3404139105423952,0.7761716765920902,0.42707115747374813,18898.72129392624
0,0,287,0.5211257969098527,0.8822338038437789,0.480078193326275,153.80069060075772,0.5298148862347791,0.8911772527535731,0.48326977687000366,0.01667368872631245,0.010137277523065537,0.006648049397152223,11.643141602759309,12,0.5,0.85,0.5,True,11.644544017287439,11.643141602759309,0,0.53,0.8905537211314114,0.48506286029907253,18898.72129392624
0,0,288,0.3345973398570201,0.6526652902467663,0.32884211514857437,123.43441750914016,0.3551567954378084,0.6965279307546431,0.3937893675443065,0.06144536471680786,0.06720541319317405,0.19750284225725853,9.571365972622212,6,0.4,0.7,0.4,True,9.571391256752168,9.571365972622212,-1,0.3551404524255609,0.6966055635141929,0.39361299732777716,18898.72129392624
0,0,289,0.5135659082676385,0.7191603400060927,0.488845015564598,135.73042667766543,0.513307138043977,0.6648555212053696,0.5105032755255055,0.0005038695511047096,0.0755114204438235,0.04430496225044452,11.73496573370868,10,0.5,0.65,0.5,True,11.738825801000802,11.73496573370868,-1,0.5128059578171613,0.6662211283831962,0.5112808573277566,18898.72129392624
0,0,290,0.3270599107447085,0.7122444159928645,0.40384680592594235,110.3252008710757,0.3316593042745628,0.7111796404510162,0.39722464856514206,0.014062847138255364,0.0014949580761036364,0.016397696511718036,9.042584703557129,6,0.4,0.7,0.4,True,9.042602303926706,9.042584703557129,-1,0.3317041763671677,0.7110210596055433,0.3973107290368554,18898.72129392624
0,0,291,0.34376576706373696,0.5398595165647874,0.3787655921847317,117.51428761728621,0.3739764679533992,0.5381300381271584,0.4269852829274219,0.08788164437577915,0.003203571270974138,0.1273074739037342,9.664176894529632,6,0.4,0.7,0.4,True,9.749230190593964,9.664176894529632,2,0.3843007418177428,0.53,0.4344074415195743,18898.72129392624
0,0,292,0.3214483621547403,0.6170651672190641,0.45762127875969577,132.34971136435425,0.3468945373091683,0.6741930667979554,0.4197834047506381,0.07916100422430707,0.09258001036803029,0.08268381687060265,9.64588457449647,6,0.4,0.7,0.4,True,9.64594523725398,9.64588457449647,-1,0.34686021559159297,0.6742803979741661,0.41952550294196134,18898.72129392624
0,0,293,0.5238693918803434,0.8381947170963984,0.42628583926645613,105.40575605944852,0.5299250097907745,0.8300375796421602,0.4494731991780273,0.011559403935960885,0.009731792968697577,0.05439392486382259,10.6855038378054,12,0.5,0.85,0.5,True,10.723836420606307,10.6855038378054,4,0.53,0.8265464057112387,0.45170804403015175,18898.72129392624
0,0,294,0.4941396891398534,0.6820448740506405,0.30568130298012414,153.2650255456472,0.5058703377302359,0.6832994997067312,0.3056702933510911,0.02373953934119725,0.0018395060263989866,3.601669099719193e-05,11.19673265569582,11,0.5,0.75,0.3,True,11.291062534903723,11.19673265569582,4,0.5161545907493028,0.6814014301505186,0.313531291565467,18898.72129392624
0,0,295,0.515648904858947,0.6467280841445219,0.39868667427167614,110.7983505117164,0.5091139218190287,0.6550757122747001,0.41607890149479254,0.012673318954698245,0.012907477400212582,0.04362379870079342,12.389700412210075,9,0.5,0.55,0.4,True,12.48789598588308,12.389700412210075,5,0.5038699274961161,0.6533596820464013,0.4092344775514354,18898.72129392624
0,0,296,0.4770224611993524,0.8774287198362093,0.4217406829944983,132.1058888135201,0.48689484044142334,0.8886157749051873,0.4143736711757175,0.020695837292963856,0.012749816385160373,0.017468108047989536,10.729323208189204,12,0.5,0.85,0.5,True,10.729331916446743,10.729323208189204,-1,0.48687028696578266,0.8887287873572748,0.4143839190371157,18898.72129392624
0,0,297,0.3653338088795916,0.6276733542061759,0.3762788709250004,129.30365793626504,0.3667279405839366,0.6019786445783439,0.3946984424761839,0.0038160489679849923,0.04093643525831723,0.04895191565208796,10.391141309627557,6,0.4,0.7,0.4,True,10.47834888322433,10.391141309627557,3,0.3765898484143268,0.5919865717982575,0.40324108132576736,18898.72129392624
0,0,298,0.47106102108174175,0.549225426720238,0.4122926839855594,154.13241696800122,0.4861047274427149,0.5530768178061692,0.39539435586481314,0.03193579109225988,0.0070124049225657,0.04098624297038977,12.50785280815773,9,0.5,0.55,0.4,True,12.507857234176642,12.50785280815773,-1,0.48613005303939955,0.5532020109276219,0.3954640781838473,18898.72129392624
0,0,299,0.36267157046870063,0.6807374044081026,0.30864752768790327,143.3061500965042,0.35823893522504885,0.6430225714821893,0.37745376665882385,0.012222174563953945,0.055402909670735814,0.22292820385231063,9.472710800700547,6,0.4,0.7,0.4,True,9.52719064640931,9.472710800700547,4,0.3652588132554716,0.6510311324404467,0.3864606509716981,18898.72129392624
