repeat_idx,seed,signal_idx,true_gamma,true_kappa,true_zeta,known_Qr,estimated_gamma,estimated_kappa,estimated_zeta,relerr_gamma,relerr_kappa,relerr_zeta,signal_loss,multistart_index,multistart_init_gamma,multistart_init_kappa,multistart_init_zeta,hard_refined,loss_before_hard_refinement,loss_after_hard_refinement,hard_multistart_index,hard_multistart_init_gamma,hard_multistart_init_kappa,hard_multistart_init_zeta,elapsed_seconds_repeat
0,0,0,0.45089891602482685,0.628274283386174,0.3081947047872389,94.78297722053307,0.6001249127411721,0.8279928659077384,0.24714987176976635,0.33095221880757136,0.31788438235153055,0.19807229673077817,15.081667746642978,11,0.5,0.75,0.3,True,15.08685856376951,15.081667746642978,-1,0.5972507037272985,0.8266774512792154,0.2497787401121616,18649.0234746933
0,0,1,0.4881000204712574,0.8565282299335912,0.42132715515343605,139.34353506149992,0.5363485174332451,0.926765313975416,0.4006348465666594,0.09884961060932568,0.0820020655329368,0.04911221205108674,14.761164537174526,12,0.5,0.85,0.5,True,14.766161568780133,14.761164537174526,-1,0.5336162635028383,0.9241011710491291,0.403497905163974,18649.0234746933
0,0,2,0.43120487319920425,0.8644507104446577,0.4631707108243065,93.92115626063426,0.5959552788650035,0.8239904596842407,0.2575288173978324,0.38206990668607155,0.04680457806507559,0.4439872570104714,14.785816160879362,11,0.5,0.75,0.3,True,14.79180431972444,14.785816160879362,-1,0.5930009565261279,0.8217996343981296,0.26029922225211466,18649.0234746933
0,0,3,0.4974123023599772,0.5444228792334398,0.4459310892859888,104.72847628765994,0.4580981577208699,0.6005238568870185,0.621579648727146,0.07903733874811891,0.10304669365212972,0.39389171031425574,16.80568811510122,10,0.5,0.65,0.5,True,16.844410805405076,16.80568811510122,-1,0.45828756621620736,0.5996963393080721,0.6211203445003988,18649.0234746933
0,0,4,0.49863075261582607,0.7247187331884276,0.359942378107477,120.16795132485365,0.41675012571109404,0.6014361640258228,0.48695373393811114,0.16421094462221744,0.17011091823198565,0.3528658017387139,15.11197766068219,4,0.4,0.55,0.5,True,15.116138083679587,15.11197766068219,0,0.4132593289216498,0.5965906187129887,0.49414301638478053,18649.0234746933
0,0,5,0.3224754506116927,0.5766205631573451,0.4341248829387261,134.19934447339062,0.36497890058054416,0.6834757033892549,0.433963010240117,0.13180367649142943,0.18531274647371834,0.00037287127499649475,14.809911486848636,6,0.4,0.7,0.4,True,14.811920480212093,14.809911486848636,0,0.3682863698747169,0.6903372919849615,0.42358340143854295,18649.0234746933
0,0,6,0.44634625852254456,0.6687055317629687,0.49944198715784227,155.05220867351437,0.5164232673502499,0.9047485853201214,0.466100383752899,0.15700144784380626,0.35298504699796807,0.06675771012901667,15.437304259458235,12,0.5,0.85,0.5,True,15.438220877914206,15.437304259458235,6,0.5201748759351799,0.9,0.4636954662532624,18649.0234746933
0,0,7,0.4611493587254266,0.7634130430750747,0.437689346114188,118.05758899869397,0.5288807924847011,0.9245523689270835,0.4103725546723401,0.14687526389818212,0.2110775121196903,0.06241136935218278,15.560256283226751,12,0.5,0.85,0.5,True,15.561791762424212,15.560256283226751,-1,0.5276900026333509,0.9224419137017114,0.412423537200627,18649.0234746933
0,0,8,0.3450053625597288,0.788628360768899,0.4050708644951452,113.14011722243472,0.36634748633372605,0.8928471368453987,0.4805046414544819,0.06186026679600497,0.13215195047625256,0.18622365509638084,14.982933956298849,7,0.4,0.8,0.5,True,14.989973752034285,14.982933956298849,0,0.3629702306543066,0.8839440206148361,0.4906515133144213,18649.0234746933
0,0,9,0.41901126071350747,0.8482681811938951,0.48680870319124997,116.1121997943169,0.5772249792014332,0.824816478957914,0.25962885725118084,0.3775882257162104,0.027646565975130696,0.46667170173993,15.25099145084503,11,0.5,0.75,0.3,True,15.25623638830811,15.25099145084503,-1,0.5743271646517075,0.8221427549790111,0.2624094724294567,18649.0234746933
0,0,10,0.4244943628117542,0.869914612195707,0.3288319225439268,153.04059044607774,0.41894987400409844,0.765042125004403,0.3793529422763968,0.013061395611782217,0.12055492081757387,0.15363782001950013,15.252522177076065,6,0.4,0.7,0.4,True,15.257502166469346,15.252522177076065,0,0.41832922391945565,0.7610115230388033,0.3849149963738032,18649.0234746933
0,0,11,0.3822964363742124,0.6827808893852644,0.46554051876408836,119.32494602307258,0.6332227449369555,0.8334975255760265,0.18540696563342696,0.6563658059242877,0.22073938877589047,0.601738284509277,14.550199450292425,11,0.5,0.75,0.3,True,14.559138425875599,14.550199450292425,-1,0.6303904516227272,0.8312088956052707,0.1881713953819228,18649.0234746933
0,0,12,0.43246426809901556,0.5422834852012892,0.4507026217349614,127.3839570762049,0.4951550280377081,0.8590877224032548,0.5082869160340583,0.14496171028016375,0.5842041032917895,0.12776560756941793,16.317304289394357,12,0.5,0.85,0.5,True,16.317462463512292,16.317304289394357,-1,0.49506196203648556,0.8591380417774435,0.5084043776055696,18649.0234746933
0,0,13,0.3860733921813085,0.8123921897170834,0.36063896585832905,122.09361809254071,0.39376601128252875,0.7459576179238753,0.3921326074968565,0.019925276532933522,0.08177647770880717,0.08732734013800167,14.976815859098398,6,0.4,0.7,0.4,True,14.97695314770054,14.976815859098398,0,0.39318659455288696,0.7449507506553922,0.39356497407492286,18649.0234746933
0,0,14,0.34478279811915175,0.6756051101887308,0.34069104813522993,110.1445837776156,0.3649677664326263,0.6791186868580126,0.3386452379998455,0.05854401212469692,0.005200636609010016,0.006004883740216054,14.727122249316244,5,0.4,0.65,0.3,True,14.727310919761136,14.727122249316244,0,0.36599387319916116,0.680602567331193,0.3365308666469114,18649.0234746933
0,0,15,0.474826945924941,0.6320451090850442,0.3970381948863271,155.0460749875774,0.4971115387115336,0.9100334065174563,0.5095914523664878,0.046932030664736606,0.43982350853854596,0.2834821912092992,15.19702853262301,12,0.5,0.85,0.5,True,15.286241786231086,15.19702853262301,5,0.49221973057337903,0.9,0.5,18649.0234746933
0,0,16,0.5194096678630591,0.7898004289746045,0.4082453711094869,111.05570025283568,0.608732059673872,0.9625760597564327,0.3497150584171213,0.17196905898633083,0.21875859323872782,0.1433704258135199,15.905066801719006,12,0.5,0.85,0.5,True,15.910515751920476,15.905066801719006,-1,0.6058012289666421,0.9601461980954785,0.3523932726585856,18649.0234746933
0,0,17,0.35039757385155174,0.876823521691727,0.40321371710957576,100.99160077942315,0.409546871796002,0.7867608429339015,0.2996991693979499,0.16880624284661652,0.10271471570933707,0.2567237753062235,14.399866536545435,5,0.4,0.65,0.3,True,14.610133586402767,14.399866536545435,6,0.403642808321512,0.7962605788978885,0.3,18649.0234746933
0,0,18,0.4480563384184125,0.8082225055915158,0.42260066021060805,151.0811065494314,0.5964464692600201,0.8399066290581333,0.26566506367900183,0.3311863221607526,0.039202228652898984,0.37135672351622806,15.527790420901383,11,0.5,0.75,0.3,True,15.536009884406576,15.527790420901383,-1,0.5935770562322632,0.8371780601031947,0.26847333567863024,18649.0234746933
0,0,19,0.3248540969761468,0.7201491884573076,0.39186717657708076,97.64684869686722,0.35980433649017507,0.706909276205485,0.3819102540310994,0.10758749801636198,0.018384957539402166,0.025408922056075322,14.467310807647364,5,0.4,0.65,0.3,True,14.614261860310238,14.467310807647364,5,0.3504733393421733,0.7003085414539271,0.3721813012149487,18649.0234746933
0,0,20,0.37170016032660574,0.6384643559120138,0.46284514811885613,99.49474638344356,0.3794608476269746,0.6383135864684699,0.48906246166271733,0.020878891452588193,0.00023614386950152744,0.056643811975595634,14.641134300069735,6,0.4,0.7,0.4,True,14.641159897326197,14.641134300069735,-1,0.37950433434735614,0.6382815593001956,0.4892031648316043,18649.0234746933
0,0,21,0.44312121097875296,0.791138987018187,0.3375802146733207,97.19666420831678,0.5485974600230957,0.8136294030234108,0.24554010694339873,0.23803024190913807,0.028427894939156647,0.2726466295395599,14.874118088210757,11,0.5,0.75,0.3,True,14.878861042115865,14.874118088210757,-1,0.5456961239190933,0.8118127520200936,0.24818989182558227,18649.0234746933
0,0,22,0.374518536628174,0.7658887202808353,0.4124531325560856,103.1288914565835,0.38503607875737655,0.7092495096066012,0.4305728486105241,0.02808283462787439,0.07395227162173867,0.04393157579418925,16.06155803087397,6,0.4,0.7,0.4,True,16.061574405599295,16.06155803087397,0,0.38500492422246274,0.7089729159262489,0.43097502861638715,18649.0234746933
0,0,23,0.40778509685981007,0.7701005409939545,0.3845569346540256,133.32402495463228,0.40443324728358354,0.7058823271606176,0.4303459869552952,0.008219647069100323,0.08338938932629714,0.11906963098315901,14.653670618542002,6,0.4,0.7,0.4,True,14.653732634051934,14.653670618542002,-1,0.4044348800605498,0.7058403146356346,0.43048168906310824,18649.0234746933
0,0,24,0.5206289859761658,0.774988011919917,0.37832496661600523,105.45328560750613,0.4733036841497767,0.8903183549083837,0.4986272822733937,0.09090024393792712,0.14881564774499298,0.3179867211340924,15.753367540424117,12,0.5,0.85,0.5,True,15.767452423726326,15.753367540424117,7,0.47771428768998486,0.9,0.498481005184064,18649.0234746933
0,0,25,0.3894977004356357,0.7139284206171999,0.47824188190011585,142.22274640454307,0.4137415182188667,0.7024649733914848,0.453659394695332,0.06224380209720201,0.016056857935148074,0.051401786700726614,14.676784740764978,6,0.4,0.7,0.4,True,14.678879540093275,14.676784740764978,0,0.4166651008710461,0.7074377567826649,0.44680146765866857,18649.0234746933
0,0,26,0.383628932729844,0.8605969982599225,0.3941819770831515,137.10992763763937,0.401492684544544,0.7451150181477618,0.3942487479023301,0.04656518393329806,0.13418822090439383,0.00016939084752858323,14.907464096297987,6,0.4,0.7,0.4,True,14.907542138144766,14.907464096297987,0,0.4008984372260952,0.7441226443881845,0.39574762796618196,18649.0234746933
0,0,27,0.33912074208370707,0.5696129632436941,0.3403814895058901,149.02810460551837,0.3894426513000948,0.7625635160620593,0.3102666668672138,0.14838935804158657,0.33873975009205726,0.08847373775346014,15.055313453494286,5,0.4,0.65,0.3,True,15.124979553634118,15.055313453494286,6,0.37947665184439344,0.7610124379352646,0.3,18649.0234746933
0,0,28,0.45994021837324717,0.8339788948831243,0.42888725384110354,119.15889985472103,0.6012032582587409,0.8314357034397807,0.28343188726801233,0.3071334800533947,0.0030494673893396223,0.33914593000933596,15.798357713787277,11,0.5,0.75,0.3,True,15.805147796459135,15.798357713787277,-1,0.5983299670482544,0.8289145531346929,0.2860508991834653,18649.0234746933
0,0,29,0.4254979989603743,0.7431724488033467,0.4724235969815256,121.13663538494532,0.5388685263447285,0.8122028664169282,0.3247330557991099,0.26644197542962383,0.09288613662244077,0.31262312493715516,15.046040566569902,11,0.5,0.75,0.3,True,15.048568541534644,15.046040566569902,-1,0.5362859302119525,0.8103861446705336,0.32752145286072243,18649.0234746933
0,0,30,0.33457197426730473,0.6165677298416153,0.46025489304127937,130.135127254023,0.36838864435862045,0.6529229340801281,0.4473449803738303,0.10107442551149862,0.05896384529863696,0.02804948488899867,15.25038110415382,6,0.4,0.7,0.4,True,15.257198297493419,15.25038110415382,0,0.3720394069249904,0.6600058941531461,0.4378206536346898,18649.0234746933
0,0,31,0.33636114351272417,0.6862600637839481,0.3958102596281668,103.73368216481741,0.35335710088108835,0.6693908721631605,0.4443570476290047,0.050528896384612394,0.024581339511107612,0.12265166660016305,14.698552934088147,6,0.4,0.7,0.4,True,14.711154487570946,14.698552934088147,0,0.35905737544913424,0.6795847074228362,0.4336154743582684,18649.0234746933
0,0,32,0.4714957789473443,0.5728535670720982,0.3782456380991324,126.04626141383524,0.6378924611172887,0.9698491225307507,0.3510346413031251,0.3529123474688143,0.6930140236146726,0.07194001478181149,16.105118410525186,12,0.5,0.85,0.5,True,16.107971301471068,16.105118410525186,-1,0.6349888318287842,0.9678859697174156,0.353557066106966,18649.0234746933
0,0,33,0.4073625123073915,0.7408134928605399,0.4475675574584321,153.51670342725615,0.6303511896042857,0.8499179321733022,0.2099439557786854,0.5473961657243248,0.1472765282547325,0.530922310430903,15.230982473905392,11,0.5,0.75,0.3,True,15.239200223853043,15.230982473905392,-1,0.6275137701746893,0.8473527869314303,0.21270903053987503,18649.0234746933
0,0,34,0.37646644555099495,0.7627342585133379,0.4392431993340311,112.04504681328045,0.4073611885315431,0.9096608285332586,0.44743318143557886,0.0820650640864704,0.19263140258875813,0.018645666259523627,14.593578771591302,6,0.4,0.7,0.4,True,14.645955068087964,14.593578771591302,8,0.3975879479802093,0.9,0.43767540057483034,18649.0234746933
0,0,35,0.31681440762036445,0.8780783975420764,0.35968024460337517,113.37412512714604,0.3350485361068693,0.703390721014307,0.4188296869653549,0.057554606255011694,0.19894314336482533,0.16445007266719555,15.294703758786277,1,0.3,0.65,0.4,True,15.297730132014802,15.294703758786277,0,0.3346445709865215,0.70286010966733,0.4190919328106166,18649.0234746933
0,0,36,0.5046510358639281,0.7402328436612724,0.3942619330363663,142.079813103051,0.5385427008490506,0.7425771973488727,0.3698759108204548,0.06715861570976925,0.0031670490004265446,0.061852337678418925,15.357642876820751,12,0.5,0.85,0.5,True,15.429021426839991,15.357642876820751,1,0.53,0.7515657558283331,0.3805392834736305,18649.0234746933
0,0,37,0.3229030076167814,0.7834726089577462,0.37484876669569417,99.42829459401611,0.36120441863890157,0.7263906756948435,0.3395213120574023,0.11861583856033926,0.07285759911739452,0.09424455347607162,14.728987853706643,5,0.4,0.65,0.3,True,14.854418526752227,14.728987853706643,5,0.3590018271564195,0.728881750317486,0.33014742972683253,18649.0234746933
0,0,38,0.4558655142272858,0.8631696684331808,0.3414382336162003,133.13063748658394,0.43156147019966257,0.7370755469152956,0.4134255791552388,0.053314065813510246,0.14608266037286766,0.21083563131350183,14.846795607793489,6,0.4,0.7,0.4,True,14.846812252781074,14.846795607793489,-1,0.43139266560405976,0.7367385737735579,0.413892332638034,18649.0234746933
0,0,39,0.3794124121287166,0.7958236214246122,0.4444329616284235,107.41971403555029,0.4093556013738586,0.7145281119273257,0.4281609151926842,0.0789198990015743,0.10215267216089734,0.03661305042748802,14.887487388838274,6,0.4,0.7,0.4,True,14.88750430374367,14.887487388838274,-1,0.40931518625710517,0.7144852999885356,0.4282182556195384,18649.0234746933
0,0,40,0.5154848382757695,0.7140212812490982,0.4952487411415408,98.80225149347513,0.5053057711272791,0.6694700012448673,0.529830302723358,0.01974658882798191,0.06239489098461263,0.06982665216292556,15.89176077576909,10,0.5,0.65,0.5,True,15.891885667997055,15.89176077576909,-1,0.5053203097354925,0.6694794785257084,0.5298404106621256,18649.0234746933
0,0,41,0.4446520805509512,0.6661527374539318,0.46038024139716144,104.65798850900178,0.4906958176998501,0.910611540011537,0.4865528067858632,0.10355003195273012,0.3669710995888701,0.0568498884949391,15.838852899766724,12,0.5,0.85,0.5,True,15.924146489877865,15.838852899766724,6,0.4974954299751856,0.9,0.48656188187590654,18649.0234746933
0,0,42,0.5004150428535955,0.7255991972710418,0.4804430159431977,123.57209523995039,0.6147595332599843,0.928449607929575,0.38114109661524925,0.22849930680409652,0.2795626172430287,0.20668823571719652,16.308401854144307,12,0.5,0.85,0.5,True,16.311749025385893,16.308401854144307,-1,0.6118870946888013,0.9262260792290411,0.38380138380536544,18649.0234746933
0,0,43,0.40733471460090614,0.812576084728237,0.4968305999862243,116.85786204077681,0.5343846792593622,0.8161271589060402,0.2897243425617153,0.31190556587580714,0.004370143601987557,0.4168548745392322,15.47459144448056,11,0.5,0.75,0.3,True,15.486855381075072,15.47459144448056,0,0.5257185777323684,0.8083429006623867,0.3,18649.0234746933
0,0,44,0.5209448354257254,0.8623043676567238,0.33553851715239624,131.80322605278423,0.574672976149038,0.8190734704125227,0.30436493281230315,0.10313595043015439,0.05013415084708351,0.09290612775145142,16.043441167344422,11,0.5,0.75,0.3,True,16.04784909499582,16.043441167344422,-1,0.5717585753246393,0.8167849802613028,0.30713339536448236,18649.0234746933
0,0,45,0.4652264613141607,0.8671953060908543,0.4331314833931507,102.08723471573082,0.5585262165428958,0.7998234529748156,0.3255277701194022,0.20054696580496342,0.07768936552451801,0.24843198289531243,15.394624496763731,11,0.5,0.75,0.3,True,15.396857841445845,15.394624496763731,-1,0.5557248753732984,0.7980648607370442,0.32820441988895077,18649.0234746933
0,0,46,0.421550063343714,0.7077350410544208,0.4000452378697492,153.66139288182796,0.6785163200125688,0.8371390390822393,0.17232389629015574,0.6095747077597649,0.18284243469847938,0.5692389760523466,14.563711678655507,11,0.5,0.75,0.3,True,14.57402518372204,14.563711678655507,-1,0.6757042255753906,0.8355592370440365,0.1742032773001032,18649.0234746933
0,0,47,0.39033679136249577,0.6119387571062667,0.4044174004422896,133.82318274781426,0.6788353149682533,0.832724265848454,0.165968093874793,0.7391015399771435,0.3607967401611183,0.5896118868938809,15.04617362158291,11,0.5,0.75,0.3,True,15.058632011307008,15.04617362158291,-1,0.6760299957847055,0.8303503903034122,0.1685240018107409,18649.0234746933
0,0,48,0.5146515882724658,0.7391156092297012,0.3535666780583177,151.86091845675418,0.4481932576417569,0.6558262399758344,0.4539034862902459,0.12913266401020937,0.11268787753064788,0.28378468463981926,15.623488886168746,4,0.4,0.55,0.5,True,15.701636266529967,15.623488886168746,5,0.4392883251269156,0.6648833505334097,0.44565053385935205,18649.0234746933
0,0,49,0.4202540350532325,0.7724093070514017,0.3952077820950804,107.3112516513747,0.4553377930933776,0.7602301498331029,0.3799456648282007,0.08348226337838995,0.015767750475187213,0.03861795733366377,14.944607811944554,6,0.4,0.7,0.4,True,14.944757235548899,14.944607811944554,-1,0.4553024051609558,0.7602390640007014,0.37999311022552684,18649.0234746933
0,0,50,0.4863556169102752,0.8193189803564552,0.4030651122084284,111.61258625550884,0.5905888744739304,0.8369086345366239,0.30099119748851116,0.21431490444343848,0.021468627728502106,0.25324423183302935,15.698320789181588,11,0.5,0.75,0.3,True,15.705273279384466,15.698320789181588,-1,0.5876478699126044,0.8342535975664518,0.3037885101889005,18649.0234746933
0,0,51,0.3278793782025295,0.668595952678859,0.38169464108399975,96.57969961890282,0.37484404873586463,0.738956604295217,0.3030799082379233,0.14323764669434408,0.10523643066405729,0.20596236987455022,14.820818292772993,5,0.4,0.65,0.3,True,14.870173526422032,14.820818292772993,5,0.3661716116444441,0.7487674647068479,0.30941699248775095,18649.0234746933
0,0,52,0.3267878769634324,0.8872075208481004,0.4304738223175976,108.406887604364,0.3451523504400417,0.890176491683514,0.5043003165056582,0.056196923971767426,0.0033464220778645845,0.17150054279861046,15.041190034178209,7,0.4,0.8,0.5,True,15.041774272210592,15.041190034178209,0,0.3454290471429714,0.8870072233233925,0.5,18649.0234746933
0,0,53,0.408273933519505,0.8783360986070355,0.47953552162170976,146.5144398505463,0.5503799808320302,0.8079741301857235,0.2708953917279135,0.34806544245307847,0.08010825074012098,0.43508795592078325,15.599818228506253,11,0.5,0.75,0.3,True,15.604306593232975,15.599818228506253,-1,0.5475011020704653,0.8056078588745269,0.2736606228364253,18649.0234746933
0,0,54,0.3992973841746382,0.7075231716497686,0.43533787036621324,97.5501695598785,0.59793911755476,0.8396232070172606,0.22133216466405314,0.49747817354406487,0.1867077159599839,0.49158531859894256,14.481600724820208,11,0.5,0.75,0.3,True,14.48939220222568,14.481600724820208,-1,0.5951125507561669,0.8370115405745917,0.22413759828135027,18649.0234746933
0,0,55,0.4337307806702726,0.6288653196081859,0.4759302346669845,97.76340233201195,0.4270570580086294,0.6055340255462812,0.47400010308698637,0.01538678590283548,0.03710062128476293,0.004055492673939173,16.123121145162216,4,0.4,0.55,0.5,True,16.128666020606914,16.123121145162216,0,0.4223337054302471,0.5987717497780755,0.48261737845386776,18649.0234746933
0,0,56,0.45980730346750803,0.8413814183262636,0.3454637050321816,149.71551496338287,0.4405033204060887,0.7528693245488115,0.4001609833525181,0.04198276738069134,0.10519853641827114,0.1583300286646355,15.608358075387097,6,0.4,0.7,0.4,True,15.608430913339841,15.608358075387097,0,0.4411549344987868,0.7536656562479149,0.3989086471082288,18649.0234746933
0,0,57,0.5005332437531347,0.5390736122729248,0.44149911346743553,93.82498022417678,0.48094495352472433,0.6308822143762667,0.5446722249237798,0.039134843635024154,0.17030809895562193,0.23368815091392964,17.203683393488294,10,0.5,0.65,0.5,True,17.20382723190696,17.203683393488294,-1,0.4810626902496214,0.6308355307626851,0.5450043366404996,18649.0234746933
0,0,58,0.4227097967318232,0.6875168035223567,0.340650567222913,114.05891528597537,0.6876712067455831,0.8368500406741239,0.13797130839538865,0.6268163455455885,0.21720667245758635,0.5949770184732915,14.311762803428094,11,0.5,0.75,0.3,True,14.33093395227513,14.311762803428094,-1,0.6848571571534583,0.8354388221302109,0.14061560100551243,18649.0234746933
0,0,59,0.48661143484670616,0.644840491028594,0.32980771670671116,137.40699939489443,0.45705083672144814,0.6199707518029015,0.3982531873059658,0.06074784932781181,0.03856727294841923,0.20753144069130836,15.457323523016647,4,0.4,0.55,0.5,True,15.45733792682691,15.457323523016647,-1,0.45699907899366415,0.6200399243990787,0.39821989662900975,18649.0234746933
0,0,60,0.43005267816058,0.6543611587837351,0.3738134479590757,117.15604784924265,0.7016385975566676,0.8222849147993071,0.16889795420983855,0.6315177958144895,0.25662243817724883,0.5481758210359271,14.334540340244123,11,0.5,0.75,0.3,True,14.344659058233955,14.334540340244123,-1,0.698828359892111,0.8215725811932044,0.1699902721675457,18649.0234746933
0,0,61,0.5248508929293444,0.7571284767755369,0.43486478610089874,114.37271596159115,0.5232705040280086,0.8527870226458152,0.49547283593166136,0.003011119772541913,0.12634387531911295,0.13937217215077088,16.510561805760332,12,0.5,0.85,0.5,True,16.51058091679834,16.510561805760332,-1,0.5232919334725948,0.8527496365374057,0.49525472071315635,18649.0234746933
0,0,62,0.4599626265056087,0.5761551930849524,0.31034584639675505,146.8869591755492,0.6587680720711275,0.8581503439208543,0.21679339335373313,0.4322208677602084,0.4894430428128112,0.30144580354209666,15.303763159515128,11,0.5,0.75,0.3,True,15.310440686691537,15.303763159515128,-1,0.6558554675953617,0.8558718910232896,0.21941378965520275,18649.0234746933
0,0,63,0.3183770149679767,0.8799624845757804,0.4654006051638107,142.8256849578982,0.35829890420070365,0.9098181027239334,0.4992659537059389,0.12539186987710904,0.0339282852070063,0.07276601741892523,14.142132852109153,7,0.4,0.8,0.5,True,14.144765129209642,14.142132852109153,-1,0.35758761674945583,0.9070310820838723,0.501899545451349,18649.0234746933
0,0,64,0.32664561575753726,0.6061409395034759,0.4699731262190424,120.78092572843943,0.3795233652448909,0.6690688592810466,0.41094305062075887,0.1618810935659512,0.10381730663023442,0.12560308729391295,14.893096129866418,6,0.4,0.7,0.4,True,14.893591720955639,14.893096129866418,0,0.3805114346016376,0.6707596633927503,0.4081406641005397,18649.0234746933
0,0,65,0.4488957340113485,0.5759102515778921,0.3372672637355659,124.8292445463421,0.5841292590762518,0.831168601807074,0.2675173177855998,0.3012582094653732,0.4432259185000079,0.2068091197983968,15.858298021570663,11,0.5,0.75,0.3,True,15.861377158875275,15.858298021570663,-1,0.581223357521384,0.829468835474822,0.2699890637284857,18649.0234746933
0,0,66,0.47674744770951266,0.7241493075422748,0.3213760157138085,147.88662990717975,0.559361488760944,0.7538580006366903,0.2700813147830868,0.17328680299882593,0.04102564593377193,0.15960961124242906,15.009435724683676,11,0.5,0.75,0.3,True,15.013165006396225,15.009435724683676,-1,0.5581681505700946,0.7535607753964677,0.27077240720021245,18649.0234746933
0,0,67,0.34596802992014547,0.6885785039168628,0.41736989468889285,113.69684389977556,0.3897497743641492,0.7243081801533162,0.3640418467811364,0.12654852661995736,0.051889038117238856,0.1277716686957193,14.749478880058703,6,0.4,0.7,0.4,True,14.749539963025043,14.749478880058703,-1,0.3897104186289063,0.7243525326506965,0.36409783490005787,18649.0234746933
0,0,68,0.4047094290015008,0.8473723942434507,0.39082714031722543,127.4529445315753,0.4121254867626646,0.9086625787673844,0.46063622590076286,0.01832440074218353,0.07232969228205119,0.17861882756370245,14.893382488752767,6,0.4,0.7,0.4,True,14.932308991831505,14.893382488752767,8,0.40220606323394376,0.9,0.45087365117600947,18649.0234746933
0,0,69,0.5212732111017111,0.6304740134339264,0.4789580375775569,116.3659700892978,0.5091731049862247,0.619971717609056,0.5204958866786321,0.023212599185584118,0.01665777748343474,0.08672544532536228,15.486535580894113,10,0.5,0.65,0.5,True,15.487761508024025,15.486535580894113,-1,0.5093633258521616,0.6202633239299145,0.5201848715029019,18649.0234746933
0,0,70,0.44839514345358467,0.8510108993441993,0.45513713804903877,107.82544937441199,0.5727576585948422,0.8120089516785098,0.30294663561606056,0.2773502723142915,0.04583013883340962,0.33438383667249855,15.634749981033385,11,0.5,0.75,0.3,True,15.638248234904356,15.634749981033385,-1,0.5699503165743848,0.8098292630514822,0.3056046592459887,18649.0234746933
0,0,71,0.37983508611626854,0.842611473115673,0.30105306091311496,145.0767761489229,0.401019535167374,0.7795456531826883,0.3094587621867494,0.055772754612302536,0.07484566961780147,0.027920995880724008,14.92659922359064,5,0.4,0.65,0.3,True,15.125325573334749,14.92659922359064,6,0.3979038756760983,0.7890029941859541,0.3,18649.0234746933
0,0,72,0.48468164946668174,0.6986169082595208,0.36060648536386275,111.15160075629834,0.43583895986981913,0.619093114038226,0.45596846089905374,0.10077272298343984,0.11383033144647783,0.26444886435962983,15.407925531002602,4,0.4,0.55,0.5,True,15.41097081761896,15.407925531002602,0,0.4322894468722873,0.613095603480335,0.46170244356849316,18649.0234746933
0,0,73,0.3702774829950203,0.6905020885883395,0.4009096517915907,128.34358450465578,0.4092712497568618,0.7275799542293468,0.36657774353427036,0.10530958146965132,0.05369696378009403,0.08563502550736167,14.680968251147183,6,0.4,0.7,0.4,True,14.681013607486568,14.680968251147183,-1,0.4092551823981492,0.7275802999833485,0.3663618991747892,18649.0234746933
0,0,74,0.5265505598046568,0.8138949813208822,0.4244358458882325,155.5600092301178,0.5433599879459691,0.8834768444535301,0.4413888296065285,0.03192367347885515,0.08549243419553033,0.0399423938447466,15.892760814828215,12,0.5,0.85,0.5,True,15.893086109579578,15.892760814828215,-1,0.5424824269281115,0.8814153667016846,0.44321798701144105,18649.0234746933
0,0,75,0.36193013532771134,0.5893752720195348,0.42250792085460614,96.49637549758647,0.3893853375449343,0.6651897070710336,0.4694815907752483,0.07585774031323347,0.128635249306805,0.11117819951310877,14.80258077212646,6,0.4,0.7,0.4,True,14.802624118480875,14.80258077212646,0,0.3892143372736136,0.6649441696762846,0.4699290829963383,18649.0234746933
0,0,76,0.3240285388212288,0.7152855311963364,0.39324120506505783,151.07298582455326,0.35574844975605185,0.6770742085532898,0.3935666461618448,0.0978923370460384,0.05342107588718736,0.0008275864599008851,14.776314419875373,6,0.4,0.7,0.4,True,14.778832433835413,14.776314419875373,0,0.3569119982805637,0.6794618877664909,0.38932832442751863,18649.0234746933
0,0,77,0.4492667396976032,0.7150117645428274,0.3993746870787009,109.21968262670816,0.5660875031221801,0.7794997701031954,0.2811439366168825,0.26002539939459524,0.0901915307667714,0.2960396697312963,14.653655090823436,11,0.5,0.75,0.3,True,14.65633088010196,14.653655090823436,-1,0.5632704454778734,0.7781415531072393,0.28348873874772906,18649.0234746933
0,0,78,0.31898853938946875,0.6008027611147853,0.4384064241763678,106.28792024918721,0.3891835083673608,0.719770300211607,0.3577183032697226,0.22005483053479732,0.19801430152564273,0.18404867368956476,14.244022289075716,6,0.4,0.7,0.4,True,14.244041630656536,14.244022289075716,-1,0.38915280903705673,0.7198583746521562,0.35761761337775827,18649.0234746933
0,0,79,0.3944721615370656,0.5338256559284869,0.46600954596034916,103.40381756633998,0.43179365027163685,0.5852342371647051,0.4213965262607666,0.09461121055830052,0.09630219279514199,0.09573413267242056,15.659580004295417,4,0.4,0.55,0.5,True,15.659833947268798,15.659580004295417,0,0.4308611794119275,0.5842394445034925,0.4230581965980901,18649.0234746933
0,0,80,0.3854911503637733,0.8829832793849635,0.3637421676971034,143.0343084887518,0.3887561749792776,0.7393723979950714,0.3834721317269654,0.008469778391600534,0.16264280960101912,0.05424161887739023,15.329011303804279,6,0.4,0.7,0.4,True,15.329016173551441,15.329011303804279,-1,0.38891965363776904,0.7394835305246046,0.38321323189948764,18649.0234746933
0,0,81,0.5000481639679015,0.6713351063214138,0.3875763746245598,117.04680644308458,0.4729982312385831,0.6424358931648789,0.45735940811426884,0.05409465463221817,0.04304737363563236,0.18004976066280345,16.076245199857283,10,0.5,0.65,0.5,True,16.07649547523474,16.076245199857283,0,0.47365847624643254,0.6430659568731124,0.4563927061543176,18649.0234746933
0,0,82,0.33906720885575536,0.7025327362277645,0.3482704290169365,109.82157803444562,0.37503455955399484,0.7328794691222847,0.30896481090410044,0.10607734914743869,0.04319618336572678,0.11285947596465222,14.784681831481342,5,0.4,0.65,0.3,True,14.816754803743624,14.784681831481342,5,0.3658449959843688,0.7429825086526567,0.3196547747183167,18649.0234746933
0,0,83,0.3554783584920615,0.6013219148610303,0.46276553403100423,120.18651175901415,0.38924330840378873,0.6634268882191808,0.43500692685890024,0.0949845443614573,0.10328074168476542,0.05998417153133151,14.735028622546308,6,0.4,0.7,0.4,True,14.735166846961478,14.735028622546308,0,0.389207059591522,0.6634271952862328,0.43475680760620694,18649.0234746933
0,0,84,0.3704992265883857,0.7422705123767211,0.4208544592116912,134.17862669126174,0.4160508592113196,0.7601896099695936,0.3458937786844854,0.12294663349875364,0.0241409261099383,0.17811544795703427,15.019811194482212,6,0.4,0.7,0.4,True,15.020041235601878,15.019811194482212,0,0.4162430669708821,0.7604666451686437,0.3455176455196656,18649.0234746933
0,0,85,0.5087961962746386,0.5858231697464987,0.37427742568847927,111.53878984442578,0.5225995273167341,0.6840917907524294,0.4981761344331694,0.027129391184844365,0.16774451076841865,0.3310344152249626,16.303258772227313,12,0.5,0.85,0.5,True,16.46922659020243,16.303258772227313,1,0.5259009405152066,0.6745892222543652,0.5,18649.0234746933
0,0,86,0.32004101304045907,0.596951647763769,0.3789337162597206,118.33191938039526,0.35617059949967667,0.6512338218740844,0.37362456258950344,0.11289048899070368,0.09093227954669532,0.014010771389311488,13.945888525421806,5,0.4,0.65,0.3,True,13.9470333875944,13.945888525421806,0,0.3563185744232709,0.653067936870491,0.3701284534465547,18649.0234746933
0,0,87,0.4466295962698772,0.693054617733637,0.42146613351429496,107.6912490883358,0.5217751327280283,0.7456345151333559,0.3316028706011298,0.16825023931630415,0.07586688848803984,0.21321585714102753,14.809014828061619,4,0.4,0.55,0.5,True,14.982628053639305,14.809014828061619,10,0.5117170091326357,0.7380295624543541,0.32149496317403675,18649.0234746933
0,0,88,0.34477128480966895,0.6493977287326727,0.31922168670562945,116.61499466673725,0.3701656036830767,0.701541002360583,0.38972153103394114,0.07365555077310658,0.08029481983201604,0.22084916929006512,15.322226246945585,6,0.4,0.7,0.4,True,15.32336059356362,15.322226246945585,0,0.3723910473251181,0.7057408097593311,0.3830055458416588,18649.0234746933
0,0,89,0.41359783388038107,0.7877409685807775,0.4734049738670826,96.98972828229213,0.5342298833141446,0.8164519523824261,0.3018724629633452,0.29166508997881296,0.03644723957086471,0.36233778767161495,15.494964236411956,11,0.5,0.75,0.3,True,15.505936097126437,15.494964236411956,0,0.5245305642964382,0.8090625680640674,0.31235822962709625,18649.0234746933
0,0,90,0.5001225820376879,0.6343201092260822,0.4206296300103124,142.3458801825112,0.4862149860035758,0.6419681218343891,0.47686518546140055,0.027808374453813463,0.012057023728347644,0.1336937567848215,16.620421807734253,10,0.5,0.65,0.5,True,16.620436470110572,16.620421807734253,-1,0.48620581349372816,0.6419981181378835,0.4768323768561775,18649.0234746933
0,0,91,0.46759174684635224,0.8574599427741302,0.47207872983657695,151.13985181554764,0.5133832217859214,0.909824629576561,0.433544626373605,0.09793046016831429,0.06106954294916206,0.08162643437951879,16.192025376832742,12,0.5,0.85,0.5,True,16.193138951320904,16.192025376832742,-1,0.5125540146168616,0.9091298759667901,0.4345239515861864,18649.0234746933
0,0,92,0.322110011972663,0.6877230400459755,0.39698886539545764,97.82213733563172,0.3672036271804947,0.7157924366409499,0.3433615315839124,0.13999445385652515,0.04081497195891232,0.1350852340861619,14.106182894495538,5,0.4,0.65,0.3,True,14.178601704630656,14.106182894495538,5,0.3610235766513798,0.7254877691278178,0.34233122375571545,18649.0234746933
0,0,93,0.31768709669335193,0.8273706101247963,0.4966604488572351,142.78811579204248,0.36781942725015937,0.6989796195611189,0.422504741710092,0.15780411316232262,0.15517953984890953,0.14930866212070598,14.683073592688265,6,0.4,0.7,0.4,True,14.685793560643816,14.683073592688265,0,0.3720228815328197,0.7071983264047303,0.41272893606988614,18649.0234746933
0,0,94,0.3830923363854156,0.7828934651292561,0.3598362146396494,140.0467801797343,0.3831113602081283,0.7119403008337521,0.42218012511127345,4.965858333836119e-05,0.09062939908917175,0.17325635368318087,14.509675331567262,6,0.4,0.7,0.4,True,14.509683684173487,14.509675331567262,-1,0.38312220593153223,0.7118923678808503,0.42229182145244826,18649.0234746933
0,0,95,0.37552666336688856,0.8103197749414867,0.4975481493789154,155.3899093300149,0.40167076874548197,0.696473912203299,0.4474703384412768,0.06961983776116235,0.1404949826707715,0.10064917536152075,15.389682573495111,6,0.4,0.7,0.4,True,15.389767238395445,15.389682573495111,0,0.40177180700895054,0.6964639158223951,0.44746923778697606,18649.0234746933
0,0,96,0.5027840016362985,0.8565475683832908,0.4416413828206345,128.4060548289693,0.5702216420954292,0.9441207276060797,0.3859204108898632,0.13412845325160805,0.10223969158896884,0.1261679138284047,15.679783449462835,12,0.5,0.85,0.5,True,15.682910451179861,15.679783449462835,-1,0.5674048790604063,0.9418663645677672,0.3888127978596026,18649.0234746933
0,0,97,0.5113032619028165,0.564354426848281,0.37402630902800155,131.62118396932894,0.5241605614185482,0.6969594067021531,0.5002558653714799,0.025146132390947776,0.23496755504235842,0.33748844211391604,16.012456780699317,12,0.5,0.85,0.5,True,16.117589568155445,16.012456780699317,2,0.5225827368923766,0.6963247728625177,0.5,18649.0234746933
0,0,98,0.4173010082498427,0.8139645475765159,0.33901727869580933,97.64084358854147,0.4047259294340255,0.709901199634053,0.4171742916469514,0.030134312084595577,0.12784751897647065,0.23053991009487798,14.731639140737544,6,0.4,0.7,0.4,True,14.731647519196537,14.731639140737544,-1,0.4047933074937562,0.7099459745350394,0.41708778980283756,18649.0234746933
0,0,99,0.3431953839276227,0.8742874626455928,0.3265549074458861,107.88114546019821,0.37656817564045597,0.7783828700276682,0.3083248049994804,0.0972413769990313,0.10969457611540881,0.055825535096044,15.2207640120041,5,0.4,0.65,0.3,True,15.419780581262199,15.2207640120041,6,0.37512584579050395,0.7713037298002552,0.3,18649.0234746933
0,0,100,0.5182163607317137,0.6062270425780971,0.4656889770549062,103.08013269262626,0.5209151853005849,0.5267712153474132,0.5004675669083213,0.005207910775067891,0.13106612151906438,0.07468201217336218,15.759990366613023,10,0.5,0.65,0.5,True,16.216560307589784,15.759990366613023,3,0.5169801904193044,0.53,0.5,18649.0234746933
0,0,101,0.4247017740681152,0.5807514594272798,0.43780729595622625,146.35923276951743,0.39771993439519226,0.5399374977747726,0.5129740733154546,0.06353126198289791,0.07027784603891778,0.17168918392521232,15.710780153393195,4,0.4,0.55,0.5,True,15.710932024643302,15.710780153393195,-1,0.39821390593643224,0.5405701638813688,0.5119446445836796,18649.0234746933
0,0,102,0.40628239845245007,0.872208731225945,0.46506658127695966,114.8884570294735,0.591945445766895,0.8310996534249961,0.23565684056078623,0.45698028765618387,0.047132155789322845,0.4932836500233367,15.062882774445155,11,0.5,0.75,0.3,True,15.068910158009063,15.062882774445155,-1,0.5890699394130345,0.8285551681918204,0.23841380475468366,18649.0234746933
0,0,103,0.43798547561629236,0.7999221619715092,0.4654207874049592,152.08990442822383,0.5612281420262252,0.833344187355139,0.30205295659954423,0.28138528163865983,0.04178159697595703,0.35101103179405224,15.710427782563329,11,0.5,0.75,0.3,True,15.716356423156945,15.710427782563329,-1,0.5583292034069774,0.8308886938405794,0.3048944944648732,18649.0234746933
0,0,104,0.34709388063154395,0.7971809749205977,0.3278702787735645,150.40804725705792,0.38445220103899674,0.7735613104001406,0.30535513164982714,0.10763174602640248,0.029628986721377364,0.06867089999117272,14.840487713288063,5,0.4,0.65,0.3,True,15.012074313733166,14.840487713288063,6,0.37475311324057375,0.7834616212840121,0.3,18649.0234746933
0,0,105,0.36421014550532527,0.8354001112164903,0.36126357310642476,154.36439801289512,0.37035254845729093,0.8904371704326102,0.47973656832645306,0.016864996837041304,0.0658810771954246,0.3279406063592448,14.902154445846254,7,0.4,0.8,0.5,True,14.948344815626152,14.902154445846254,8,0.3701272840392355,0.9,0.4886721528955783,18649.0234746933
0,0,106,0.4257630190731595,0.6469784683619517,0.356486703432936,131.61656223872976,0.6413035885797207,0.812986829011229,0.21505351396141859,0.5062453990855522,0.25659024027427757,0.39674183667869817,15.132583616108922,11,0.5,0.75,0.3,True,15.138026765827984,15.132583616108922,-1,0.6385099806808481,0.8113423056268542,0.21750182633186374,18649.0234746933
0,0,107,0.38692430036778036,0.7734203145953906,0.33088501409217885,109.3609699622677,0.39686929327387466,0.7481340911441413,0.35936765838053875,0.025702683694565978,0.032694025453000444,0.0860801882082974,14.871246619988318,6,0.4,0.7,0.4,True,14.871259480388687,14.871246619988318,0,0.3970613534275003,0.7484813338237508,0.3590851491484002,18649.0234746933
0,0,108,0.5000476859178391,0.7456305762547513,0.3523966111941068,103.08843128631176,0.49961893811040964,0.7227043400123607,0.36763019844044287,0.0008574138417269061,0.030747446486901565,0.04322852934004267,15.196003133818207,4,0.4,0.55,0.5,True,15.339288683600369,15.196003133818207,10,0.4900144311235754,0.7307800574360255,0.3659582256061024,18649.0234746933
0,0,109,0.34536251054137496,0.6208669328449812,0.3765649333140815,134.31744103902722,0.3827985430797576,0.7048491403462487,0.37207055694876023,0.10839634122331217,0.1352660337641726,0.011935196211094398,14.59941305975158,6,0.4,0.7,0.4,True,14.599427953344664,14.59941305975158,0,0.38274654659103924,0.7049614449059389,0.3720012041303479,18649.0234746933
0,0,110,0.34362831278430106,0.7097436411662408,0.4202996715246715,95.54306302324653,0.35969301882238985,0.6656036777482542,0.45022331737136645,0.04675023983885976,0.06219141793994289,0.07119597723725184,15.472240104002287,6,0.4,0.7,0.4,True,15.472402700577593,15.472240104002287,0,0.3598675027870761,0.6653532078302474,0.4506582686493655,18649.0234746933
0,0,111,0.3477124038458432,0.8620149131509313,0.31408411523083934,101.86087183745613,0.3694131348767496,0.7744511050265647,0.3145086392954212,0.06240999973221359,0.10158038659017368,0.0013516253894911838,14.27090240757543,5,0.4,0.65,0.3,True,14.451169962756234,14.27090240757543,6,0.35946896129019057,0.7843807272805603,0.3040703091264183,18649.0234746933
0,0,112,0.5165973036445645,0.7532686754427159,0.3737986247459582,125.71187636270392,0.5322086379725531,0.7426628551655474,0.36644378508191416,0.0302195428002655,0.014079730941865036,0.019675940940239025,15.598553688447774,12,0.5,0.85,0.5,True,15.728976422916306,15.598553688447774,1,0.53,0.7519106293962985,0.376923945452131,18649.0234746933
0,0,113,0.4563598629810446,0.6302346295952008,0.3275936145733911,143.0024746564995,0.5700188353270131,0.7975372846388153,0.26977107125170147,0.24905558434416813,0.2654609048555026,0.17650693038382037,15.199976092309077,11,0.5,0.75,0.3,True,15.203386945623569,15.199976092309077,-1,0.5671263211275334,0.7959463387935211,0.2722115384839203,18649.0234746933
0,0,114,0.4579460832456241,0.714395721286522,0.4633472871939317,128.06720430437665,0.567904410164311,0.9431472498905882,0.3849927033312452,0.2401119497286096,0.32020282567218944,0.16910551982986272,15.975625939116357,12,0.5,0.85,0.5,True,15.980510754313695,15.975625939116357,-1,0.5651093053431696,0.9405785411155089,0.38785361700313997,18649.0234746933
0,0,115,0.5234727778917314,0.6051008587721659,0.41074607257304563,123.97654355771174,0.4382720458635101,0.5670586390055771,0.6273855476632025,0.1627605782508201,0.06286922124649072,0.5274292064025287,16.16977414444984,10,0.5,0.65,0.5,True,16.172695744338803,16.16977414444984,-1,0.4400891621054941,0.5698657852323704,0.6245255728299346,18649.0234746933
0,0,116,0.39104099441775453,0.7425163329019104,0.3470602463335161,143.8876677361552,0.4087953048938846,0.7445811663451822,0.3565789847209082,0.0454026834259809,0.0027808592912724112,0.02742676088071701,14.992820819892634,6,0.4,0.7,0.4,True,14.992830005364087,14.992820819892634,-1,0.408963500476042,0.7448255343635664,0.3561554105765899,18649.0234746933
0,0,117,0.4995073794387495,0.5782096832858872,0.39341464134765425,111.07155578335652,0.4959741997178309,0.8284088391865467,0.5627361367948589,0.007073328375826017,0.43271353478345725,0.43038941018358784,16.42554135063175,12,0.5,0.85,0.5,True,16.43042324522332,16.42554135063175,-1,0.49790582771114134,0.8310917130607122,0.5599278648162143,18649.0234746933
0,0,118,0.3340376865221361,0.8505602294288804,0.38598973840956713,102.98070624763088,0.3960261094272348,0.7704903163078014,0.31037066395843094,0.185573141613142,0.09413785214815769,0.19590954610015585,15.000709934520584,5,0.4,0.65,0.3,True,15.17540084659202,15.000709934520584,6,0.38665544706053806,0.779520478033925,0.3,18649.0234746933
0,0,119,0.45857945738521716,0.6042866898647534,0.4802862157376354,107.32176608865801,0.4826050263645294,0.6369140959023218,0.47996438763420707,0.052391289213660125,0.053993256156065296,0.0006700756608933152,16.01272669283527,10,0.5,0.65,0.5,True,16.012732816461245,16.01272669283527,-1,0.48271245956507003,0.637012168548539,0.479800749791927,18649.0234746933
0,0,120,0.36942396066088207,0.8685972947150956,0.3378640769079523,104.95571315113172,0.36787988997179233,0.8900781114209355,0.4753055300503675,0.004179671200339762,0.02473046696845368,0.4067951064825983,14.523444085620042,7,0.4,0.8,0.5,True,14.56721351185543,14.523444085620042,7,0.36900317306047503,0.9,0.4845834490026814,18649.0234746933
0,0,121,0.390326629765747,0.6143421425394165,0.43408914855455694,100.94246138271546,0.7222503167169158,0.8314708680546069,0.15755795173351483,0.8503741780323096,0.35343290078990347,0.6370378014328254,14.519310054778114,11,0.5,0.75,0.3,True,14.521480473259928,14.519310054778114,-1,0.7231129043779183,0.8329937061483772,0.15988639680631322,18649.0234746933
0,0,122,0.5056212778516875,0.8371363236247876,0.300565406437324,127.59163510742464,0.6190834543275106,0.844522786515065,0.22268678553413965,0.22440150651473287,0.008823488698106017,0.25910706699849084,15.008370227520448,11,0.5,0.75,0.3,True,15.017351435617499,15.008370227520448,-1,0.6161812675108759,0.8420427337612879,0.22535213054142675,18649.0234746933
0,0,123,0.33904561881900913,0.6240740103601515,0.3833792081266205,122.10100761582979,0.37700620719854805,0.7162064503018184,0.36312233180258535,0.11196307007819857,0.147630631002399,0.052837701927082155,15.002191607850195,5,0.4,0.65,0.3,True,15.04976322793362,15.002191607850195,5,0.36826085300193,0.7087484726155822,0.35372157856948916,18649.0234746933
0,0,124,0.41527893068916305,0.8617684288096757,0.3517542178844301,105.49313817403362,0.41784200607282784,0.9095216619183848,0.4254576229550023,0.006171936966345298,0.055413068653105066,0.20953097737917567,15.291388574320433,6,0.4,0.7,0.4,True,15.382904339619339,15.291388574320433,8,0.40795014470890084,0.9,0.4156730340410336,18649.0234746933
0,0,125,0.45797771002549953,0.868549639689952,0.4845621750887503,148.7656249952171,0.5091860707342841,0.91382502392984,0.4245659244484376,0.11181408961133368,0.05212757241606827,0.12381538164699724,15.31220232341958,12,0.5,0.85,0.5,True,15.31551763015648,15.31220232341958,-1,0.5067838536642424,0.9115177909336931,0.42744201840745055,18649.0234746933
0,0,126,0.3300790518398827,0.8650271243498424,0.42984807381089507,148.22224034533102,0.3735961248778633,0.725599481656295,0.3402154284651686,0.13183833628766675,0.16118297191933928,0.2085216866300509,15.413228794365658,5,0.4,0.65,0.3,True,15.530840139825319,15.413228794365658,5,0.36706627822632765,0.7152783291387734,0.3300584786546138,18649.0234746933
0,0,127,0.40260877675981266,0.6103834267504601,0.4585940153789387,135.10215443698647,0.39615912845088785,0.5793766983387046,0.5097125146012356,0.016019641600541958,0.050798771809431466,0.11146787247116036,15.51321661850966,4,0.4,0.55,0.5,True,15.513228063161172,15.51321661850966,-1,0.3959249975763479,0.5792456985792238,0.5098208143887643,18649.0234746933
0,0,128,0.4808352594166573,0.6039773677551283,0.3268703474596786,141.47656810235446,0.4188509135714184,0.5582060778894933,0.4359066313647336,0.12890973494838426,0.07578312087381425,0.33357655337183906,16.229595451036516,4,0.4,0.55,0.5,True,16.231534359915322,16.229595451036516,0,0.4160463420650562,0.5547994245308566,0.441772316755741,18649.0234746933
0,0,129,0.3207682607028282,0.868188241861005,0.32701757250185315,131.25689284560005,0.36697873636544426,0.7556459798812454,0.30934264556065133,0.1440618705895817,0.12962887142829718,0.05404885983948663,15.090454389581224,5,0.4,0.65,0.3,True,15.241157675102132,15.090454389581224,5,0.3666706576492544,0.745572106660526,0.3,18649.0234746933
0,0,130,0.49897229086049977,0.8361323928008808,0.4622046797568684,110.09039758852978,0.5973793782974348,0.9538577159296339,0.3747160829712882,0.19721954352861493,0.14079746717430255,0.1892853980440039,16.153803285616778,12,0.5,0.85,0.5,True,16.156592037156468,16.153803285616778,-1,0.595728008333332,0.9528428382770701,0.3756859530893848,18649.0234746933
0,0,131,0.3327890855785869,0.8684953520583524,0.4227583382094204,93.91442210164374,0.35307762810064397,0.9179416481544813,0.4768963176007714,0.06096516803363138,0.05693328810446731,0.12805892752027248,15.334345296699444,7,0.4,0.8,0.5,True,15.338460038435214,15.334345296699444,-1,0.352416811432292,0.9152198068168306,0.47946891714576456,18649.0234746933
0,0,132,0.5085959145718918,0.8821052337093321,0.35725932083323414,144.60382018993622,0.5882753549383715,0.8320135636649746,0.2988531967605827,0.15666551398382636,0.056786501349411066,0.16348383559715426,15.097338664265406,11,0.5,0.75,0.3,True,15.101173822564087,15.097338664265406,-1,0.5853918450403996,0.8301667060700467,0.3015786570303366,18649.0234746933
0,0,133,0.333888076158956,0.6880894167927145,0.4635407549489616,119.29583329311086,0.3697697120237643,0.6898059025112417,0.42382940943786435,0.10746605951787847,0.0024945678230716274,0.08566958802893107,15.14228972687425,6,0.4,0.7,0.4,True,15.142300348605282,15.14228972687425,-1,0.36986573082585894,0.689992354536057,0.42355703689221524,18649.0234746933
0,0,134,0.4257451882164522,0.5740491586336485,0.4628013038500224,124.866713020782,0.5049830373313685,0.9101577744996941,0.4709635710324893,0.186115665679893,0.5855049359641102,0.01763665554648488,15.87633261401406,12,0.5,0.85,0.5,True,15.917382494253317,15.87633261401406,7,0.5138798639169772,0.9,0.4640478025413199,18649.0234746933
0,0,135,0.36888691012108776,0.8082235853803083,0.4958456578379125,127.39645212976814,0.407529175910552,0.9098454072466465,0.4477802838343302,0.10475369206454041,0.1257347888685039,0.09693615995986887,15.378500828245551,6,0.4,0.7,0.4,True,15.432964464022875,15.378500828245551,8,0.39749853838146737,0.9,0.43781052903057066,18649.0234746933
0,0,136,0.47203869697298534,0.8849300445411687,0.30602549927506484,131.18610327292322,0.4011912908682609,0.849549115375174,0.49688644090155326,0.15008813167022836,0.03998161141013083,0.623676595834705,15.055679151195399,7,0.4,0.8,0.5,True,15.05932916885751,15.055679151195399,0,0.3986243411486296,0.8431387117863411,0.5,18649.0234746933
0,0,137,0.5205993036140247,0.5741544837143774,0.3446202989987841,128.1392743114608,0.6190772392420208,0.9476228986106021,0.3735917880582502,0.18916263418786325,0.6504667741687666,0.08406785422575568,16.605809314320613,12,0.5,0.85,0.5,True,16.61103394902519,16.605809314320613,-1,0.6162991800344818,0.9449036805658129,0.37653040148798683,18649.0234746933
0,0,138,0.468911062561877,0.7287271074651644,0.40954035912847325,96.9711768421476,0.5073145485628964,0.7302897872704164,0.34875825043575587,0.08189929619319167,0.002144396426650882,0.14841543046469316,15.579197600068188,4,0.4,0.55,0.5,True,15.686668926846519,15.579197600068188,10,0.4973905410904322,0.7197406368973496,0.33869013767347395,18649.0234746933
0,0,139,0.47247746927309076,0.6463490360226006,0.31479237475828103,153.65426996329046,0.5624487857015004,0.7935570901914526,0.27921306435601095,0.1904245647243899,0.22775318901180291,0.1130246894626666,15.859677971689997,11,0.5,0.75,0.3,True,15.863282420761612,15.859677971689997,-1,0.5596609895869324,0.7923447416273861,0.28196833889175327,18649.0234746933
0,0,140,0.4918374802856025,0.660636066726161,0.44054786111641103,147.50742416578717,0.4781286418599031,0.6250005664339368,0.47531382442370695,0.027872699774199504,0.05394119710844592,0.07891529247059337,15.797163539232985,10,0.5,0.65,0.5,True,15.798153776972631,15.797163539232985,0,0.48046533151626436,0.627578817815779,0.4715145968001303,18649.0234746933
0,0,141,0.4518179884463027,0.7271689391287264,0.4524626845062387,138.5196489150025,0.5093366121198694,0.900718918634786,0.44972231063869916,0.12730485537187186,0.23866528143240334,0.006056574301878751,15.50966982972314,12,0.5,0.85,0.5,True,15.509723265904123,15.50966982972314,-1,0.5092602973222914,0.9007113128006605,0.44967550748837964,18649.0234746933
0,0,142,0.4150726070751898,0.7357229230548398,0.44926447201826236,97.72274494619981,0.547766925780276,0.8275214658971495,0.2645389137254536,0.319689414437915,0.12477325357914282,0.41117330614404735,15.317410208996467,11,0.5,0.75,0.3,True,15.322595678398686,15.317410208996467,-1,0.5449780218991879,0.8249963261467402,0.2673861907981921,18649.0234746933
0,0,143,0.4529908450115724,0.7938002857279892,0.37975176902558827,125.4489081451327,0.5217429995553781,0.8056616683055037,0.3128887100362825,0.1517738278839814,0.014942527472935408,0.17607043453904342,15.099911340928788,11,0.5,0.75,0.3,True,15.107558805901803,15.099911340928788,0,0.5116604947067467,0.7975526988795286,0.3234498929104264,18649.0234746933
0,0,144,0.36476005245812465,0.7633189342007519,0.49425685284013465,112.41956779529258,0.40046627300423476,0.9097222982445224,0.4504053879686817,0.09788961347462596,0.19179841804535483,0.08872201694214354,15.08787848202539,6,0.4,0.7,0.4,True,15.182526889655483,15.08787848202539,8,0.3904591054942826,0.9,0.4404689368392002,18649.0234746933
0,0,145,0.4141572965390155,0.8490229345084527,0.41028017545950085,120.09154625703935,0.4238187559007849,0.9091546370766959,0.4469869496044684,0.023327995045619634,0.0708245915677847,0.08946757932882599,15.317574217233838,6,0.4,0.7,0.4,True,15.390233276207697,15.317574217233838,8,0.4140083972124197,0.9,0.43727918788557113,18649.0234746933
0,0,146,0.45750934736395443,0.5434411821481121,0.3307592835771826,148.20771152192185,0.5972342308104122,0.8324291417011134,0.2836206184160968,0.3054033414869332,0.5317741257861446,0.1425165293964787,15.640665098337886,11,0.5,0.75,0.3,True,15.64648457978377,15.640665098337886,-1,0.5943807793169057,0.8298399936787414,0.2864072104529953,18649.0234746933
0,0,147,0.34988860710476655,0.5429607277814285,0.4852791074604678,140.79906606810783,0.6568485209552679,0.8379443036775754,0.1584620581709507,0.8773075419360222,0.5432871307312931,0.6734620227105915,14.352684276910287,11,0.5,0.75,0.3,True,14.366469534888639,14.352684276910287,-1,0.6540445990611248,0.8369309631766075,0.16033170934199212,18649.0234746933
0,0,148,0.5227378837032426,0.8022002279558832,0.48456167517775184,115.27584029322375,0.4808465426554788,0.6500254569165507,0.5536928893994614,0.08013833003835898,0.1896967437008773,0.1426675235847947,16.51304709272512,10,0.5,0.65,0.5,True,16.515474605524986,16.51304709272512,-1,0.48317992169608204,0.6525447702992442,0.5508728662717836,18649.0234746933
0,0,149,0.475727483075913,0.590864975252193,0.4647780223334252,139.51950176054,0.4425598775369992,0.5393700132858514,0.5097791557813085,0.06971975914542897,0.08715182676780331,0.09682285152373263,15.94393392855056,10,0.5,0.65,0.5,True,16.00164569495813,15.94393392855056,9,0.4327349271048459,0.53,0.5,18649.0234746933
0,0,150,0.4626688506406471,0.8221150745243004,0.3688813515585714,96.55238598065118,0.5243686421983043,0.8113038106997623,0.30901501816639015,0.13335626868379585,0.013150548091815284,0.16229156919762475,15.461760652011876,11,0.5,0.75,0.3,True,15.46976230713938,15.461760652011876,0,0.5151789005883322,0.8027869847850138,0.3195613255081614,18649.0234746933
0,0,151,0.4371070212341172,0.584417126486877,0.44375427537509426,115.33478150473998,0.4395440380036959,0.593952367323499,0.45089181558139313,0.005575332015253563,0.01631581349085609,0.016084442680052338,16.27635709203046,4,0.4,0.55,0.5,True,16.27649997951267,16.27635709203046,0,0.43868726242106065,0.5927351840762585,0.45262598521452335,18649.0234746933
0,0,152,0.4129290415534718,0.8789579500235122,0.4562932055544062,146.4868778289985,0.5639714822080195,0.8167294376268561,0.2642888848698974,0.36578304128552946,0.07079805398539422,0.42079154006078046,15.087978030988275,11,0.5,0.75,0.3,True,15.093111822284751,15.087978030988275,-1,0.5610350885947522,0.8141344130882872,0.26700561028065956,18649.0234746933
0,0,153,0.43362913503979555,0.8667755837179921,0.303665163875022,149.32399411824133,0.43372444429985646,0.7695683013233545,0.34280591051945664,0.0002197944103828685,0.11214815486342111,0.1288944248492843,14.191146993310905,6,0.4,0.7,0.4,True,14.191153805473474,14.191146993310905,-1,0.4337115078852269,0.7696167494273108,0.3427865379703518,18649.0234746933
0,0,154,0.39873903998683174,0.614767745398754,0.4068788454506722,152.7931424157973,0.6440054889267973,0.8205820859248537,0.2148797353622896,0.6151051799394046,0.3347838953271748,0.4718827538839434,15.208463471880322,11,0.5,0.75,0.3,True,15.213750729732983,15.208463471880322,-1,0.6412078932999468,0.8196739263593562,0.2164296301661388,18649.0234746933
0,0,155,0.3863406435796582,0.8550605192864855,0.3934663225010171,154.2054852992957,0.39925154426615056,0.7225836490298473,0.4171229192782788,0.03341843759141099,0.1549327413306195,0.06012356185121937,15.11795783692962,6,0.4,0.7,0.4,True,15.117971493457036,15.11795783692962,-1,0.39920429253579304,0.7225784747462167,0.4171296236113546,18649.0234746933
0,0,156,0.477751893497228,0.8105906159206753,0.37230549658614875,130.48674938834367,0.6022077690052945,0.8388533498741533,0.26750700598074534,0.2605031548844894,0.0348668407928421,0.2814852092336859,15.560416350801733,11,0.5,0.75,0.3,True,15.567858094081217,15.560416350801733,-1,0.5993571105445943,0.8361341591635085,0.2702091053188217,18649.0234746933
0,0,157,0.3689438726529242,0.816549220754605,0.3517053225115283,135.78810623018828,0.38474714463517395,0.7274753115947975,0.3988651454181912,0.042833810651508805,0.10908578061894521,0.13408902250865723,14.256389267181412,6,0.4,0.7,0.4,True,14.25641150085849,14.256389267181412,-1,0.3847948613939983,0.7275937712160183,0.39867895299169454,18649.0234746933
0,0,158,0.3323978867142206,0.620138776428306,0.37162408748582054,104.50346664037957,0.3980737224136226,0.7347135537934746,0.34567855890585364,0.19758198930989854,0.1847566733773091,0.06981659546209276,14.381670127405597,6,0.4,0.7,0.4,True,14.381714473124328,14.381670127405597,-1,0.39813782816675636,0.7346415355028316,0.34564951623978507,18649.0234746933
0,0,159,0.37142231961852773,0.6041401535879021,0.3079527394225318,115.17931239587972,0.41675798778865963,0.758836448231178,0.35129235427587036,0.12205962263305627,0.2560602762861511,0.14073463004293552,14.732837056957784,6,0.4,0.7,0.4,True,14.7328620199136,14.732837056957784,-1,0.41670808338119675,0.7587709614970719,0.3512054551179273,18649.0234746933
0,0,160,0.436119453003546,0.6854141716490159,0.31881476509230494,115.50497190224972,0.6941133019719413,0.8346703264393782,0.145948283924176,0.5915669369747137,0.21776053219219527,0.5422160454773157,14.500777760543107,11,0.5,0.75,0.3,True,14.51578732608618,14.500777760543107,-1,0.6913218865055955,0.8345871084048604,0.14680552787869558,18649.0234746933
0,0,161,0.44763840709832337,0.5401875261298622,0.47492647558910756,147.1280957204339,0.44602336968933987,0.5990623465297902,0.5833116798146593,0.003607906255078685,0.10898959630136729,0.22821470226756405,16.540625342452948,10,0.5,0.65,0.5,True,16.544402935322495,16.540625342452948,-1,0.44748563929811375,0.6014678099590166,0.580504136814123,18649.0234746933
0,0,162,0.3258481895313281,0.8173594418173958,0.33695903229736973,137.22649468116214,0.3488924434590156,0.8978054176475564,0.4647984006321874,0.07072082849633862,0.0984217857094661,0.3793914276854824,14.743919630713897,1,0.3,0.65,0.4,True,14.866718332066844,14.743919630713897,8,0.3388080868453477,0.8877900031582731,0.454707495808359,18649.0234746933
0,0,163,0.3492050537766556,0.7780250133740595,0.4917267662128841,155.3115617343717,0.380484666459757,0.9094898043228469,0.44878060883305393,0.08957376860618736,0.16897244778630482,0.08733744089341966,15.036538120313493,6,0.4,0.7,0.4,True,15.178254662727944,15.036538120313493,8,0.3705601507973678,0.9,0.4389866810397518,18649.0234746933
0,0,164,0.4564553013355652,0.590573797624394,0.378982129455134,111.12470079030633,0.4375700525986084,0.5831535145634844,0.4312445564862067,0.04137370884224481,0.01256453146204244,0.1379020881702545,16.138001288195813,4,0.4,0.55,0.5,True,16.1395960253005,16.138001288195813,0,0.4342129940790492,0.5787497959265367,0.4373125190831588,18649.0234746933
0,0,165,0.5181463057040501,0.638767497542407,0.41221539894526593,119.21033094996486,0.4922116292841386,0.6412154183310999,0.4755944131239888,0.05005280580872193,0.003832256334442425,0.1537521750543297,16.479004386070464,10,0.5,0.65,0.5,True,16.479037588049646,16.479004386070464,-1,0.4921685661333826,0.6411542414952474,0.4756296162923631,18649.0234746933
0,0,166,0.3457715132189599,0.6690832367122602,0.4538830107657429,119.59995984152316,0.3736743969901075,0.6805570651535446,0.43377835172318896,0.08069746264342526,0.017148581539218485,0.044294804091996084,14.941334464301224,6,0.4,0.7,0.4,True,14.941366124482448,14.941334464301224,-1,0.37364046267910095,0.6804697184023979,0.43380108993225797,18649.0234746933
0,0,167,0.45983537791147727,0.7390581261561695,0.3153044358233046,139.367803627917,0.5937429968868052,0.7908802221344273,0.21553658318905722,0.2912077352193342,0.07011910720444112,0.3164175358768403,14.919154230890484,11,0.5,0.75,0.3,True,14.925835919276059,14.919154230890484,-1,0.5908568703057383,0.7893295757678475,0.21798095023796857,18649.0234746933
0,0,168,0.4587089472624333,0.8171861244767437,0.32978629099698226,154.6561950421251,0.43795977673346187,0.7564877725957895,0.3726186679457882,0.045233847416323754,0.07427726690760961,0.1298791918224335,14.971447930010335,6,0.4,0.7,0.4,True,14.97149243206722,14.971447930010335,-1,0.43809666308075895,0.7567533206607956,0.37225029241830443,18649.0234746933
0,0,169,0.4995748985409386,0.8530897973579021,0.4923890160487622,132.57306301559112,0.49089511271843417,0.795028162019466,0.5832541700640913,0.01737434336243611,0.06806040292388721,0.18453936024911366,15.671010198704199,12,0.5,0.85,0.5,True,15.707327437969742,15.671010198704199,-1,0.4906441098697434,0.7950604551491965,0.5827824718125209,18649.0234746933
0,0,170,0.49481078128035716,0.589645447365033,0.4115489094731384,116.75499635401695,0.4950656103063426,0.6630726800935827,0.48664316094036036,0.0005150029781607835,0.12452777013148535,0.18246738051950384,16.49407848054236,10,0.5,0.65,0.5,True,16.494097195295243,16.49407848054236,0,0.4948415287092967,0.6629618682893406,0.4868364368451714,18649.0234746933
0,0,171,0.36185275431153313,0.6694675333441654,0.38563289981872173,131.9589442811863,0.3813200676883183,0.6638013439563483,0.41470337977684546,0.053798991840822014,0.008463725431931041,0.07538381702336387,15.097073792858884,6,0.4,0.7,0.4,True,15.098122060591844,15.097073792858884,0,0.3827459413251359,0.6662500652962566,0.4110025867953653,18649.0234746933
0,0,172,0.47187741867830346,0.5379278280918326,0.3508081827585279,131.50911591024564,0.5204682805546784,0.7589056351702429,0.4009033437563789,0.10297348411474033,0.4107945258423886,0.14279929448604994,15.99637704807979,12,0.5,0.85,0.5,True,16.071704544408846,15.99637704807979,2,0.53,0.7651607190274963,0.41089463856858766,18649.0234746933
0,0,173,0.3341684425789872,0.8867061067276567,0.46646922490014076,96.0485848542078,0.36613026048978636,0.6959210064353104,0.4016156666552313,0.09564582958261944,0.2151615950818574,0.13903073296806015,14.300772418076908,6,0.4,0.7,0.4,True,14.300834389210044,14.300772418076908,-1,0.36649135183144865,0.6960802790290047,0.40121122986945007,18649.0234746933
0,0,174,0.4362509005743218,0.7488157486510117,0.30138531590285367,104.94274211957716,0.5970999768647224,0.8179629206330766,0.17608019357592597,0.3687077231901268,0.09234203755280682,0.41576386013218253,14.025172868021997,11,0.5,0.75,0.3,True,14.038362614699706,14.025172868021997,-1,0.5942523041633762,0.8159385853898722,0.17879205255562888,18649.0234746933
0,0,175,0.35129858705406947,0.6964950578845217,0.4134007232454585,121.99432648982197,0.37189581944344163,0.6975239946103529,0.41120542501096885,0.05863169721830388,0.0014773065712143936,0.005310339607669709,15.097228925322906,6,0.4,0.7,0.4,True,15.097234450303379,15.097228925322906,-1,0.37196639493988165,0.6976095378939616,0.4109481214032763,18649.0234746933
0,0,176,0.5105726685028434,0.8217980934385509,0.38023321089998835,106.44759727886442,0.5362375043161963,0.9311207689711577,0.40068889170006544,0.05026676396253269,0.1330286312483168,0.053797722591511055,15.552934559114773,12,0.5,0.85,0.5,True,15.55792174661215,15.552934559114773,-1,0.5335215709878008,0.9287373859054364,0.40357474596995124,18649.0234746933
0,0,177,0.392106688626741,0.8385224378642653,0.3697631109165849,155.69160137758738,0.4174040137174574,0.7653929096870935,0.3615243254430669,0.0645164334720078,0.08721236889430682,0.022281253132837853,14.589583189550138,6,0.4,0.7,0.4,True,14.603784145272796,14.589583189550138,0,0.41050497357051835,0.7564010906046615,0.37214352027300573,18649.0234746933
0,0,178,0.43587722513609556,0.6165802778960571,0.4317394610102362,135.01415693097707,0.4877533632636395,0.9099768836095488,0.5101850362143403,0.1190154821953509,0.47584494060472105,0.18169656074649204,16.26324714282831,12,0.5,0.85,0.5,True,16.368668269128854,16.26324714282831,6,0.4956059901134589,0.9,0.5,18649.0234746933
0,0,179,0.4250821979481093,0.6315780049389986,0.4259836393669003,123.69942647956904,0.431320024063177,0.652520443502949,0.4599192265710821,0.014674399787095165,0.03315891053864856,0.07966406234431225,15.191319109455383,4,0.4,0.55,0.5,True,15.224827702467044,15.191319109455383,5,0.42175912615804867,0.6624747869840236,0.4562541542751042,18649.0234746933
0,0,180,0.4007535173049078,0.7871822111473167,0.3561646656072007,98.92030737488227,0.4078332573719258,0.7297501810488782,0.37017596007945186,0.0176660709421333,0.07295900400840025,0.039339372557814625,14.929555401574834,6,0.4,0.7,0.4,True,14.929562433107531,14.929555401574834,-1,0.4078672153904747,0.7296697577328799,0.37023791183663546,18649.0234746933
0,0,181,0.5211217483707934,0.732693994605623,0.42886419243024926,129.8044664689131,0.5251564058207926,0.7020628851816565,0.4975679222830608,0.007742254977100715,0.04180614233156626,0.16019926835926165,15.586306398729748,12,0.5,0.85,0.5,True,15.993143230512832,15.586306398729748,2,0.5210596084909183,0.7077296768250259,0.5,18649.0234746933
0,0,182,0.41680116461301653,0.5759527063959892,0.36271922424464365,139.763036417812,0.5224798151012946,0.8072759551261289,0.3009703608032728,0.2535469174765779,0.4016358394730701,0.17023873926164731,15.63749626188175,11,0.5,0.75,0.3,True,15.6446400506891,15.63749626188175,0,0.5138220545372086,0.8007133500191798,0.3105432088787702,18649.0234746933
0,0,183,0.5079590859731979,0.8479536905376176,0.4896641763739884,95.33774508572773,0.5059674747592607,0.8404245234600863,0.5358825320008119,0.003920810295422674,0.00887921965733487,0.09438786388066003,15.71697003543645,12,0.5,0.85,0.5,True,15.717330132728875,15.71697003543645,-1,0.5069992513560436,0.8417132675439876,0.5338508479981553,18649.0234746933
0,0,184,0.4722261414770145,0.7712730271818132,0.4250375280978044,133.6015117445666,0.4814782914036207,0.8782652937852231,0.4692440524114149,0.01959262546894921,0.13872164957505825,0.10400616743526302,15.854857487273598,12,0.5,0.85,0.5,True,15.854884176830975,15.854857487273598,-1,0.4814739927944072,0.8783346720447546,0.4691827629729963,18649.0234746933
0,0,185,0.343143158113224,0.7547889694108372,0.45741836213721937,94.21256495778499,0.37494317025329127,0.691729876037437,0.4493409724554348,0.0926727267852868,0.08354532979280554,0.017658647641612287,15.376736909953378,6,0.4,0.7,0.4,True,15.376818152586981,15.376736909953378,0,0.37534829426265115,0.6925542300125267,0.4482055951806834,18649.0234746933
0,0,186,0.5108402475422331,0.5788740679816368,0.37514121454457094,128.1686591803067,0.5438608859868884,0.885159454322651,0.4765894026045798,0.06463985287675549,0.5291053845423428,0.27042666635061424,16.54920657689982,12,0.5,0.85,0.5,True,16.551580069073466,16.54920657689982,-1,0.5413653682993613,0.883176980282141,0.4794096318156214,18649.0234746933
0,0,187,0.4448418986464043,0.7275471561393084,0.3775439753224574,148.7697635730587,0.5334308637712807,0.7947927958567171,0.2926738741561906,0.1991470798826303,0.09242787790449795,0.22479527343478306,15.390447350923678,11,0.5,0.75,0.3,True,15.39585129241205,15.390447350923678,0,0.5266103867026745,0.7901158394937116,0.3,18649.0234746933
0,0,188,0.40018736873311217,0.842598058674631,0.3659766744789452,132.85747021053461,0.4050002115002019,0.7506794798712655,0.39053566098784176,0.012026473454986602,0.109089473749737,0.06710533272062241,15.011928600460351,6,0.4,0.7,0.4,True,15.013514503521876,15.011928600460351,0,0.4029616594947436,0.7444461334013095,0.39862073472913034,18649.0234746933
0,0,189,0.49581156042916846,0.575038808297186,0.3341795994969794,139.2664689212783,0.48115617435180963,0.8641042296567609,0.4998035608140774,0.029558379124265094,0.502688544127239,0.4956136208386205,16.121493929258524,12,0.5,0.85,0.5,True,16.121897662035597,16.121493929258524,0,0.4812486038741165,0.8639218104016401,0.49970163024529635,18649.0234746933
0,0,190,0.40519992589887405,0.8611836174099298,0.35477399757965644,97.50303775765792,0.412049193564223,0.7304055417657411,0.4088518034957625,0.016903427734234852,0.1518585270322639,0.1524288879259369,14.92205912992229,6,0.4,0.7,0.4,True,14.922353953280979,14.92205912992229,0,0.41071726422404126,0.7274563313754147,0.41271431817906357,18649.0234746933
0,0,191,0.3820246697040666,0.7874557665445874,0.45619311635363663,127.41873975497455,0.40230215183950996,0.8934824548088033,0.47605710300280485,0.053078986106188324,0.13464462737947638,0.04354293376441446,15.265785940677084,7,0.4,0.8,0.5,True,15.322739959544107,15.265785940677084,5,0.404671248071122,0.9,0.48559947257832503,18649.0234746933
0,0,192,0.38226140316082613,0.857804153933148,0.4856151023039315,121.03256098163506,0.4013306903284199,0.7220071777288162,0.4180413961295695,0.049885463219447444,0.1583076691593114,0.13915075098317214,14.832164974875976,6,0.4,0.7,0.4,True,14.832165645467123,14.832164974875976,-1,0.40136129464968306,0.7219700072265939,0.41801191521486425,18649.0234746933
0,0,193,0.4029451391096638,0.7502020551689071,0.44272261308145117,132.50736541039913,0.42763106471861634,0.732424310103911,0.41101037713885696,0.061263738442155866,0.023697275877221567,0.07163003425975861,15.077728010554878,6,0.4,0.7,0.4,True,15.077741289737379,15.077728010554878,-1,0.4276795928236444,0.73241852521243,0.41096612319826953,18649.0234746933
0,0,194,0.4078549967101047,0.689373821043052,0.4291990226881763,151.1164868042078,0.6844565938031577,0.831507895538238,0.16811986730852133,0.6781861184102543,0.2061785205015924,0.6082939186218405,14.178708019194008,11,0.5,0.75,0.3,True,14.189316408914463,14.178708019194008,-1,0.6816445229522392,0.8314833031053133,0.1701751838722195,18649.0234746933
0,0,195,0.32661888944851547,0.5643235058916863,0.4523086216554312,122.48108459124721,0.3668987024015986,0.6840403957862321,0.4394995948139953,0.12332358676834089,0.21214230604373172,0.028319218843442226,14.876810410498003,6,0.4,0.7,0.4,True,14.876825975112846,14.876810410498003,-1,0.3668781539261514,0.6840064832091111,0.4394707239128393,18649.0234746933
0,0,196,0.4804793332369278,0.7239845264732708,0.392372402947115,153.38592320084285,0.4828580394459696,0.9103167367199619,0.4991668935479241,0.004950694118343764,0.2573704318714751,0.27217635541815394,15.212543455865333,12,0.5,0.85,0.5,True,15.33998421550063,15.212543455865333,5,0.4896630521367793,0.9,0.49788952304707745,18649.0234746933
0,0,197,0.3942276654082302,0.7621901658350638,0.40869516985914917,100.68817277022946,0.41135930498629025,0.909869320399052,0.4566254274738231,0.04345620838233141,0.19375631067371393,0.1172763006501702,14.710166839651142,6,0.4,0.7,0.4,True,14.779081050396048,14.710166839651142,8,0.401378408943373,0.9,0.4466558747714607,18649.0234746933
0,0,198,0.351863886347984,0.822602268239995,0.40454023865916744,136.18093414900184,0.3599683272454372,0.8438603864560341,0.5076612016835308,0.02303288632877242,0.025842523217838965,0.254909037889911,14.392376954515825,7,0.4,0.8,0.5,True,14.39256941817483,14.392376954515825,-1,0.3600604072893774,0.84390075360389,0.5075778567460308,18649.0234746933
0,0,199,0.4122805753258381,0.8341780072372753,0.4704032180392158,120.65749724948208,0.5221287152836032,0.8045724924937915,0.30673523431666533,0.26644025096488877,0.03549064406712748,0.3479312586439536,15.228193956515662,11,0.5,0.75,0.3,True,15.237229782877602,15.228193956515662,0,0.5117839452379982,0.796434288162211,0.3172546991843428,18649.0234746933
0,0,200,0.37559602811496356,0.6962070819800444,0.3243439385152884,126.41302198243329,0.38567878139539974,0.6907579537976942,0.38742030540469413,0.026844674931839306,0.007826878415043766,0.19447370337223835,14.763480536385531,6,0.4,0.7,0.4,True,14.763499154354845,14.763480536385531,-1,0.3856763422552594,0.6908505625493819,0.38742222701730017,18649.0234746933
0,0,201,0.40283453425135723,0.557932039257656,0.31979333516370634,155.3930227479217,0.4524685798729617,0.778696023333319,0.3584666595983547,0.12321199252156029,0.39568257160745884,0.1209322402383746,15.23544676817269,6,0.4,0.7,0.4,True,15.237134660958638,15.23544676817269,0,0.45230231440998836,0.7793414892490084,0.35873291359081316,18649.0234746933
0,0,202,0.46294832317745077,0.6917844033934071,0.4280353617179524,110.65555352840609,0.4900795500512096,0.9104952913003066,0.4974391004571172,0.05860530326050948,0.31615469622335796,0.16214487153726645,14.949193680381574,12,0.5,0.85,0.5,True,15.061614309564593,14.949193680381574,7,0.49687758694923956,0.9,0.4924386412078099,18649.0234746933
0,0,203,0.380195407033194,0.5585364339808313,0.3105171142244987,144.2171955221543,0.40150747876629134,0.7399123220601469,0.4048993724713137,0.056055573893970374,0.3247342107776273,0.3039518722906146,14.57654784091417,6,0.4,0.7,0.4,True,14.577443368278983,14.57654784091417,0,0.3998849385206386,0.7366176250954615,0.41072234041504097,18649.0234746933
0,0,204,0.4881074258516231,0.5342649224230933,0.3660110688194995,99.31792853818516,0.5113926916447982,0.862791143269874,0.48160670626658164,0.047705207009600854,0.6149125781209632,0.31582552358297333,17.016696412036307,12,0.5,0.85,0.5,True,17.016855723901866,17.016696412036307,0,0.5113089187188485,0.8626788961887739,0.48147736991279005,18649.0234746933
0,0,205,0.41523679754357257,0.7517797582574175,0.41020961259055116,102.12886702988993,0.44678092628464405,0.7627022424567746,0.376981787584386,0.07596660249688354,0.014528835179966598,0.08100206330204009,15.50603618055714,6,0.4,0.7,0.4,True,15.506224028416312,15.50603618055714,-1,0.44692619156071345,0.7627183316630912,0.377003634661766,18649.0234746933
0,0,206,0.4647154385194551,0.750104139124408,0.39348507152912565,112.3204462714954,0.5567419272513162,0.7908923979417571,0.31335012606713586,0.19802761239232736,0.0543767947540738,0.20365434742054306,15.76138012879696,11,0.5,0.75,0.3,True,15.764403672513946,15.76138012879696,-1,0.5539809677102119,0.7893430653847378,0.31612488988631604,18649.0234746933
0,0,207,0.5102811095276987,0.5621210927931878,0.32895265474268326,117.41067204855487,0.6103093724160453,0.9521427548066153,0.3618948599997109,0.19602580032980232,0.6938392225692942,0.10014269464642568,16.251024704789764,12,0.5,0.85,0.5,True,16.256372382745155,16.251024704789764,-1,0.6075068005258616,0.9493851645640279,0.3646974117386226,18649.0234746933
0,0,208,0.3711962311778744,0.751254418978222,0.4389108776968237,137.7433940812374,0.37393989895599283,0.680802587574418,0.47079069078068553,0.007391421430687058,0.09377892445494723,0.07263390976124935,15.355507666423465,6,0.4,0.7,0.4,True,15.356798419617117,15.355507666423465,0,0.37524729652207134,0.6847670569501078,0.4653524560636272,18649.0234746933
0,0,209,0.479789959354231,0.5947088849825881,0.4492627870296749,109.12805560501135,0.49603236591820665,0.6533594142867112,0.48717422138160793,0.03385316063270051,0.09862057013969151,0.08438587714461394,15.986362584653815,10,0.5,0.65,0.5,True,15.986416656683716,15.986362584653815,0,0.49595880811011794,0.653300013878778,0.4874194203775355,18649.0234746933
0,0,210,0.48131581124048634,0.7475756954976936,0.44196023808168505,99.31861705763806,0.6048673782020371,0.9657927784611037,0.35275987083127763,0.2566954254902276,0.29189964879494035,0.20182894198260662,15.735676642204195,12,0.5,0.85,0.5,True,15.738812034715274,15.735676642204195,-1,0.6019145981843013,0.9638005087442271,0.3554766543308405,18649.0234746933
0,0,211,0.44958074174939383,0.8806877992896807,0.38468103447195123,100.7751927092089,0.4811695668882534,0.9088522909243727,0.3952604699354012,0.07026285204286593,0.03198010879384059,0.02750183792651042,15.55093821712708,7,0.4,0.8,0.5,True,15.636816956262617,15.55093821712708,10,0.49158186522166214,0.9,0.3941206187280872,18649.0234746933
0,0,212,0.5186942199721928,0.7724736756472058,0.33943854718898914,135.7537035329242,0.5704902151765879,0.9464212938610679,0.3822002020037392,0.09985843915355744,0.22518258381830628,0.1259776038074476,15.491622143723937,12,0.5,0.85,0.5,True,15.49562301595401,15.491622143723937,-1,0.5676348865078175,0.9441856306038443,0.38501016820824474,18649.0234746933
0,0,213,0.5259684834524211,0.6068673432723058,0.4707719597025067,137.43192407670938,0.5109603108163221,0.612176261261637,0.5222726048234826,0.02853435730138501,0.008748069982979865,0.10939616104901519,16.377852779535594,10,0.5,0.65,0.5,True,16.390216822015226,16.377852779535594,-1,0.5123502207519829,0.6138490943659758,0.520264493996763,18649.0234746933
0,0,214,0.36327343081870167,0.5980939649506177,0.4908314064361027,115.02734547525031,0.6960627994659265,0.8299647665756082,0.14614300214812648,0.9160850764594165,0.387682898027796,0.7022541747903582,14.623113319246027,11,0.5,0.75,0.3,True,14.64185075407071,14.623113319246027,-1,0.6932438366499232,0.8282663698557805,0.14872930652726063,18649.0234746933
0,0,215,0.4096342392931047,0.7654110098692632,0.3880603807403089,93.76653149877824,0.42910873328953286,0.7465341059979946,0.3772754733114028,0.04754117729522507,0.024662440999500258,0.02779182819006555,15.36435547245933,6,0.4,0.7,0.4,True,15.364381765895859,15.36435547245933,-1,0.42912964023542655,0.7465410043262636,0.3771925836017929,18649.0234746933
0,0,216,0.37141398864982417,0.700143600622882,0.4522536888089502,131.6491462915684,0.37058556220347266,0.6455434001721676,0.496738081304299,0.0022304664650974145,0.0779842883690422,0.09836159128409167,14.877207258625269,6,0.4,0.7,0.4,True,14.87956719142744,14.877207258625269,0,0.3710287136175442,0.6457874003332718,0.4966394826267694,18649.0234746933
0,0,217,0.40727115117698975,0.6003151045190644,0.45693110959215133,105.44521759016101,0.402529949278321,0.5928940003042614,0.5033437377770972,0.011641388998378558,0.012362014813450934,0.10157467331645013,15.255220070177852,4,0.4,0.55,0.5,True,15.261737101753072,15.255220070177852,0,0.40007142876142887,0.588728017378531,0.5,18649.0234746933
0,0,218,0.46921738254412276,0.7090799111280974,0.41044154798987587,117.74934763501223,0.535522573749758,0.9226028479139661,0.4179887064738596,0.1413101766309781,0.3011267607993129,0.018387900837392567,15.663942818638779,12,0.5,0.85,0.5,True,15.664336730749916,15.663942818638779,-1,0.5344848367259923,0.9215860484266996,0.4193133270457879,18649.0234746933
0,0,219,0.3593310940022716,0.5927620416930478,0.428297614188786,111.00850192146963,0.3961101041980048,0.6846728958184556,0.4191664076118694,0.10235409851700922,0.15505522901380775,0.021319769885273513,14.89465642906058,6,0.4,0.7,0.4,True,14.894688371260314,14.89465642906058,-1,0.39618491809495304,0.684809181196489,0.4188039394164904,18649.0234746933
0,0,220,0.393799199156168,0.6032498596781544,0.3177116746522558,134.5744804750575,0.3919661116828441,0.6958240828419925,0.43589529816520484,0.004654878621520375,0.15345917065480677,0.37198388646657154,14.488786737404466,6,0.4,0.7,0.4,True,14.488849483196265,14.488786737404466,-1,0.3919235410135339,0.6960846358854199,0.43602593281148344,18649.0234746933
0,0,221,0.41342011644097276,0.8831248447024715,0.47031361397022614,146.0600827023153,0.5632223817674354,0.8263875789062344,0.251593660020953,0.36234875703696223,0.06424603059984366,0.46505129227052205,15.351999360702573,11,0.5,0.75,0.3,True,15.357188467810841,15.351999360702573,-1,0.5603305966777112,0.8241068603078316,0.2543343850192129,18649.0234746933
0,0,222,0.3273535799372797,0.7296475301533468,0.4214929052705335,96.88383094206768,0.35971418604829014,0.6923885917246275,0.43538074110919545,0.09885520762354474,0.051064297333931565,0.0329491568304052,14.899223746853831,6,0.4,0.7,0.4,True,14.903408719818076,14.899223746853831,0,0.3621923280811079,0.6978966835080629,0.427474015935023,18649.0234746933
0,0,223,0.4172161980212253,0.6494951523032994,0.34329713635737696,143.56354579604024,0.662653370473444,0.8390462068502608,0.158830065922397,0.5882733547170007,0.2918436787014623,0.5373393800842755,14.3158849716656,11,0.5,0.75,0.3,True,14.32826837491964,14.3158849716656,-1,0.6598395839020199,0.8378433087813271,0.16036339287460422,18649.0234746933
0,0,224,0.4053096657350554,0.5691300035285437,0.3738141237100454,150.92777666859445,0.5373032498681269,0.8162236545558852,0.2910334468937445,0.32566108161692275,0.434160296409235,0.221448767089686,15.706185318092677,11,0.5,0.75,0.3,True,15.719217898515787,15.706185318092677,0,0.5266343930674753,0.8076594725625624,0.30140181862634363,18649.0234746933
0,0,225,0.39870499965023576,0.5990042299141679,0.313347231009368,125.7607223996661,0.40370407493416666,0.7065558195109056,0.4360847564801767,0.012538280905221506,0.17955063457923984,0.3916981333310051,14.744725413519927,6,0.4,0.7,0.4,True,14.74520049484303,14.744725413519927,0,0.4050385909909575,0.7088795463294782,0.43269609121303376,18649.0234746933
0,0,226,0.45735431281611716,0.6790474024155938,0.46966388076479826,126.53056644667396,0.5210169070451326,0.7252862054412468,0.41129137303479013,0.13919753776239446,0.06809363066726479,0.12428570754675586,15.919055503159178,12,0.5,0.85,0.5,True,15.943939884889385,15.919055503159178,1,0.53,0.7254850595876756,0.42169350711542064,18649.0234746933
0,0,227,0.4847586389932185,0.7331291032446187,0.41815978045935265,119.53103603420521,0.5270234269080002,0.9026615271435463,0.45091989263663845,0.08718728149447776,0.2312449787474346,0.07834352730264613,15.096394781945692,12,0.5,0.85,0.5,True,15.096420520021102,15.096394781945692,-1,0.5271861170347995,0.90287209992379,0.45074348489858096,18649.0234746933
0,0,228,0.3396509535494687,0.7826295520922749,0.4716786854920571,139.06425999313416,0.3627727704597005,0.8914351122970345,0.48957354926138213,0.06807523037577518,0.13902562190998258,0.03793867376190009,14.986840512728124,7,0.4,0.8,0.5,True,15.048402590770108,14.986840512728124,5,0.36527830870220795,0.9,0.4955630730962047,18649.0234746933
0,0,229,0.4050284208564967,0.5634231569250232,0.33715782487380586,128.20403811943592,0.41292649154888905,0.7029979282112717,0.45520576738115115,0.019500040702552734,0.24772636617919885,0.3501266581949543,14.968500958443153,6,0.4,0.7,0.4,True,14.970581612896266,14.968500958443153,0,0.41535860707039884,0.7066363060666079,0.4497974828606326,18649.0234746933
0,0,230,0.4629198800187038,0.7602176684117717,0.32572884486352727,100.85675313320807,0.6292359641732592,0.8332958522177855,0.20182963742382576,0.3592761757128157,0.0961279733983122,0.38037530109319106,14.90884688892699,11,0.5,0.75,0.3,True,14.916178739290508,14.90884688892699,-1,0.626369023569951,0.831402331572368,0.20418823636889064,18649.0234746933
0,0,231,0.4543559050015979,0.835477272617632,0.3403558268880813,107.3761648178585,0.5090838075884995,0.809592245389427,0.29886463374579764,0.12045161509832057,0.030982323609001054,0.12190534101220825,15.248057997736854,11,0.5,0.75,0.3,True,15.256181227534249,15.248057997736854,0,0.49875697317406636,0.801336530540692,0.30943874572731717,18649.0234746933
0,0,232,0.46769935817987596,0.6995983830875926,0.3830443861281423,115.57173779485122,0.5120604636302859,0.7371140380659955,0.34655422730313457,0.09484961797477767,0.053624559297624635,0.09526352596850339,15.218239728985177,4,0.4,0.55,0.5,True,15.351641043866081,15.218239728985177,10,0.5021745376465463,0.7470434895719598,0.33697546898240144,18649.0234746933
0,0,233,0.329973141913319,0.6939064888986032,0.36029065591993553,118.0672970806626,0.37550732393362507,0.7269172682156876,0.3276248448163976,0.13799360080120548,0.04757237444123122,0.0906651631587054,14.704402939784101,5,0.4,0.65,0.3,True,14.773664227124996,14.704402939784101,5,0.3683517400645802,0.735913967031033,0.3294066761956217,18649.0234746933
0,0,234,0.4305028398793406,0.7751743406856373,0.42495047543564585,140.16902836803575,0.4366671045985001,0.7338346800949379,0.4294173673636552,0.014318755065325879,0.05332950075996412,0.010511558843251199,15.773713471062429,6,0.4,0.7,0.4,True,15.773795073921844,15.773713471062429,0,0.43606648620383215,0.7330292601380807,0.4306221068330027,18649.0234746933
0,0,235,0.3203438620693156,0.764761288154904,0.40841250975109306,146.95881331788678,0.370010329400142,0.7508375383677875,0.33350342666218397,0.15504110804557775,0.01820666135011809,0.18341525124821084,14.40981981464607,5,0.4,0.65,0.3,True,14.560939127184906,14.40981981464607,6,0.3599137940839459,0.7608238479983549,0.33640676818680415,18649.0234746933
0,0,236,0.51463517088406,0.5370522070571484,0.4656656595979678,109.58274316767003,0.5064264729138663,0.5359781297001013,0.5080640039669306,0.015950518803626305,0.0019999496192980486,0.09104889633813115,16.162588256423323,10,0.5,0.65,0.5,True,17.329870249339816,16.162588256423323,1,0.5068214119009402,0.53,0.5,18649.0234746933
0,0,237,0.44831338581993435,0.8038685178656478,0.4693992448040891,152.53768230587727,0.47436366755263093,0.8618506043212606,0.4859666266645759,0.05810730296409152,0.07212881854057558,0.03529486262254519,15.790320000678474,12,0.5,0.85,0.5,True,15.790946613344614,15.790320000678474,0,0.4744393517748522,0.8619002808943276,0.48597055183879434,18649.0234746933
0,0,238,0.45042284939475263,0.8375190309850586,0.3995397471750513,108.33505309950695,0.5666862260055504,0.8308228732936392,0.26446629617467615,0.258120512240941,0.00799523048872529,0.33807262470233057,14.88169370886274,11,0.5,0.75,0.3,True,14.885989951189856,14.88169370886274,-1,0.5637552872943259,0.8287309276813114,0.26716230332360674,18649.0234746933
0,0,239,0.3502722062690421,0.7092464929639385,0.44907068036444,121.83395518462875,0.3679863282806528,0.6972567296029614,0.4520237071521755,0.050572445356982146,0.016904931472938197,0.006575861922980601,14.566076888158385,6,0.4,0.7,0.4,True,14.570045019306756,14.566076888158385,0,0.37025251420885186,0.7029724452599424,0.4431224521596813,18649.0234746933
0,0,240,0.3861867245372255,0.676337947051896,0.41494756386543846,125.39998545438425,0.38286416601210005,0.6537037927925398,0.44292475611735793,0.008603502694472359,0.03346574646301708,0.06742344018434115,15.242974181656532,6,0.4,0.7,0.4,True,15.243001372591976,15.242974181656532,-1,0.382835214423118,0.6537547010204919,0.4429541348129303,18649.0234746933
0,0,241,0.43554883906778286,0.7347389952304827,0.4748233062481482,99.15190381193581,0.5589461821171352,0.8040803498461465,0.3224263751615811,0.28331459524370006,0.09437549261137541,0.32095503544411674,15.434897667481977,11,0.5,0.75,0.3,True,15.436754918455376,15.434897667481977,-1,0.5564410230029205,0.8025032981779079,0.32481025531929947,18649.0234746933
0,0,242,0.4731622821148647,0.8237303788743358,0.4424320140054331,119.37035044915612,0.5096537336527884,0.9126297901355447,0.4280102717250821,0.07712248612636681,0.10792294850493912,0.03259651612863142,15.480676010142211,12,0.5,0.85,0.5,True,15.482202843537364,15.480676010142211,-1,0.5087893871279354,0.9119517047592152,0.4290177927885832,18649.0234746933
0,0,243,0.5154632464522646,0.5434869433879628,0.4605879937587271,131.3780390788744,0.516696687922529,0.5295131835043101,0.5007771051327901,0.002392879567561195,0.025711307426345385,0.0872560985493588,15.979278999521974,10,0.5,0.65,0.5,True,17.016413847740836,15.979278999521974,1,0.5155150730226552,0.53,0.5,18649.0234746933
0,0,244,0.3251776348669531,0.6505017912498109,0.37565452894778223,104.75283298805502,0.3639565182856383,0.685384686385737,0.337332505266958,0.1192544605183306,0.05362459505131496,0.1020140068274038,14.849117550409138,5,0.4,0.65,0.3,True,14.851140686258777,14.849117550409138,0,0.36399788801182886,0.686007651340533,0.337396160227546,18649.0234746933
0,0,245,0.4520887787197591,0.6884305168958222,0.44316096691638196,116.96481770024755,0.49202357243492356,0.9104897887095572,0.48166866746467446,0.0883339635817841,0.32255872795269824,0.08689325870966959,15.026537964656793,12,0.5,0.85,0.5,True,15.102477841147369,15.026537964656793,6,0.4992742097823423,0.9,0.4778480705109351,18649.0234746933
0,0,246,0.327932120498417,0.7865734660005176,0.4466090597602781,98.8840501482808,0.3575333635910839,0.9007452997463536,0.47085849750197284,0.09026637295449003,0.14515088377741048,0.05429678868294986,14.968718086618278,7,0.4,0.8,0.5,True,15.028277470587197,14.968718086618278,7,0.3622464806033076,0.9,0.4783469970292294,18649.0234746933
0,0,247,0.4147125715035996,0.69409814494514,0.48297519612416595,131.10878982885228,0.5983970854285675,0.8306815124481708,0.2669372514794364,0.44292005245703914,0.19677817682948287,0.4473065001648434,15.000974195454395,11,0.5,0.75,0.3,True,15.006608635534224,15.000974195454395,-1,0.5955170193866709,0.8285777953497302,0.26959370725964604,18649.0234746933
0,0,248,0.38137032793314796,0.8451246156902894,0.3647309402643175,139.14821486697693,0.37995498057356547,0.7060289508338532,0.4226604634534843,0.0037112152045310366,0.16458598208362946,0.15882810256564941,14.909457855011636,6,0.4,0.7,0.4,True,14.909460837178823,14.909457855011636,-1,0.37996225040039433,0.7060239029983989,0.4226350705479638,18649.0234746933
0,0,249,0.35629984196190617,0.6088670337585349,0.32914681206644014,145.05177298958372,0.3994510886952989,0.7409122738886693,0.3473833036133831,0.12110936254079571,0.21687040488137357,0.055405341563088926,14.537056803110906,6,0.4,0.7,0.4,True,14.537068648221924,14.537056803110906,-1,0.3994537715489039,0.7410757968587321,0.3474090311582867,18649.0234746933
0,0,250,0.35041218021195364,0.5326107724857062,0.3433196928925634,116.75183106188533,0.4065381232877693,0.7706720625107962,0.3100926071356346,0.16017121049236008,0.4469704751070894,0.09678176476560797,14.82543279920577,5,0.4,0.65,0.3,True,14.881941916078617,14.82543279920577,6,0.39661263234601096,0.761431555290423,0.3,18649.0234746933
0,0,251,0.31692752989101775,0.6010444225304983,0.4981724357818414,142.9333926141503,0.3683010286780304,0.694086900198355,0.4064907641172988,0.16209856810065856,0.15480133278024968,0.18403601861402796,14.22949523878315,6,0.4,0.7,0.4,True,14.232801729909829,14.22949523878315,0,0.3713228961281839,0.700072712016442,0.3976068262327115,18649.0234746933
0,0,252,0.3420903178753152,0.6126488168995977,0.4533653103789346,151.0523895853536,0.3818984092090087,0.6866405393137589,0.4238395806911271,0.11636719677112502,0.12077346821398843,0.06512569226597675,14.202935344974327,6,0.4,0.7,0.4,True,14.20297880241941,14.202935344974327,-1,0.38195770525642314,0.6866916278139749,0.423882265670777,18649.0234746933
0,0,253,0.3911563817056912,0.8114260697141225,0.32934385358472035,127.6080348134695,0.396797660685746,0.7389891008082148,0.39132769208063034,0.014422055331055098,0.08927118761593192,0.18820402391376428,14.403498565147897,6,0.4,0.7,0.4,True,14.404215191312938,14.403498565147897,0,0.3952971715878028,0.7364525419171932,0.3952753169665062,18649.0234746933
0,0,254,0.4424377049565529,0.8129148008312689,0.3557264550319948,119.60209445919214,0.4418617452206318,0.7544160004534223,0.3840632212388453,0.0013017871882723467,0.07196178531628039,0.07965886654199454,15.054144244175268,6,0.4,0.7,0.4,True,15.054153098088278,15.054144244175268,-1,0.4418684783781949,0.7544113375244959,0.38403983877495945,18649.0234746933
0,0,255,0.3958509507041184,0.5814574871824865,0.43518996919910546,128.5849672988433,0.383424748299085,0.5489467859544129,0.505061270505358,0.03139111421339353,0.055912430306139085,0.16055356568727674,15.717721820611246,4,0.4,0.55,0.5,True,15.718083498161404,15.717721820611246,-1,0.3832364913488004,0.5489251107735543,0.5051651617549593,18649.0234746933
0,0,256,0.42330426015581973,0.7548762920263619,0.42105174640516063,98.3222604578214,0.54050030940575,0.8136213167085556,0.28957137292097535,0.2768600750835581,0.07782073076437573,0.3122665434990672,15.483018112570129,11,0.5,0.75,0.3,True,15.493727289379741,15.483018112570129,0,0.53,0.8060882246173291,0.3,18649.0234746933
0,0,257,0.37974874819714005,0.6756850205201878,0.33766403723784066,138.7983489733331,0.3802589912684464,0.6641160605832472,0.4396123458093788,0.001343633320001063,0.017121823905514366,0.301922317240224,14.589484400537692,6,0.4,0.7,0.4,True,14.589664360941573,14.589484400537692,0,0.38053286934255864,0.6649289647692647,0.4383849366209808,18649.0234746933
0,0,258,0.45875499738223363,0.8047719614057239,0.30323276159873,99.83889220187494,0.6198887041771269,0.8472948821876408,0.18498392023361504,0.35124131118867585,0.05283847204075125,0.389960638625171,14.541997456451687,11,0.5,0.75,0.3,True,14.55334021803161,14.541997456451687,-1,0.6170504823784954,0.8447384961466119,0.18778035785775501,18649.0234746933
0,0,259,0.3679870581084259,0.7247289835095454,0.3154988836666645,151.70640498495948,0.40776932170127317,0.7679894083336413,0.29127139784586065,0.10810777910870326,0.05969186524679137,0.07679103500854552,14.654866315351107,5,0.4,0.65,0.3,True,14.750802961304592,14.654866315351107,5,0.4014495172541427,0.7586954061857896,0.3,18649.0234746933
0,0,260,0.42022737161463486,0.6157118310015103,0.31352155163846523,138.3036377426321,0.44987633681807326,0.76146869936891,0.3537912624290254,0.07055457879746986,0.23672903626086444,0.12844319817923353,15.178710110136306,6,0.4,0.7,0.4,True,15.180483919134234,15.178710110136306,0,0.45024980085706184,0.7606296974965029,0.3533652739157003,18649.0234746933
0,0,261,0.48806730748895183,0.7271595230276305,0.4268617608557317,104.3249947350283,0.5152186036695182,0.8974281713704187,0.47139919771421407,0.055630229199854775,0.2341558391944739,0.1043369093759956,15.416793655481133,12,0.5,0.85,0.5,True,15.431780769337083,15.416793655481133,6,0.5170495411434314,0.9,0.4718171330711751,18649.0234746933
0,0,262,0.43346399932575447,0.5949132482482364,0.40131370331623173,115.12536070636656,0.4392834132363441,0.6037998557777025,0.4194196073570181,0.013425368472679737,0.01493765276808552,0.045116585581726536,15.492031952503835,4,0.4,0.55,0.5,True,15.492063301105915,15.492031952503835,-1,0.43906467590882586,0.6034408690240164,0.41986725553848836,18649.0234746933
0,0,263,0.5195702039450001,0.7170236197034207,0.340472235869969,109.83151249402268,0.5079045031184543,0.7153415014865646,0.3801590552154645,0.022452597816368863,0.0023459732296570797,0.11656404007242589,15.167583435787279,4,0.4,0.55,0.5,True,15.301900028779587,15.167583435787279,10,0.4981509706990048,0.7250885030990192,0.37136902972262803,18649.0234746933
0,0,264,0.4326331889869483,0.8336207790193341,0.3674301352954605,150.2756077603637,0.42441379901242415,0.7378630571815042,0.41413501814405373,0.01899851926240479,0.114869643665167,0.12711228166148267,14.450514715111401,6,0.4,0.7,0.4,True,14.451251531554659,14.450514715111401,0,0.42304296032905375,0.7354855721869633,0.41878097059600317,18649.0234746933
0,0,265,0.3672123010740665,0.8581327923945604,0.44579421719558293,151.99917007579376,0.391388834434695,0.7097579833347112,0.4219972127453202,0.06583802691226331,0.172904252552591,0.053381142088306376,14.932245613174032,6,0.4,0.7,0.4,True,14.932271896280609,14.932245613174032,-1,0.39136469794438405,0.7097615808851846,0.42205659611502777,18649.0234746933
0,0,266,0.51709995590951,0.5893390063965035,0.4404137818486799,108.73483800958103,0.5095391152066369,0.631356373561879,0.5214372030098002,0.014621623182261918,0.07129575118791052,0.18397113010636632,16.19005637086466,10,0.5,0.65,0.5,True,16.195215890118153,16.19005637086466,-1,0.5115005720062461,0.633064940320307,0.5186849706918764,18649.0234746933
0,0,267,0.4460188703724461,0.6231862634387253,0.3921998931904178,118.29641992516015,0.43079653477026403,0.6443200331473063,0.47500786878218826,0.03412935329276699,0.03391244471912053,0.21113717017655118,15.30548806945135,4,0.4,0.55,0.5,True,15.331077215586408,15.30548806945135,5,0.4215398487407532,0.6511100840800197,0.4653146569494479,18649.0234746933
0,0,268,0.33018734546298284,0.7548267011028168,0.43518331604847094,148.71104200627045,0.35680828083073557,0.8814362824334439,0.49364441415411353,0.08062372993254882,0.1677333103686554,0.1343367173091056,15.498371881493494,7,0.4,0.8,0.5,True,15.498396419241303,15.498371881493494,-1,0.35676729288134107,0.8815219547680102,0.4934513013085602,18649.0234746933
0,0,269,0.46694238047390235,0.6003643798241409,0.42404169154954535,123.13126122084117,0.513953988778688,0.9200661859750023,0.506079276702213,0.10067967755908844,0.5325129486271465,0.19346584731535127,16.155484743051904,12,0.5,0.85,0.5,True,16.15745800033616,16.155484743051904,-1,0.5117374461045334,0.9173069657444023,0.5088540179768383,18649.0234746933
0,0,270,0.4637223416766017,0.6439040666389632,0.3242394197723255,113.97447010088298,0.5519588039238887,0.7738965004916001,0.29359638153931694,0.1902786523682804,0.20188167863447218,0.0945074422305761,14.93282148746997,11,0.5,0.75,0.3,True,14.935334468141036,14.93282148746997,-1,0.5491814660003884,0.7723248783451291,0.2961185637878911,18649.0234746933
0,0,271,0.5129857035942587,0.8128318962093557,0.3020038247920634,106.1833260741547,0.559983496941579,0.7912532844897741,0.27774102794302585,0.09161618543758253,0.0265474470431261,0.08033936942932109,14.504429294373969,11,0.5,0.75,0.3,True,14.507692381417593,14.504429294373969,-1,0.557148937607866,0.7894687775170953,0.28033300496114094,18649.0234746933
0,0,272,0.37834698931504585,0.8674125776286683,0.38068741105025516,105.11350603550433,0.4030895634146335,0.7537492683439445,0.37561238469079977,0.06539651377795089,0.13103719293010074,0.013331216667906652,14.922156265318627,6,0.4,0.7,0.4,True,14.93250998311279,14.922156265318627,0,0.3972272662229803,0.7449870908869773,0.3861733190903514,18649.0234746933
0,0,273,0.49804184950469194,0.8545099021407536,0.36034959508713515,115.94988151493638,0.601205888593738,0.843924958452063,0.27983071235977075,0.2071392980161082,0.012387151584987878,0.22344657472944948,15.542569608490096,11,0.5,0.75,0.3,True,15.548915349349654,15.542569608490096,-1,0.5983875811334587,0.8411634293902012,0.2826437452685683,18649.0234746933
0,0,274,0.47549955137100336,0.6277614502127626,0.45788448073623916,121.92749339661376,0.47504589026289507,0.6250416362741955,0.46958637693520117,0.000954072631194409,0.004332559665212512,0.025556437685213425,16.5004457323253,10,0.5,0.65,0.5,True,16.508117637652408,16.5004457323253,0,0.474879750207042,0.6254110254665899,0.4696081078581763,18649.0234746933
0,0,275,0.45303120285159604,0.8502819832680458,0.3058635226899593,115.30707766007114,0.4337845366693376,0.7487718814822333,0.38550691128023334,0.0424841954839108,0.11938404409753577,0.26038864618389,14.82664777635791,6,0.4,0.7,0.4,True,14.828933558324577,14.82664777635791,0,0.42876132859832095,0.7419316355865535,0.39515417980832956,18649.0234746933
0,0,276,0.4790495972295576,0.7459284507194883,0.3222617148497485,149.3852083476478,0.5972334006316852,0.8235532228191776,0.2418808378735415,0.24670473388477696,0.1040646351869486,0.24942732342153595,14.563815045598705,11,0.5,0.75,0.3,True,14.56819246426541,14.563815045598705,-1,0.5943374080803692,0.8214611897642602,0.2443635416268898,18649.0234746933
0,0,277,0.5211845903129578,0.5374052148645928,0.38713601650613433,115.55256389206549,0.5273026373594182,0.8520885298949756,0.5246571224381283,0.011738733569974935,0.5855605906423367,0.35522684552346456,16.825174925923065,12,0.5,0.85,0.5,True,16.825178738832694,16.825174925923065,-1,0.5273002747386565,0.8520727318144999,0.5246609242854045,18649.0234746933
0,0,278,0.5063883657410383,0.5472306843599299,0.4710063700525634,107.71673557961353,0.5148201901191966,0.5301784421120316,0.5019740785199394,0.016650904619065054,0.031160976047685578,0.06574796103908323,16.14986150777122,10,0.5,0.65,0.5,True,16.96603226504959,16.14986150777122,2,0.5149357122834229,0.53,0.5,18649.0234746933
0,0,279,0.3353602722822655,0.6974231965809906,0.358824935091255,128.71870760942244,0.36941125349978976,0.6923199123973576,0.34472839305955616,0.10153552472328709,0.007317342194310571,0.03928529110752539,14.61144875718333,5,0.4,0.65,0.3,True,14.61160934345308,14.61144875718333,0,0.36933079004082126,0.6923894469429649,0.34465091084136024,18649.0234746933
0,0,280,0.49623696049223526,0.8466369986972865,0.45314170531151315,95.76241255519722,0.5566759390160002,0.9236520996873416,0.4041380915067914,0.12179459277642955,0.09096590523277115,0.10814191947093924,15.749886386637279,12,0.5,0.85,0.5,True,15.753205324134347,15.749886386637279,-1,0.5540094784692482,0.9211527939713897,0.4069606169139848,18649.0234746933
0,0,281,0.3270921424662645,0.6494423372347103,0.47520075549144525,153.17996939523243,0.3712794765878836,0.688538480301562,0.38991390384124436,0.1350913959242431,0.06019956018469758,0.17947541258009692,14.902976667643927,6,0.4,0.7,0.4,True,14.903269533928363,14.902976667643927,0,0.3720680139384205,0.6900631381933428,0.38774402642683786,18649.0234746933
0,0,282,0.42888105810559696,0.8112212936309939,0.36586727679087655,144.8802062647363,0.4472303823362249,0.7601631982125442,0.36957570556737185,0.04278417963171058,0.06293978698453015,0.01013599469464161,15.599165291421713,6,0.4,0.7,0.4,True,15.599197161851045,15.599165291421713,-1,0.4471951882956126,0.7602248350693859,0.36952170761821673,18649.0234746933
0,0,283,0.4888325912515506,0.558315960986898,0.4925155315185643,115.2317465267845,0.5059939403061391,0.5321092953849884,0.5079480557445873,0.03510680212759659,0.046938772009286214,0.03133408641640237,16.271507897605552,10,0.5,0.65,0.5,True,16.58981666861274,16.271507897605552,1,0.5028774101753478,0.53,0.5,18649.0234746933
0,0,284,0.3539516713449036,0.7170117700439468,0.4244257020272726,94.79934972416359,0.38291522795593136,0.7400059769064761,0.35253158058469336,0.08182912797381489,0.03206949707550817,0.16939153566613993,15.50759307522053,6,0.4,0.7,0.4,True,15.507638508070306,15.50759307522053,-1,0.38293546886119667,0.7399742501627374,0.3524570998428189,18649.0234746933
0,0,285,0.3478699878780012,0.6546423601992597,0.34436746400399265,131.4430152719843,0.39502633401911963,0.7323045828286198,0.3165342993551535,0.1355573857600393,0.11863305424617081,0.08082402537458204,14.167651610618293,6,0.4,0.7,0.4,True,14.179853641540205,14.167651610618293,0,0.39072306643777144,0.7270553462830492,0.32643584595121844,18649.0234746933
0,0,286,0.3345581552868218,0.7933625616568424,0.39570449540757696,112.11284356082297,0.3766348594603285,0.7335388259213945,0.3736514520073472,0.1257679823629876,0.07540529214097673,0.05573109139817853,14.952237011484259,6,0.4,0.7,0.4,True,14.95226356472451,14.952237011484259,-1,0.3766622000469126,0.7335774862902857,0.3736226364981743,18649.0234746933
0,0,287,0.5211257969098527,0.8822338038437789,0.480078193326275,153.80069060075772,0.5239902652821954,0.864282190951593,0.5314470377803916,0.005496692716668903,0.020347908699454815,0.10700099518830852,15.97078374365625,12,0.5,0.85,0.5,True,15.970841971981452,15.97078374365625,-1,0.5240245651388664,0.8643236399633397,0.5313826747180047,18649.0234746933
0,0,288,0.3345973398570201,0.6526652902467663,0.32884211514857437,123.43441750914016,0.3770636165246552,0.7333553443807346,0.3300501427495583,0.12691755614608813,0.12363160005561215,0.0036735793419834014,15.345755501715638,5,0.4,0.65,0.3,True,15.378442838710233,15.345755501715638,5,0.3675434382082704,0.7294803443032422,0.3209286396866156,18649.0234746933
0,0,289,0.5135659082676385,0.7191603400060927,0.488845015564598,135.73042667766543,0.5067591816978151,0.6688416604169984,0.5340869458565162,0.013253852057243946,0.06996865203755258,0.09254861735608665,16.096348332586302,10,0.5,0.65,0.5,False,16.096348332586302,16.096348332586302,-1,nan,nan,nan,18649.0234746933
0,0,290,0.3270599107447085,0.7122444159928645,0.40384680592594235,110.3252008710757,0.35714643257556844,0.6945953869348944,0.3937077841495189,0.09199085807353624,0.024779455846442002,0.025106108622492736,14.582513580626202,5,0.4,0.65,0.3,True,14.70355215935523,14.582513580626202,5,0.3488539471631933,0.6842598742668715,0.38352289777514503,18649.0234746933
0,0,291,0.34376576706373696,0.5398595165647874,0.3787655921847317,117.51428761728621,0.39615024015334455,0.7223891185156441,0.4032343242966621,0.15238420491094182,0.3381057411237684,0.06460125369570661,14.875034596631872,6,0.4,0.7,0.4,True,14.875335963726704,14.875034596631872,0,0.39491313817099893,0.7201853562117354,0.406623805067976,18649.0234746933
0,0,292,0.3214483621547403,0.6170651672190641,0.45762127875969577,132.34971136435425,0.3630123124734161,0.672375653929658,0.4032309592852986,0.12930210637896336,0.08963475763809911,0.1188544370616087,14.918176131366577,6,0.4,0.7,0.4,True,14.919439862242868,14.918176131366577,0,0.3644658452752614,0.6751843281218014,0.3985074578509216,18649.0234746933
0,0,293,0.5238693918803434,0.8381947170963984,0.42628583926645613,105.40575605944852,0.5828063787699015,0.935808473514592,0.38487547160909474,0.11250320748462397,0.11645713630400668,0.0971422548978392,15.608410604964538,12,0.5,0.85,0.5,True,15.611346144934476,15.608410604964538,-1,0.5800193794240666,0.9334402357026943,0.3875715645498824,18649.0234746933
0,0,294,0.4941396891398534,0.6820448740506405,0.30568130298012414,153.2650255456472,0.57156422013986,0.7796367668444508,0.27965470856440383,0.15668551363437144,0.14308720218688176,0.08514290590227101,15.357197627668121,11,0.5,0.75,0.3,True,15.36179785935731,15.357197627668121,-1,0.5687639242441666,0.7787599675587478,0.28239786875176415,18649.0234746933
0,0,295,0.515648904858947,0.6467280841445219,0.39868667427167614,110.7983505117164,0.4877840956626076,0.6439400119832809,0.4748062013326504,0.05403833680973617,0.00431104235241152,0.19092568669376767,16.44990069143364,10,0.5,0.65,0.5,True,16.449907491402524,16.44990069143364,-1,0.4877922708043153,0.6438803208472833,0.4748688635549765,18649.0234746933
0,0,296,0.4770224611993524,0.8774287198362093,0.4217406829944983,132.1058888135201,0.6019143942484537,0.8348755181519403,0.2757169182876397,0.26181562338824077,0.04849761664082807,0.34624064169015323,15.729578113682072,11,0.5,0.75,0.3,True,15.737037518039033,15.729578113682072,-1,0.5989658096056419,0.832388837466994,0.2784935607161779,18649.0234746933
0,0,297,0.3653338088795916,0.6276733542061759,0.3762788709250004,129.30365793626504,0.3877458551437254,0.6873126461795559,0.4065984057879035,0.06134676211015678,0.09501644696835407,0.08057729839671594,15.296761039491162,6,0.4,0.7,0.4,True,15.296769350257485,15.296761039491162,-1,0.38772903979267637,0.6872992977644011,0.4065664108677931,18649.0234746933
0,0,298,0.47106102108174175,0.549225426720238,0.4122926839855594,154.13241696800122,0.49805114760598257,0.8419954882717754,0.5395162698516638,0.05729645484625506,0.5330599191298317,0.3085758996164007,16.903848413533428,12,0.5,0.85,0.5,True,16.903856692686123,16.903848413533428,-1,0.498046974387772,0.842050816226127,0.5394532776802344,18649.0234746933
0,0,299,0.36267157046870063,0.6807374044081026,0.30864752768790327,143.3061500965042,0.3988443256924923,0.7054403562386871,0.3637163795527369,0.09973970437507299,0.03628851840756943,0.17841987032054857,14.648663736535108,6,0.4,0.7,0.4,True,14.648708521282582,14.648663736535108,-1,0.3987988259704335,0.7052699005786686,0.3640821636823654,18649.0234746933
