repeat_idx,seed,signal_idx,true_gamma,true_kappa,true_zeta,known_Qr,estimated_gamma,estimated_kappa,estimated_zeta,relerr_gamma,relerr_kappa,relerr_zeta,signal_loss,multistart_index,multistart_init_gamma,multistart_init_kappa,multistart_init_zeta,hard_refined,loss_before_hard_refinement,loss_after_hard_refinement,hard_multistart_index,hard_multistart_init_gamma,hard_multistart_init_kappa,hard_multistart_init_zeta,elapsed_seconds_repeat
0,0,0,0.45089891602482685,0.628274283386174,0.3081947047872389,94.78297722053307,0.5241570731102781,0.8728071198133013,0.5337206755503713,0.16247135329422183,0.38921350577837227,0.7317645866719981,17.18929462346994,12,0.5,0.85,0.5,True,17.192900610814547,17.18929462346994,-1,0.5246781385252742,0.8746799376239971,0.5326399352352865,19293.38550209999
0,0,1,0.4881000204712574,0.8565282299335912,0.42132715515343605,139.34353506149992,0.5284797112080527,0.8371167901715039,0.52719335671327,0.08272831190994212,0.02266293051846334,0.2512684033415322,16.080534644319595,12,0.5,0.85,0.5,True,16.080552184521324,16.080534644319595,-1,0.5284114284586209,0.837015655327991,0.5272888237614127,19293.38550209999
0,0,2,0.43120487319920425,0.8644507104446577,0.4631707108243065,93.92115626063426,0.4907965565493701,0.8320003604871018,0.5653686010791585,0.1381980748687787,0.03753869314407069,0.2206484301932005,16.5020468966555,12,0.5,0.85,0.5,True,16.502319986632056,16.5020468966555,-1,0.49077763548277864,0.8318213077385886,0.5655465320665555,19293.38550209999
0,0,3,0.4974123023599772,0.5444228792334398,0.4459310892859888,104.72847628765994,0.5039046738130638,0.5312235815725262,0.5012151661585459,0.013052293685305943,0.024244568265570445,0.12397448440088864,19.51356709861755,10,0.5,0.65,0.5,True,19.8158918461839,19.51356709861755,1,0.5037698256334289,0.53,0.5,19293.38550209999
0,0,4,0.49863075261582607,0.7247187331884276,0.359942378107477,120.16795132485365,0.517096782087807,0.6466671947642071,0.4981221711966817,0.037033474921287474,0.10769907668983499,0.383894204999515,16.88967400697224,12,0.5,0.85,0.5,True,17.023184306984227,16.88967400697224,1,0.5197203647154761,0.6429862403585456,0.5,19293.38550209999
0,0,5,0.3224754506116927,0.5766205631573451,0.4341248829387261,134.19934447339062,0.5402346535907547,0.8987831362734667,0.37730347026067895,0.6752737380969684,0.5587080893405663,0.1308872513674069,16.11956787925779,12,0.5,0.85,0.5,True,16.12981951056348,16.11956787925779,10,0.53,0.9,0.3865802359153906,19293.38550209999
0,0,6,0.44634625852254456,0.6687055317629687,0.49944198715784227,155.05220867351437,0.5007169640252643,0.6605768418557871,0.5332019785814623,0.12181284028837347,0.012155858626967121,0.06759542107330006,16.855372542190743,10,0.5,0.65,0.5,False,16.855372542190743,16.855372542190743,-1,nan,nan,nan,19293.38550209999
0,0,7,0.4611493587254266,0.7634130430750747,0.437689346114188,118.05758899869397,0.4897349940783932,0.8086368076102732,0.5741556168423075,0.0619878024594344,0.0592389204578355,0.31178796545922105,17.95637939945049,12,0.5,0.85,0.5,True,17.957080186154,17.95637939945049,-1,0.48979004195379705,0.8087488021741189,0.5743425157287301,19293.38550209999
0,0,8,0.3450053625597288,0.788628360768899,0.4050708644951452,113.14011722243472,0.3898597580559767,0.8209892143950377,0.4553144391726763,0.13001071972753042,0.04103435183916978,0.12403650590903774,15.832596111807755,7,0.4,0.8,0.5,True,15.832635537631782,15.832596111807755,-1,0.3899128186851832,0.8211207197151978,0.4549184868485064,19293.38550209999
0,0,9,0.41901126071350747,0.8482681811938951,0.48680870319124997,116.1121997943169,0.5231193596702923,0.8883286659956275,0.5400984362365497,0.24846133915233168,0.047226202384898226,0.10946750272943274,16.51071421059339,12,0.5,0.85,0.5,True,16.513038091645193,16.51071421059339,-1,0.5246050084754033,0.8905651703387092,0.5377257123549005,19293.38550209999
0,0,10,0.4244943628117542,0.869914612195707,0.3288319225439268,153.04059044607774,0.5265944387694469,0.8545372164884428,0.5303821908895553,0.2405216297370948,0.01767690241281366,0.61292792617695,15.822177684823103,12,0.5,0.85,0.5,False,15.822177684823103,15.822177684823103,-1,nan,nan,nan,19293.38550209999
0,0,11,0.3822964363742124,0.6827808893852644,0.46554051876408836,119.32494602307258,0.525953388754459,0.8488465261025419,0.5244866317588309,0.3757737156608684,0.24321951492636704,0.12661865212341136,16.11870729997509,12,0.5,0.85,0.5,True,16.118753811452862,16.11870729997509,-1,0.5259550049848908,0.8488545488174776,0.5245000759695592,19293.38550209999
0,0,12,0.43246426809901556,0.5422834852012892,0.4507026217349614,127.3839570762049,0.5246403034528653,0.6977250030947353,0.4994317400752184,0.21314139029110585,0.28664254423264984,0.10811811600446487,18.642948032730153,12,0.5,0.85,0.5,True,18.649365019319678,18.642948032730153,2,0.524735893759983,0.6915562533654159,0.5,19293.38550209999
0,0,13,0.3860733921813085,0.8123921897170834,0.36063896585832905,122.09361809254071,0.5073560200253839,0.8795051048762956,0.47630522137927667,0.3141439692562871,0.08261147264670825,0.32072589617613634,15.940340671352242,12,0.5,0.85,0.5,True,15.940674894949659,15.940340671352242,0,0.507172170164254,0.8796111887033554,0.4761773306309682,19293.38550209999
0,0,14,0.34478279811915175,0.6756051101887308,0.34069104813522993,110.1445837776156,0.5260950263909018,0.879129534742077,0.4961015435735357,0.525873765341075,0.30124760971167236,0.45616254459559186,16.066664508098214,12,0.5,0.85,0.5,True,16.066766026577028,16.066664508098214,-1,0.5259512184287978,0.8790527977604041,0.49606835452792003,19293.38550209999
0,0,15,0.474826945924941,0.6320451090850442,0.3970381948863271,155.0460749875774,0.5119559812681248,0.5489509622041372,0.5068791288264386,0.0781948784959079,0.13146869691183125,0.2766507992299311,16.745865920219288,10,0.5,0.65,0.5,True,17.0994776028744,16.745865920219288,3,0.5099574335923179,0.5474965647273035,0.5,19293.38550209999
0,0,16,0.5194096678630591,0.7898004289746045,0.4082453711094869,111.05570025283568,0.5298854062172724,0.7503310284388509,0.5001268595617707,0.020168547107165584,0.04997389098281011,0.22506437293478151,17.04497381316142,12,0.5,0.85,0.5,True,17.188467465913313,17.04497381316142,3,0.53,0.744755557412129,0.5,19293.38550209999
0,0,17,0.35039757385155174,0.876823521691727,0.40321371710957576,100.99160077942315,0.3896397117874224,0.8572981263816701,0.41324349805141375,0.1119931782190246,0.022268329745973148,0.02487460251535126,15.008918612125266,7,0.4,0.8,0.5,True,15.00901143272531,15.008918612125266,-1,0.3896927432502222,0.857493343069244,0.4132780408706187,19293.38550209999
0,0,18,0.4480563384184125,0.8082225055915158,0.42260066021060805,151.0811065494314,0.534526574239417,0.8543660809256043,0.5263319226650721,0.19298964975305216,0.05709266323921198,0.24545930051971135,16.721827661899106,12,0.5,0.85,0.5,True,16.73197874677593,16.721827661899106,-1,0.5352485193273957,0.8564721172678841,0.5282718993623996,19293.38550209999
0,0,19,0.3248540969761468,0.7201491884573076,0.39186717657708076,97.64684869686722,0.4053507848171394,0.7344339517255638,0.5709312894598314,0.24779335889645013,0.019835838875076464,0.45695103745829685,14.865670020995598,7,0.4,0.8,0.5,True,14.866281703389582,14.865670020995598,-1,0.4056389313189557,0.7349670870142231,0.5692969660123844,19293.38550209999
0,0,20,0.37170016032660574,0.6384643559120138,0.46284514811885613,99.49474638344356,0.513902874543308,0.8784115663592291,0.4818107242614065,0.38257372310991594,0.3758192735825683,0.04097607206131949,16.841943145414593,12,0.5,0.85,0.5,True,16.842013464517564,16.841943145414593,-1,0.5138262751601861,0.8782557379897258,0.4820665799513836,19293.38550209999
0,0,21,0.44312121097875296,0.791138987018187,0.3375802146733207,97.19666420831678,0.7276663624614512,0.9118762039066,0.10217042041142815,0.6421384136728716,0.1526118910451792,0.6973447614212245,14.570735287262384,11,0.5,0.75,0.3,True,14.666610230302698,14.570735287262384,-1,0.7248764947095879,0.9091423158222132,0.10496083717988214,19293.38550209999
0,0,22,0.374518536628174,0.7658887202808353,0.4124531325560856,103.1288914565835,0.40209054192971383,0.7805191426372392,0.5166067094057065,0.07361986819069942,0.019102543188048538,0.2525222107155606,16.912453039842852,7,0.4,0.8,0.5,True,16.91433489837119,16.912453039842852,-1,0.4013046329580844,0.782848679121748,0.5167235052963538,19293.38550209999
0,0,23,0.40778509685981007,0.7701005409939545,0.3845569346540256,133.32402495463228,0.5113559948795304,0.8604799092181802,0.5153368432563531,0.2539840195663805,0.11736047881173368,0.3400794442050208,16.004584533384808,12,0.5,0.85,0.5,True,16.004698590993552,16.004584533384808,-1,0.5113286733669952,0.86049228657973,0.5152370076049607,19293.38550209999
0,0,24,0.5206289859761658,0.774988011919917,0.37832496661600523,105.45328560750613,0.5100400460157245,0.5402692540520401,0.5026603365592547,0.020338744567952385,0.3028675982824512,0.32864701226405757,16.71907546656961,10,0.5,0.65,0.5,True,16.832913562807637,16.71907546656961,3,0.5096835569874595,0.5403278657301301,0.5,19293.38550209999
0,0,25,0.3894977004356357,0.7139284206171999,0.47824188190011585,142.22274640454307,0.5281446915245668,0.8605527562114468,0.529320946042811,0.35596356777937493,0.20537680159516328,0.10680591992435191,15.951413261737606,12,0.5,0.85,0.5,True,15.952199668810346,15.951413261737606,-1,0.5276899501347543,0.8597886671026842,0.5300751585922873,19293.38550209999
0,0,26,0.383628932729844,0.8605969982599225,0.3941819770831515,137.10992763763937,0.45529777408003125,0.8854880190753877,0.37066052216998574,0.18681813397181202,0.02892296959644681,0.059671563594101064,15.797677966613072,12,0.5,0.85,0.5,True,15.801430695113169,15.797677966613072,4,0.44712475677619845,0.8828396907933529,0.3770534321734126,19293.38550209999
0,0,27,0.33912074208370707,0.5696129632436941,0.3403814895058901,149.02810460551837,0.5200104223165426,0.8977522950195976,0.4800149728522291,0.5334078921901673,0.5760741994130453,0.4102264302005258,15.84059863685009,12,0.5,0.85,0.5,True,15.842347026271193,15.84059863685009,6,0.5210740598579857,0.9,0.4839330461084905,19293.38550209999
0,0,28,0.45994021837324717,0.8339788948831243,0.42888725384110354,119.15889985472103,0.5349896658759279,0.851333237612979,0.524026109425221,0.163172178697748,0.020809091016969653,0.22182719288590702,16.84341831323209,12,0.5,0.85,0.5,True,16.8457616506378,16.84341831323209,-1,0.5333784130710809,0.8490381123347683,0.5265380588538905,19293.38550209999
0,0,29,0.4254979989603743,0.7431724488033467,0.4724235969815256,121.13663538494532,0.5192972422340123,0.8425166329760405,0.5473303601217656,0.22044579176122822,0.13367581687488211,0.15855847086988184,16.078927796743585,12,0.5,0.85,0.5,True,16.088434004971507,16.078927796743585,-1,0.5195129512461504,0.8425297207113065,0.5474818122490781,19293.38550209999
0,0,30,0.33457197426730473,0.6165677298416153,0.46025489304127937,130.135127254023,0.5403292364299848,0.9040535072509815,0.3704449425132222,0.6149865439664448,0.46626795969879237,0.1951308978696774,16.465610313795803,12,0.5,0.85,0.5,True,16.47460355288692,16.465610313795803,10,0.53,0.9,0.3804987804921984,19293.38550209999
0,0,31,0.33636114351272417,0.6862600637839481,0.3958102596281668,103.73368216481741,0.540354662777299,0.9103239507595987,0.3598722337701912,0.6064717141052829,0.3264999652466904,0.09079609480496191,15.827072687330457,12,0.5,0.85,0.5,True,15.905502349054027,15.827072687330457,10,0.53,0.9,0.3703419676284393,19293.38550209999
0,0,32,0.4714957789473443,0.5728535670720982,0.3782456380991324,126.04626141383524,0.5072245602868696,0.5370065679509741,0.5077476867009824,0.07577752110377939,0.06257619954143093,0.3423755241505506,17.124748553509747,10,0.5,0.65,0.5,True,17.730130844552136,17.124748553509747,2,0.5090594572544228,0.53,0.5,19293.38550209999
0,0,33,0.4073625123073915,0.7408134928605399,0.4475675574584321,153.51670342725615,0.494763124304195,0.8146138675846508,0.5682190242375282,0.2145524179477072,0.09962072159234289,0.2695715200275697,17.426150704368876,12,0.5,0.85,0.5,True,17.426727036856985,17.426150704368876,-1,0.49467005635631117,0.8147659115774654,0.5678276998259502,19293.38550209999
0,0,34,0.37646644555099495,0.7627342585133379,0.4392431993340311,112.04504681328045,0.5238597266947597,0.8648130617451439,0.5278991380380148,0.3915177113010442,0.1338327236418751,0.20183793132916225,15.326657058515767,12,0.5,0.85,0.5,True,15.326835860079445,15.326657058515767,-1,0.524036287001096,0.8650598888676578,0.5276031547416963,19293.38550209999
0,0,35,0.31681440762036445,0.8780783975420764,0.35968024460337517,113.37412512714604,0.34839608399254046,0.8609440401415501,0.4049774393074557,0.09968510147436231,0.019513471061910745,0.12593739963124875,15.60327926445638,7,0.4,0.8,0.5,True,15.605061208985333,15.60327926445638,0,0.35016090850009396,0.860248952805261,0.4070543059601428,19293.38550209999
0,0,36,0.5046510358639281,0.7402328436612724,0.3942619330363663,142.079813103051,0.5228788120434273,0.7143110418193581,0.5031588762027582,0.03611956556929387,0.035018443269420774,0.27620455854749587,17.19288831445762,12,0.5,0.85,0.5,True,17.344330266790312,17.19288831445762,2,0.5234246529903911,0.7046229169556083,0.5,19293.38550209999
0,0,37,0.3229030076167814,0.7834726089577462,0.37484876669569417,99.42829459401611,0.3961564137389932,0.7805095399870705,0.490501318536049,0.22685885356988775,0.0037819688101380284,0.30853123210151223,15.056630203081621,7,0.4,0.8,0.5,True,15.056842363587876,15.056630203081621,0,0.3960476688523867,0.7807061385169691,0.49034489011256027,19293.38550209999
0,0,38,0.4558655142272858,0.8631696684331808,0.3414382336162003,133.13063748658394,0.5271957368772081,0.9062724195444194,0.4162617860434236,0.15647207438103874,0.04993543296010206,0.21914227834053895,16.7744827898778,12,0.5,0.85,0.5,True,16.823907325873222,16.7744827898778,10,0.53,0.9,0.4219609432021508,19293.38550209999
0,0,39,0.3794124121287166,0.7958236214246122,0.4444329616284235,107.41971403555029,0.5282866442748275,0.8867614876274059,0.4681128420782239,0.3923810275758847,0.1142688703308466,0.05328110760065185,16.353412468510037,12,0.5,0.85,0.5,True,16.35510428374875,16.353412468510037,0,0.5242518742116917,0.8849454848410736,0.4696692881308449,19293.38550209999
0,0,40,0.5154848382757695,0.7140212812490982,0.4952487411415408,98.80225149347513,0.5085322367781976,0.5367060110226024,0.5079375360977538,0.013487499498195697,0.24833331286191238,0.025621054436131472,17.635697065618775,10,0.5,0.65,0.5,True,18.042398232382546,17.635697065618775,3,0.5095613181717259,0.53,0.5,19293.38550209999
0,0,41,0.4446520805509512,0.6661527374539318,0.46038024139716144,104.65798850900178,0.52495897199748,0.68755118807076,0.49553781267566444,0.18060612995900896,0.03212243891485628,0.07636637743576231,17.47370494020584,12,0.5,0.85,0.5,True,17.526581576829535,17.47370494020584,2,0.5272867273981431,0.682747617548513,0.5,19293.38550209999
0,0,42,0.5004150428535955,0.7255991972710418,0.4804430159431977,123.57209523995039,0.5137220771819021,0.5294406801130634,0.5031251206168263,0.026591995021620057,0.27034004157629316,0.04721081152381725,16.64326626720291,10,0.5,0.65,0.5,True,17.67685740159944,16.64326626720291,2,0.5128779796273033,0.53,0.5,19293.38550209999
0,0,43,0.40733471460090614,0.812576084728237,0.4968305999862243,116.85786204077681,0.5183394438773923,0.879634756894067,0.502280473589908,0.27251477789032813,0.08252602239488452,0.010969279275138886,17.495561930498486,12,0.5,0.85,0.5,True,17.49681031229324,17.495561930498486,-1,0.51831364272173,0.8796915030246663,0.5023348092509166,19293.38550209999
0,0,44,0.5209448354257254,0.8623043676567238,0.33553851715239624,131.80322605278423,0.5327216832827174,0.7774230893167856,0.4999348244835699,0.022606708150523666,0.09843540346501958,0.48994764811608044,17.18264781278983,12,0.5,0.85,0.5,True,17.21959464216386,17.18264781278983,4,0.53,0.781026916723472,0.5,19293.38550209999
0,0,45,0.4652264613141607,0.8671953060908543,0.4331314833931507,102.08723471573082,0.47546362037325446,0.8977564275308598,0.4702814651290066,0.02200467924841613,0.03524133632338149,0.08577067971328944,17.84097236584746,12,0.5,0.85,0.5,True,17.849003099359003,17.84097236584746,8,0.48133004924369316,0.9,0.474892302099744,19293.38550209999
0,0,46,0.421550063343714,0.7077350410544208,0.4000452378697492,153.66139288182796,0.52597997761315,0.713755162556935,0.4988473699340163,0.24772837997248331,0.008506179789466415,0.24697739833222582,16.848157363434062,12,0.5,0.85,0.5,True,17.30194157676563,16.848157363434062,2,0.5245110709572037,0.7080660889164946,0.5,19293.38550209999
0,0,47,0.39033679136249577,0.6119387571062667,0.4044174004422896,133.82318274781426,0.5280683007452093,0.8560175547107143,0.5292631615266661,0.352853003945523,0.3988614788163547,0.3087052163132432,17.141158503806828,12,0.5,0.85,0.5,True,17.14137100684583,17.141158503806828,-1,0.5280846949691593,0.8559866054087405,0.5291961930950996,19293.38550209999
0,0,48,0.5146515882724658,0.7391156092297012,0.3535666780583177,151.86091845675418,0.48467649185172185,0.7949577334272324,0.5968475706343589,0.0582434740391292,0.07555262465060006,0.6880764157755673,17.468370284850185,12,0.5,0.85,0.5,True,17.483297822743882,17.468370284850185,-1,0.48523116290462326,0.7973667543977386,0.5967365071622689,19293.38550209999
0,0,49,0.4202540350532325,0.7724093070514017,0.3952077820950804,107.3112516513747,0.4981974750627425,0.846882595402766,0.4775554391476168,0.18546743994888015,0.09641687078533398,0.20836547452581516,16.913380104669407,12,0.5,0.85,0.5,True,16.913607635684073,16.913380104669407,0,0.4984669279863663,0.846786239944645,0.4789146810154729,19293.38550209999
0,0,50,0.4863556169102752,0.8193189803564552,0.4030651122084284,111.61258625550884,0.530309625951432,0.7494969818062963,0.5002804940025375,0.09037421901362698,0.08521955456198751,0.24119026640995464,17.148883107666258,12,0.5,0.85,0.5,True,17.35118989882502,17.148883107666258,3,0.5245858400984503,0.7540701481305215,0.5,19293.38550209999
0,0,51,0.3278793782025295,0.668595952678859,0.38169464108399975,96.57969961890282,0.3393177348786256,0.6599864593505336,0.4114539166026321,0.0348858679030149,0.012876974941038441,0.07796618635807148,15.847832577439236,6,0.4,0.7,0.4,True,15.848801905204457,15.847832577439236,-1,0.3392429806017294,0.6600172487222968,0.41153521957224753,19293.38550209999
0,0,52,0.3267878769634324,0.8872075208481004,0.4304738223175976,108.406887604364,0.34121183487651596,0.8219878709723738,0.4743478322041342,0.044138595492321714,0.07351115533080892,0.10192027392124886,15.091293003274732,2,0.3,0.75,0.5,True,15.091581707112496,15.091293003274732,0,0.341376283144015,0.8217741378168046,0.47447330468518134,19293.38550209999
0,0,53,0.408273933519505,0.8783360986070355,0.47953552162170976,146.5144398505463,0.5103686119116183,0.8485692193680336,0.574022127609881,0.25006416038371904,0.03389007839505808,0.19703776201736464,17.034471861291212,12,0.5,0.85,0.5,True,17.039222325491924,17.034471861291212,-1,0.509291197684591,0.8472446165915948,0.5765167037639511,19293.38550209999
0,0,54,0.3992973841746382,0.7075231716497686,0.43533787036621324,97.5501695598785,0.5426096654337352,0.8755150317511243,0.47081101248471136,0.35891114477328356,0.23743654884071191,0.08148416329748095,15.97533474146077,12,0.5,0.85,0.5,True,15.975399296687442,15.97533474146077,-1,0.5426285576181077,0.8756128300991837,0.4708531429653833,19293.38550209999
0,0,55,0.4337307806702726,0.6288653196081859,0.4759302346669845,97.76340233201195,0.530236505283725,0.7348562319979113,0.4965087928722836,0.22250144309406816,0.1685431030856701,0.043238602438649985,17.66033092096972,12,0.5,0.85,0.5,True,17.687234672628016,17.66033092096972,3,0.5289740960270597,0.741534055988149,0.5,19293.38550209999
0,0,56,0.45980730346750803,0.8413814183262636,0.3454637050321816,149.71551496338287,0.4855259810690613,0.8057583505408928,0.571576950706038,0.055933599591835685,0.04233878596491314,0.6545209883996145,17.249289812437002,12,0.5,0.85,0.5,True,17.251050031153156,17.249289812437002,-1,0.48558824229835484,0.8057934570355713,0.5717853275149068,19293.38550209999
0,0,57,0.5005332437531347,0.5390736122729248,0.44149911346743553,93.82498022417678,0.5175616884867871,0.5322488024543569,0.500603593491191,0.03402060691507416,0.012660255785461495,0.13387225074941161,17.6981404187162,10,0.5,0.65,0.5,True,19.251249925540392,17.6981404187162,1,0.5184585683350041,0.53,0.5,19293.38550209999
0,0,58,0.4227097967318232,0.6875168035223567,0.340650567222913,114.05891528597537,0.5362453870713212,0.7241453795032655,0.48424883845364897,0.26858991965007045,0.05327662653952539,0.42154126558893695,16.52464651425914,12,0.5,0.85,0.5,True,17.01126153516569,16.52464651425914,2,0.53,0.7213112295133461,0.4843313820385946,19293.38550209999
0,0,59,0.48661143484670616,0.644840491028594,0.32980771670671116,137.40699939489443,0.5268162560352627,0.7160833809931533,0.49960442599978266,0.08262202305464114,0.11048141510301064,0.5148354653086149,17.562493942000103,12,0.5,0.85,0.5,True,17.68520404121559,17.562493942000103,2,0.5280525587019027,0.7154898626742455,0.5,19293.38550209999
0,0,60,0.43005267816058,0.6543611587837351,0.3738134479590757,117.15604784924265,0.42527210355992384,0.5499565855733045,0.4948615362522901,0.011116253527599531,0.15955191075901876,0.3238195119894845,16.882471755048734,4,0.4,0.55,0.5,True,16.88248612219323,16.882471755048734,-1,0.4251276841742957,0.5498866494949155,0.4948577643306612,19293.38550209999
0,0,61,0.5248508929293444,0.7571284767755369,0.43486478610089874,114.37271596159115,0.5115574601618919,0.5338181331206862,0.5051164235120508,0.025328017817132887,0.2949437915819599,0.16154823213221045,17.696539506601237,10,0.5,0.65,0.5,True,18.208492107558797,17.696539506601237,2,0.5112194494402361,0.53,0.5,19293.38550209999
0,0,62,0.4599626265056087,0.5761551930849524,0.31034584639675505,146.8869591755492,0.5300957531627356,0.7430026346234802,0.5000612088591939,0.15247570697197005,0.2895876728024675,0.6113030500169843,16.969468044188694,12,0.5,0.85,0.5,True,17.03024202991429,16.969468044188694,3,0.5295351697509519,0.7443177530254634,0.5,19293.38550209999
0,0,63,0.3183770149679767,0.8799624845757804,0.4654006051638107,142.8256849578982,0.3261482634618624,0.8479767888920879,0.49493584912784283,0.024408949542627373,0.03634893105597837,0.06346198014425952,14.700581485171796,2,0.3,0.75,0.5,True,14.7151374640621,14.700581485171796,6,0.3180293351615595,0.8534129921703885,0.5,19293.38550209999
0,0,64,0.32664561575753726,0.6061409395034759,0.4699731262190424,120.78092572843943,0.346962240125646,0.6168212342737975,0.5101641119448965,0.06219775618598662,0.017620150816855314,0.08551762533571361,15.710913157585424,7,0.4,0.8,0.5,True,15.725570067761268,15.710913157585424,9,0.35709837144143436,0.6274599049713503,0.5,19293.38550209999
0,0,65,0.4488957340113485,0.5759102515778921,0.3372672637355659,124.8292445463421,0.49344611679332423,0.566144092060146,0.40560570246309696,0.09924438885589727,0.016957780298212294,0.2026239901572888,17.9740993689575,9,0.5,0.55,0.4,True,17.974121279463994,17.9740993689575,-1,0.49344291199930723,0.5661184992722118,0.40555494391737085,19293.38550209999
0,0,66,0.47674744770951266,0.7241493075422748,0.3213760157138085,147.88662990717975,0.5108020859220751,0.5339452898412834,0.5044534982954245,0.07143119145403856,0.2626585646357019,0.5696675346944683,16.56282177861293,10,0.5,0.65,0.5,True,17.358731991041726,16.56282177861293,2,0.5110773429367785,0.53,0.5,19293.38550209999
0,0,67,0.34596802992014547,0.6885785039168628,0.41736989468889285,113.69684389977556,0.40490797614827284,0.8564899380903879,0.49279862187275336,0.1703624067279615,0.2438522742409023,0.18072392892660602,16.139444356256284,7,0.4,0.8,0.5,True,16.188063694175344,16.139444356256284,5,0.41230882426046106,0.8482476022247266,0.4841867901204253,19293.38550209999
0,0,68,0.4047094290015008,0.8473723942434507,0.39082714031722543,127.4529445315753,0.5195822139746312,0.8689807459676433,0.47679371674583815,0.2838401498491018,0.02550041973397652,0.21996061061377575,16.192165743711207,12,0.5,0.85,0.5,True,16.192184062483314,16.192165743711207,-1,0.519466962614309,0.8688743256073332,0.47687950532700346,19293.38550209999
0,0,69,0.5212732111017111,0.6304740134339264,0.4789580375775569,116.3659700892978,0.5139486359013119,0.5290742142450782,0.504180273942688,0.014051317129684653,0.16083105255451566,0.05266063910880076,17.275322731890867,10,0.5,0.65,0.5,True,18.658221498981227,17.275322731890867,3,0.5135146956698609,0.53,0.5,19293.38550209999
0,0,70,0.44839514345358467,0.8510108993441993,0.45513713804903877,107.82544937441199,0.5075679616976095,0.836570640728197,0.57658185516724,0.13196578756020827,0.01696835919155695,0.2668310427023782,17.10174235662379,12,0.5,0.85,0.5,True,17.123783829422194,17.10174235662379,-1,0.508345754359506,0.8359947419717356,0.577894810623811,19293.38550209999
0,0,71,0.37983508611626854,0.842611473115673,0.30105306091311496,145.0767761489229,0.5078128970484314,0.906616217340334,0.2930380644826779,0.3369299351481934,0.07595997237967178,0.026623201923697527,15.772012342997494,8,0.4,0.9,0.3,True,15.84814602607317,15.772012342997494,10,0.49835589139134373,0.9,0.3,19293.38550209999
0,0,72,0.48468164946668174,0.6986169082595208,0.36060648536386275,111.15160075629834,0.5163923717586177,0.840263660917935,0.5458995985940904,0.06542587763912419,0.20275311259113635,0.5138374398432168,17.306548505929488,12,0.5,0.85,0.5,True,17.312693484096513,17.306548505929488,-1,0.5181758805625337,0.8430355180621651,0.5431377464621664,19293.38550209999
0,0,73,0.3702774829950203,0.6905020885883395,0.4009096517915907,128.34358450465578,0.5216804413794986,0.8646340159803723,0.5189966719131358,0.408890535713495,0.2521816085278287,0.29454771067205826,16.585499589227354,12,0.5,0.85,0.5,True,16.585613185873548,16.585499589227354,-1,0.521611207251341,0.8645566993684174,0.5191315640142525,19293.38550209999
0,0,74,0.5265505598046568,0.8138949813208822,0.4244358458882325,155.5600092301178,0.5064434844900861,0.5377925251640253,0.5062913448261016,0.03818640952927698,0.339235973305507,0.1928571767225906,16.779360225267137,10,0.5,0.65,0.5,True,17.140753687537597,16.779360225267137,2,0.5080749207509815,0.53,0.5,19293.38550209999
0,0,75,0.36193013532771134,0.5893752720195348,0.42250792085460614,96.49637549758647,0.38538005991000057,0.5289922428896212,0.4951461550637395,0.06479130167223125,0.1024526002304219,0.17192159158154502,16.594271462260643,4,0.4,0.55,0.5,True,16.594488664000522,16.594271462260643,4,0.38543487773041973,0.53,0.49487126113823887,19293.38550209999
0,0,76,0.3240285388212288,0.7152855311963364,0.39324120506505783,151.07298582455326,0.4069001109311378,0.7392174891997558,0.5719533901774384,0.25575392961183113,0.03345790870869776,0.4544594584965083,15.68223959057848,7,0.4,0.8,0.5,True,15.68239492387226,15.68223959057848,-1,0.4070375321168608,0.739291317421912,0.5719987697289742,19293.38550209999
0,0,77,0.4492667396976032,0.7150117645428274,0.3993746870787009,109.21968262670816,0.531536448334925,0.7400440244676949,0.4955607337437824,0.18311996274795822,0.035009577696771016,0.24084162010529994,15.858301014316414,12,0.5,0.85,0.5,True,15.87121584600535,15.858301014316414,3,0.53,0.7441288090461232,0.5,19293.38550209999
0,0,78,0.31898853938946875,0.6008027611147853,0.4384064241763678,106.28792024918721,0.3581309812503777,0.6252080218170564,0.440483228677558,0.1227079879917504,0.040621086123151844,0.004737167127721432,15.198726246781586,6,0.4,0.7,0.4,True,15.200258986898316,15.198726246781586,0,0.3579793655208035,0.625692286707935,0.4408027336606002,19293.38550209999
0,0,79,0.3944721615370656,0.5338256559284869,0.46600954596034916,103.40381756633998,0.3949006907765372,0.5145992510757215,0.518176765586238,0.0010863358210167495,0.03601626231194296,0.11194453005975027,18.683749845486673,4,0.4,0.55,0.5,True,18.684367904080595,18.683749845486673,-1,0.3950090794456351,0.5150623722037724,0.517448809519505,19293.38550209999
0,0,80,0.3854911503637733,0.8829832793849635,0.3637421676971034,143.0343084887518,0.5014462970488929,0.8807457022608945,0.487264958499769,0.3007984659977204,0.002534110414443502,0.3395888675341208,16.22226438271782,12,0.5,0.85,0.5,True,16.22395487857591,16.22226438271782,0,0.5014096787526648,0.8808335432344002,0.48751082731853623,19293.38550209999
0,0,81,0.5000481639679015,0.6713351063214138,0.3875763746245598,117.04680644308458,0.5280958760488897,0.7483584056684371,0.5025035420126491,0.05609002112602222,0.11473152323147995,0.29652779403651164,18.032528776414,12,0.5,0.85,0.5,True,18.094381937925004,18.032528776414,3,0.5273707916553513,0.7440035376515,0.5,19293.38550209999
0,0,82,0.33906720885575536,0.7025327362277645,0.3482704290169365,109.82157803444562,0.5320465686689284,0.8892652155918328,0.4634914065918457,0.5691478113274869,0.265798972396254,0.33083767088737226,15.513494171343774,12,0.5,0.85,0.5,True,15.51363357820774,15.513494171343774,0,0.53,0.8893158720611135,0.4632951058135558,19293.38550209999
0,0,83,0.3554783584920615,0.6013219148610303,0.46276553403100423,120.18651175901415,0.3854869241830598,0.5559701063796776,0.5067453932959733,0.08441741944093187,0.07542018236909559,0.09503702421801914,16.66624860583531,4,0.4,0.55,0.5,True,16.667573012349568,16.66624860583531,-1,0.3853206151166101,0.5560756854848891,0.5067630412031549,19293.38550209999
0,0,84,0.3704992265883857,0.7422705123767211,0.4208544592116912,134.17862669126174,0.5089822344498834,0.846949650204162,0.5491916570746699,0.3737740808170391,0.14102559118543234,0.30494436985025425,15.93837110042318,12,0.5,0.85,0.5,True,15.938546042291962,15.93837110042318,-1,0.5089266275041342,0.8471664688299154,0.5493022638333008,19293.38550209999
0,0,85,0.5087961962746386,0.5858231697464987,0.37427742568847927,111.53878984442578,0.5011396794265358,0.5436403274169666,0.42482473376172164,0.015048298128333321,0.07200610100106798,0.13505305050194022,18.99061871836972,9,0.5,0.55,0.4,True,18.990629672382227,18.99061871836972,-1,0.5010609777289184,0.5436451437607845,0.4248341204721377,19293.38550209999
0,0,86,0.32004101304045907,0.596951647763769,0.3789337162597206,118.33191938039526,0.5161985978777948,0.8734650462715268,0.5155976187551085,0.6129138980463662,0.4632090380244367,0.3606538469163789,14.946529752947352,12,0.5,0.85,0.5,True,14.94742300287487,14.946529752947352,-1,0.5161532120352207,0.8734249572224926,0.5155030215963351,19293.38550209999
0,0,87,0.4466295962698772,0.693054617733637,0.42146613351429496,107.6912490883358,0.5116803199919853,0.8240379481178325,0.5387150166531031,0.14564803646107005,0.1889942394619995,0.27819289336762654,17.753057068148454,12,0.5,0.85,0.5,True,17.7550667804523,17.753057068148454,-1,0.5120242922940479,0.82452573121278,0.5360804947279026,19293.38550209999
0,0,88,0.34477128480966895,0.6493977287326727,0.31922168670562945,116.61499466673725,0.41902276658941506,0.7504968418766451,0.5485412629900338,0.21536446058939232,0.15568134699403968,0.7183709185017608,16.656036746525096,7,0.4,0.8,0.5,True,16.65612105347573,16.656036746525096,-1,0.41891854450215,0.7504855142454351,0.5486842664505034,19293.38550209999
0,0,89,0.41359783388038107,0.7877409685807775,0.4734049738670826,96.98972828229213,0.5069452421082754,0.8258700762654065,0.5194631532682178,0.2256960761909886,0.04840310356502576,0.09729128746768706,17.55323906552096,12,0.5,0.85,0.5,True,17.553454229874983,17.55323906552096,-1,0.506875721161409,0.825922095488683,0.5195752248404272,19293.38550209999
0,0,90,0.5001225820376879,0.6343201092260822,0.4206296300103124,142.3458801825112,0.5128102908720779,0.5288651008477715,0.5041283105617642,0.025369198052796294,0.16624888103732616,0.19850879394636256,17.560752832211733,10,0.5,0.65,0.5,True,18.699991862924136,17.560752832211733,1,0.5114661639924681,0.53,0.5,19293.38550209999
0,0,91,0.46759174684635224,0.8574599427741302,0.47207872983657695,151.13985181554764,0.5295757616655001,0.8662513747856796,0.5322401358960631,0.1325601130413353,0.01025287779987319,0.12743934911092625,17.794990494293643,12,0.5,0.85,0.5,True,17.796137926445407,17.794990494293643,-1,0.5299614105240708,0.8667004955191301,0.5314907646790892,19293.38550209999
0,0,92,0.322110011972663,0.6877230400459755,0.39698886539545764,97.82213733563172,0.33530828613111696,0.5964721964837295,0.5030256344073856,0.04097443006389414,0.13268545366190687,0.2671026274409489,15.019010043549276,7,0.4,0.8,0.5,True,15.0312470624,15.019010043549276,9,0.34421347523214646,0.597191284209991,0.5,19293.38550209999
0,0,93,0.31768709669335193,0.8273706101247963,0.4966604488572351,142.78811579204248,0.3610068768871529,0.8861866103096303,0.4757472245237835,0.1363598982920463,0.07108785284984019,0.042107690237003566,15.098705899124063,7,0.4,0.8,0.5,True,15.171238551171712,15.098705899124063,5,0.3515878737172242,0.8818742265339844,0.46988762693574415,19293.38550209999
0,0,94,0.3830923363854156,0.7828934651292561,0.3598362146396494,140.0467801797343,0.5178019409152746,0.863280455124201,0.4853489035259509,0.35163742976662543,0.10267934728727497,0.3488050501309148,15.022777335280162,12,0.5,0.85,0.5,True,15.02290000543616,15.022777335280162,-1,0.5177404455006355,0.8633394913623603,0.4852602517220157,19293.38550209999
0,0,95,0.37552666336688856,0.8103197749414867,0.4975481493789154,155.3899093300149,0.40387142987387215,0.7377390162142881,0.5631205872411716,0.07548003716394121,0.08957051397695394,0.13179114010193727,16.701341403338805,7,0.4,0.8,0.5,True,16.701611106903545,16.701341403338805,-1,0.4037598273729015,0.7376119217661522,0.5629382895105578,19293.38550209999
0,0,96,0.5027840016362985,0.8565475683832908,0.4416413828206345,128.4060548289693,0.5382565225430401,0.831046131829173,0.5139951852997159,0.07055220689460505,0.029772352984728082,0.16382930878664226,17.315501059017127,12,0.5,0.85,0.5,True,17.32117457069404,17.315501059017127,-1,0.538704448703279,0.8311921764451656,0.5152935301724609,19293.38550209999
0,0,97,0.5113032619028165,0.564354426848281,0.37402630902800155,131.62118396932894,0.5145542115130098,0.5305474748187119,0.5029889839488493,0.0063581632514819585,0.059903759802804935,0.3447957317654703,16.56224971623535,10,0.5,0.65,0.5,True,18.19150003147459,16.56224971623535,2,0.5139177528829981,0.53,0.5,19293.38550209999
0,0,98,0.4173010082498427,0.8139645475765159,0.33901727869580933,97.64084358854147,0.5131704755971546,0.8631895985832396,0.49563729262147477,0.22973696552852274,0.060475669552544416,0.46198239372393807,16.045862929507145,12,0.5,0.85,0.5,True,16.045907015706995,16.045862929507145,-1,0.5131419536783092,0.8632765160190223,0.4954731422512231,19293.38550209999
0,0,99,0.3431953839276227,0.8742874626455928,0.3265549074458861,107.88114546019821,0.39547460506704846,0.8625785819685948,0.39526886075643675,0.15233078178712048,0.013392483796538585,0.21042082585127686,15.53447078810227,7,0.4,0.8,0.5,True,15.543643285122515,15.53447078810227,0,0.3969695210602535,0.8527687971108651,0.4044621817591514,19293.38550209999
0,0,100,0.5182163607317137,0.6062270425780971,0.4656889770549062,103.08013269262626,0.517237727577404,0.5312586141218988,0.5005147855918594,0.0018884644107489532,0.12366394632839318,0.07478340749484197,18.171485681589452,10,0.5,0.65,0.5,True,19.900383567300224,18.171485681589452,3,0.520860667711703,0.53,0.5,19293.38550209999
0,0,101,0.4247017740681152,0.5807514594272798,0.43780729595622625,146.35923276951743,0.5064239553418676,0.537611438444436,0.5068452658683762,0.19242250977893363,0.07428310386923037,0.1576903138659723,17.355091094349522,10,0.5,0.65,0.5,True,17.73164160613517,17.355091094349522,3,0.5075720775364764,0.53,0.5,19293.38550209999
0,0,102,0.40628239845245007,0.872208731225945,0.46506658127695966,114.8884570294735,0.5157477180284332,0.8636019162856119,0.5458810976272247,0.26943160716029546,0.009867838548503958,0.1737697774980263,16.274914123582715,12,0.5,0.85,0.5,True,16.27661024736732,16.274914123582715,-1,0.5160311624283207,0.8639459323217734,0.5455149942677101,19293.38550209999
0,0,103,0.43798547561629236,0.7999221619715092,0.4654207874049592,152.08990442822383,0.5261462389433701,0.853783624954791,0.5304165980496578,0.20128695638371596,0.06733338010105056,0.13964956530432374,16.72461192143496,12,0.5,0.85,0.5,True,16.7246677907396,16.72461192143496,-1,0.5261821331350734,0.8538564794877699,0.530353087220778,19293.38550209999
0,0,104,0.34709388063154395,0.7971809749205977,0.3278702787735645,150.40804725705792,0.5123792594839454,0.8652940881650276,0.5077451896856137,0.47619790516520055,0.08544247214531714,0.5486160916594557,15.538618225965124,12,0.5,0.85,0.5,True,15.538707901377329,15.538618225965124,-1,0.5123474704172157,0.8652296195315055,0.5079499567459437,19293.38550209999
0,0,105,0.36421014550532527,0.8354001112164903,0.36126357310642476,154.36439801289512,0.4721372258619681,0.8993736750078398,0.3245449440315984,0.29633188885196715,0.07657835201648792,0.10163944501542484,15.901264143811833,7,0.4,0.8,0.5,True,15.99472227192073,15.901264143811833,10,0.46268103526017773,0.9,0.3299533518032164,19293.38550209999
0,0,106,0.4257630190731595,0.6469784683619517,0.356486703432936,131.61656223872976,0.5337288385712667,0.8753367985670866,0.5267885047083161,0.2535819567728951,0.3529612519923614,0.4777227302880824,16.885567866486742,12,0.5,0.85,0.5,True,16.89042828772711,16.885567866486742,-1,0.5324639680310524,0.8739409031060748,0.5291434967165786,19293.38550209999
0,0,107,0.38692430036778036,0.7734203145953906,0.33088501409217885,109.3609699622677,0.5344294879943807,0.8922739362045805,0.37817997674552606,0.3812249256156652,0.15367274348278182,0.14293473756466846,16.08665369063028,12,0.5,0.85,0.5,True,16.156360299598,16.08665369063028,10,0.53,0.9,0.38799802110811826,19293.38550209999
0,0,108,0.5000476859178391,0.7456305762547513,0.3523966111941068,103.08843128631176,0.5297464785461207,0.738630905214952,0.5000901775177187,0.05939192094003863,0.009387585840374336,0.4191117667764955,16.57359291340686,12,0.5,0.85,0.5,True,16.68404878497629,16.57359291340686,3,0.5282113189946801,0.7403604336953516,0.5,19293.38550209999
0,0,109,0.34536251054137496,0.6208669328449812,0.3765649333140815,134.31744103902722,0.41675598626050764,0.7193551855427814,0.6002156075436618,0.2067203982482622,0.15863021122175133,0.593923263808104,15.568217552592664,7,0.4,0.8,0.5,True,15.578953697390876,15.568217552592664,-1,0.41408307609105216,0.7218670555884865,0.5973338543488852,19293.38550209999
0,0,110,0.34362831278430106,0.7097436411662408,0.4202996715246715,95.54306302324653,0.3916437393279466,0.8383093238857504,0.500190787494944,0.1397307054083908,0.18114383174782983,0.19008131907517523,16.673152729086322,7,0.4,0.8,0.5,True,16.68654032849444,16.673152729086322,5,0.3900932484396515,0.8467284011194957,0.5,19293.38550209999
0,0,111,0.3477124038458432,0.8620149131509313,0.31408411523083934,101.86087183745613,0.4117892405605832,0.8572483028933819,0.4246410025997728,0.18428113580655642,0.005529614609712359,0.35199770382427176,15.2698593036327,7,0.4,0.8,0.5,True,15.270005094126404,15.2698593036327,-1,0.41168877994975556,0.8570652202081499,0.42430465514293947,19293.38550209999
0,0,112,0.5165973036445645,0.7532686754427159,0.3737986247459582,125.71187636270392,0.5135534794606905,0.52932460524934,0.5032642222340107,0.005892063629445873,0.29729640630782644,0.3463511872897878,16.24708281576573,10,0.5,0.65,0.5,True,17.20961394134445,16.24708281576573,2,0.5126576123690563,0.53,0.5,19293.38550209999
0,0,113,0.4563598629810446,0.6302346295952008,0.3275936145733911,143.0024746564995,0.5753153793851182,0.7850729925243621,0.32131641423575363,0.26066165334310876,0.24568367978861122,0.01916154667975425,17.848789224666525,11,0.5,0.75,0.3,True,17.849943139383676,17.848789224666525,-1,0.5726046125421786,0.7822532938684744,0.3230842097214457,19293.38550209999
0,0,114,0.4579460832456241,0.714395721286522,0.4633472871939317,128.06720430437665,0.5274550988771861,0.7356705434160326,0.5023116118154888,0.15178427805065461,0.029780164544095756,0.08409313208139871,17.007139180017585,12,0.5,0.85,0.5,True,17.102716935461316,17.007139180017585,3,0.5246757075423855,0.7342043366113501,0.5,19293.38550209999
0,0,115,0.5234727778917314,0.6051008587721659,0.41074607257304563,123.97654355771174,0.5108148111410221,0.5332989833888205,0.5051744239471972,0.024180754540262472,0.11866100393418941,0.2298947152011023,17.576092935759323,10,0.5,0.65,0.5,True,18.31057852249597,17.576092935759323,2,0.5108416436908504,0.53,0.5,19293.38550209999
0,0,116,0.39104099441775453,0.7425163329019104,0.3470602463335161,143.8876677361552,0.5223047277329004,0.875761435336435,0.5359113280831311,0.33567767878299476,0.17945073600438474,0.5441449539228814,15.939026318194184,12,0.5,0.85,0.5,True,15.939187144470338,15.939026318194184,-1,0.5225356068214347,0.8760175042105097,0.5355115863607407,19293.38550209999
0,0,117,0.4995073794387495,0.5782096832858872,0.39341464134765425,111.07155578335652,0.5091535556769154,0.5498022377746833,0.42002517405029877,0.019311378840898123,0.04913000652249238,0.06763991449705405,19.48862506531855,9,0.5,0.55,0.4,True,19.490851515382282,19.48862506531855,0,0.5088282801212262,0.5496723049108162,0.41940933698846666,19293.38550209999
0,0,118,0.3340376865221361,0.8505602294288804,0.38598973840956713,102.98070624763088,0.3876061878735497,0.835648043538448,0.44262331427220014,0.1603666397918958,0.01753219275305806,0.14672300900015142,15.36839979711811,7,0.4,0.8,0.5,True,15.371506123492823,15.36839979711811,0,0.387750975736314,0.8327593332455656,0.44590651822293714,19293.38550209999
0,0,119,0.45857945738521716,0.6042866898647534,0.4802862157376354,107.32176608865801,0.5109591174392415,0.5324425580664652,0.5059785743277029,0.11422155792300184,0.11889080630646981,0.05349384960092704,18.045423381187703,10,0.5,0.65,0.5,True,18.881566811572746,18.045423381187703,3,0.5105333779517667,0.53,0.5,19293.38550209999
0,0,120,0.36942396066088207,0.8685972947150956,0.3378640769079523,104.95571315113172,0.4084273717918713,0.840274831136433,0.4324438983913334,0.10557899672022882,0.03260712847137355,0.2799345297344188,15.2457883758617,7,0.4,0.8,0.5,True,15.246007160488391,15.2457883758617,-1,0.4083376005717588,0.8405484350734236,0.43256986164650046,19293.38550209999
0,0,121,0.390326629765747,0.6143421425394165,0.43408914855455694,100.94246138271546,0.4018551127670267,0.5637004227717086,0.46041035493106997,0.02953547650130469,0.08243243668483759,0.06063548573872019,17.670738619999216,4,0.4,0.55,0.5,True,17.67140186763516,17.670738619999216,0,0.4018381868247829,0.5636638307806043,0.4603234301890575,19293.38550209999
0,0,122,0.5056212778516875,0.8371363236247876,0.300565406437324,127.59163510742464,0.5309878872084188,0.7445502359544101,0.49871242922580283,0.05016918881363219,0.11059857881865788,0.6592475998391314,16.673379184243338,12,0.5,0.85,0.5,True,16.703434748216416,16.673379184243338,3,0.53,0.7442790222367442,0.5,19293.38550209999
0,0,123,0.33904561881900913,0.6240740103601515,0.3833792081266205,122.10100761582979,0.5256710008957379,0.7186307052051566,0.49748367795223836,0.5504432787740992,0.1515151941521113,0.29762821615493557,15.956483646501974,12,0.5,0.85,0.5,True,16.174708884054525,15.956483646501974,2,0.5270197919354298,0.7211689656081209,0.5,19293.38550209999
0,0,124,0.41527893068916305,0.8617684288096757,0.3517542178844301,105.49313817403362,0.4989726566897839,0.8222963611177598,0.5622738833660028,0.20153617199343482,0.04580356668024728,0.5984851205131521,16.718345254939976,12,0.5,0.85,0.5,True,16.71929057038694,16.718345254939976,-1,0.4985580922584017,0.8231093184088402,0.5624698672488035,19293.38550209999
0,0,125,0.45797771002549953,0.868549639689952,0.4845621750887503,148.7656249952171,0.5100235853559325,0.8643073112811849,0.5595989221113843,0.11364281315685679,0.004884382210188403,0.1548547346042653,16.736224444709592,12,0.5,0.85,0.5,True,16.74096900299211,16.736224444709592,-1,0.5110968887555903,0.8661935340165601,0.5576916671303502,19293.38550209999
0,0,126,0.3300790518398827,0.8650271243498424,0.42984807381089507,148.22224034533102,0.3538742594957126,0.9073403453851994,0.4447543994755903,0.07208942077115725,0.04891548466432163,0.03467812600052047,15.433005318295855,7,0.4,0.8,0.5,True,15.445442793601844,15.433005318295855,8,0.3437080024953861,0.9,0.4475228196138796,19293.38550209999
0,0,127,0.40260877675981266,0.6103834267504601,0.4585940153789387,135.10215443698647,0.5072273565762154,0.5381633063973332,0.5055538371055561,0.259851711774321,0.11831926816494681,0.10239955200421509,17.147917944632887,10,0.5,0.65,0.5,True,17.50216574442969,17.147917944632887,3,0.5097400494142962,0.5348336913336199,0.5,19293.38550209999
0,0,128,0.4808352594166573,0.6039773677551283,0.3268703474596786,141.47656810235446,0.5159886010276349,0.8604642552879942,0.5474303867926864,0.0731089098033808,0.4246630771715503,0.6747630705786649,17.081274645786934,12,0.5,0.85,0.5,True,17.081618354349125,17.081274645786934,-1,0.5161487791685629,0.8606643538132004,0.5471544526005531,19293.38550209999
0,0,129,0.3207682607028282,0.868188241861005,0.32701757250185315,131.25689284560005,0.44900750407353746,0.9080810494764363,0.3236274908984731,0.39978781906204525,0.04594949078084623,0.010366664939269727,15.202366653147052,8,0.4,0.9,0.3,True,15.23642290535225,15.202366653147052,8,0.44637462583938403,0.9,0.31845946223443106,19293.38550209999
0,0,130,0.49897229086049977,0.8361323928008808,0.4622046797568684,110.09039758852978,0.5298934083690925,0.7500535016611696,0.49993584146102715,0.061969608483204326,0.1029488773319303,0.08163301532127781,17.749069210844855,12,0.5,0.85,0.5,True,17.77872018536807,17.749069210844855,3,0.53,0.747933309433067,0.5,19293.38550209999
0,0,131,0.3327890855785869,0.8684953520583524,0.4227583382094204,93.91442210164374,0.34670508037806463,0.8264328097534112,0.4546493800270086,0.04181625961465476,0.048431511124673386,0.07543563056062177,15.817950513327043,7,0.4,0.8,0.5,True,15.818300277790295,15.817950513327043,0,0.347250688878719,0.8264065942370741,0.4544880285840187,19293.38550209999
0,0,132,0.5085959145718918,0.8821052337093321,0.35725932083323414,144.60382018993622,0.530466189984541,0.9038883206733284,0.3630513724016793,0.04300128016375906,0.024694431153521646,0.01621245753626909,16.84391001574039,12,0.5,0.85,0.5,True,16.890323881539118,16.84391001574039,10,0.53,0.9,0.3575567574342151,19293.38550209999
0,0,133,0.333888076158956,0.6880894167927145,0.4635407549489616,119.29583329311086,0.34333239597370674,0.668774940950591,0.5033286051819673,0.028285885268494987,0.0280697179331011,0.08583463224800289,16.191696559701345,7,0.4,0.8,0.5,True,16.2932846860191,16.191696559701345,9,0.34426061579231254,0.6592672872921984,0.5,19293.38550209999
0,0,134,0.4257451882164522,0.5740491586336485,0.4628013038500224,124.866713020782,0.4267552276333623,0.547042045001761,0.4929989136474097,0.002372403599301805,0.04704669142999839,0.06524962126548658,18.885163150693025,4,0.4,0.55,0.5,True,18.885249122596143,18.885163150693025,-1,0.42673673977696613,0.5469080412210232,0.4929060087720535,19293.38550209999
0,0,135,0.36888691012108776,0.8082235853803083,0.4958456578379125,127.39645212976814,0.39501767127902215,0.7352102559969964,0.5547335792241544,0.07083678070701105,0.09033803356401131,0.11876260375661467,16.702226197815634,7,0.4,0.8,0.5,True,16.702342182491414,16.702226197815634,-1,0.39523558302243844,0.7352695472176118,0.5550116604547027,19293.38550209999
0,0,136,0.47203869697298534,0.8849300445411687,0.30602549927506484,131.18610327292322,0.5362787700492821,0.9086936121821458,0.3760672209875863,0.13609069232722937,0.02685361152281632,0.22887544298903634,16.448062062576703,12,0.5,0.85,0.5,True,16.520067299828455,16.448062062576703,10,0.53,0.9,0.36902325730082924,19293.38550209999
0,0,137,0.5205993036140247,0.5741544837143774,0.3446202989987841,128.1392743114608,0.5149174005928637,0.5287474645609427,0.5047441616291917,0.0109141579362803,0.07908502056743176,0.46463851112546484,17.097981347187122,10,0.5,0.65,0.5,True,18.648379216314005,17.097981347187122,1,0.5129921604666241,0.53,0.5,19293.38550209999
0,0,138,0.468911062561877,0.7287271074651644,0.40954035912847325,96.9711768421476,0.5300999877551187,0.7492315130275382,0.5003151087303414,0.1304915368362999,0.028137289463125867,0.2216503149898151,16.95308295591088,12,0.5,0.85,0.5,True,17.012599578144396,16.95308295591088,3,0.53,0.7476601466818527,0.5,19293.38550209999
0,0,139,0.47247746927309076,0.6463490360226006,0.31479237475828103,153.65426996329046,0.5207694511519462,0.6961303047793839,0.29857058820807975,0.10221012644931599,0.07701917382459368,0.051531701054250374,18.30636763871772,11,0.5,0.75,0.3,True,18.35477858461055,18.30636763871772,4,0.53,0.7049561377818492,0.3,19293.38550209999
0,0,140,0.4918374802856025,0.660636066726161,0.44054786111641103,147.50742416578717,0.5142646146283602,0.5310931294673499,0.5027529433453138,0.045598668750772266,0.1960882001201847,0.14119937405045224,16.692037928223684,10,0.5,0.65,0.5,True,18.056683337323342,16.692037928223684,1,0.5149540747779797,0.53,0.5,19293.38550209999
0,0,141,0.4518179884463027,0.7271689391287264,0.4524626845062387,138.5196489150025,0.5190771318442033,0.8205372666679577,0.5336734655300817,0.14886335895830358,0.12839977413103293,0.1794861406360311,17.525125487858098,12,0.5,0.85,0.5,True,17.53015480629451,17.525125487858098,-1,0.5204644789631974,0.8224488512449855,0.5313132890165405,19293.38550209999
0,0,142,0.4150726070751898,0.7357229230548398,0.44926447201826236,97.72274494619981,0.48946499346476346,0.8913961495678386,0.507434534336595,0.1792274053298285,0.21159219270567053,0.12947843851754223,17.25755299799498,12,0.5,0.85,0.5,True,17.270038491085415,17.25755299799498,5,0.49609631057807474,0.9,0.49709383652596806,19293.38550209999
0,0,143,0.4529908450115724,0.7938002857279892,0.37975176902558827,125.4489081451327,0.5288137566186921,0.7399084671256986,0.4971442988027268,0.1673828785771216,0.06789090350712937,0.3091296456060181,16.169137071576802,12,0.5,0.85,0.5,True,16.25145763911518,16.169137071576802,3,0.5297053812185982,0.7409391680907279,0.5,19293.38550209999
0,0,144,0.36476005245812465,0.7633189342007519,0.49425685284013465,112.41956779529258,0.3957596845868548,0.7861952145410118,0.47126360583070454,0.0849863682161,0.029969491539225294,0.04652084614973905,15.909853948584885,7,0.4,0.8,0.5,True,15.911974246687137,15.909853948584885,0,0.3959003928627077,0.7860820591775036,0.4711867306835987,19293.38550209999
0,0,145,0.4141572965390155,0.8490229345084527,0.41028017545950085,120.09154625703935,0.41254505326836477,0.7934432614026075,0.4692640673714282,0.0038928283628557455,0.06546309981369752,0.14376490856733992,17.105309737431458,7,0.4,0.8,0.5,True,17.105458634753774,17.105309737431458,-1,0.41258071080801806,0.7934494592820245,0.46931517310477777,19293.38550209999
0,0,146,0.45750934736395443,0.5434411821481121,0.3307592835771826,148.20771152192185,0.5282677676483856,0.8146032474442203,0.5275547809680966,0.15466005381556044,0.49897224244997385,0.5949810244554838,17.537348446708595,12,0.5,0.85,0.5,True,17.538146455927706,17.537348446708595,-1,0.5274186974722425,0.8136493399106155,0.5288792353066127,19293.38550209999
0,0,147,0.34988860710476655,0.5429607277814285,0.4852791074604678,140.79906606810783,0.5276480791461918,0.8560631017350748,0.5248150212285737,0.5080458992715904,0.5766574964509906,0.08147046341022747,16.298450839829016,12,0.5,0.85,0.5,True,16.30021954797317,16.298450839829016,-1,0.5267416374405695,0.8545636438695734,0.5261754809973074,19293.38550209999
0,0,148,0.5227378837032426,0.8022002279558832,0.48456167517775184,115.27584029322375,0.5349693479379646,0.8299595298522283,0.5364855342294669,0.02339884790455664,0.03460395662948096,0.10715634708970287,18.0900717752666,12,0.5,0.85,0.5,True,18.090473342480266,18.0900717752666,-1,0.5347266284924611,0.8296577175078026,0.5370695383457734,19293.38550209999
0,0,149,0.475727483075913,0.590864975252193,0.4647780223334252,139.51950176054,0.5090418831457756,0.5393982000267208,0.5056880776343604,0.07002832767714309,0.0871041225679439,0.08802063207624505,17.69336961313736,10,0.5,0.65,0.5,True,18.254333858254785,17.69336961313736,3,0.5107565907694173,0.5363808412978649,0.5,19293.38550209999
0,0,150,0.4626688506406471,0.8221150745243004,0.3688813515585714,96.55238598065118,0.480675873130556,0.8305358950938067,0.5087484400283157,0.038919893710101634,0.010242873328139307,0.37916551725585407,17.722013945746486,12,0.5,0.85,0.5,True,17.722298663750223,17.722013945746486,-1,0.4806823849821788,0.8305495356540038,0.5087381036489408,19293.38550209999
0,0,151,0.4371070212341172,0.584417126486877,0.44375427537509426,115.33478150473998,0.527564725237138,0.8547081313630518,0.5299663057499732,0.20694635320115604,0.4624967213075746,0.19427876002322694,18.455473929280167,12,0.5,0.85,0.5,True,18.455765589174312,18.455473929280167,-1,0.5277744324968776,0.8549928864557853,0.52967735721179,19293.38550209999
0,0,152,0.4129290415534718,0.8789579500235122,0.4562932055544062,146.4868778289985,0.5000658124278056,0.8679117374440355,0.47228894838652274,0.21102117338736529,0.012567395947873504,0.03505584268492744,17.048114018651795,12,0.5,0.85,0.5,True,17.048471525675723,17.048114018651795,0,0.49985354455392933,0.8679478169295077,0.4716935682356804,19293.38550209999
0,0,153,0.43362913503979555,0.8667755837179921,0.303665163875022,149.32399411824133,0.4874574084995203,0.8339906331618221,0.5700059587587244,0.12413435608929908,0.03782403562354695,0.8770870898886477,15.748073322475685,12,0.5,0.85,0.5,True,15.748546669502943,15.748073322475685,-1,0.4874189096453383,0.8337599941491942,0.5701321027125265,19293.38550209999
0,0,154,0.39873903998683174,0.614767745398754,0.4068788454506722,152.7931424157973,0.5284040960677799,0.8613226593517839,0.5307174267759323,0.3251877621143652,0.40105375696493,0.304362300252038,17.584280578908395,12,0.5,0.85,0.5,True,17.584515344194667,17.584280578908395,-1,0.5286211318161914,0.8616233452781783,0.5303584623112817,19293.38550209999
0,0,155,0.3863406435796582,0.8550605192864855,0.3934663225010171,154.2054852992957,0.40100311753625617,0.8346190305204777,0.438322680514895,0.03795219115633837,0.023906481827818973,0.11400304282398128,16.167879910175238,7,0.4,0.8,0.5,True,16.173362587270855,16.167879910175238,0,0.4013036357626361,0.8285607997087395,0.4460224133090031,19293.38550209999
0,0,156,0.477751893497228,0.8105906159206753,0.37230549658614875,130.48674938834367,0.5400910850779437,0.8979553337844841,0.36950422521975973,0.13048444690481872,0.1077790886643553,0.0075241203583488615,17.435191487911386,12,0.5,0.85,0.5,True,17.464511624908866,17.435191487911386,10,0.53,0.9,0.37002042956596287,19293.38550209999
0,0,157,0.3689438726529242,0.816549220754605,0.3517053225115283,135.78810623018828,0.5122517904753767,0.8771829697307345,0.4830534789016474,0.38842742336926206,0.07425608577532593,0.3734608150145744,15.170184021055052,12,0.5,0.85,0.5,True,15.170286534533716,15.170184021055052,-1,0.5122539621927411,0.8770939280612273,0.48314513848021146,19293.38550209999
0,0,158,0.3323978867142206,0.620138776428306,0.37162408748582054,104.50346664037957,0.5253916044880255,0.7298249907089807,0.501330056542001,0.5806105438321616,0.17687365868719468,0.3490246553545307,15.625152101558516,12,0.5,0.85,0.5,True,15.936553508476994,15.625152101558516,2,0.5260452844224347,0.7282645867850949,0.5,19293.38550209999
0,0,159,0.37142231961852773,0.6041401535879021,0.3079527394225318,115.17931239587972,0.49296329951254036,0.8601708127336294,0.5019177239676472,0.3272312229885438,0.42379348173631204,0.629853090148948,16.838200646705324,12,0.5,0.85,0.5,True,16.83861004480102,16.838200646705324,0,0.4928013481401279,0.8601094807789891,0.5,19293.38550209999
0,0,160,0.436119453003546,0.6854141716490159,0.31881476509230494,115.50497190224972,0.5213081097016296,0.8449313397749991,0.5317331203418928,0.19533331088854436,0.23273106207040636,0.6678434582160666,16.343353100036552,12,0.5,0.85,0.5,True,16.343681553964288,16.343353100036552,-1,0.5214106516429539,0.845242038124119,0.5315325862291264,19293.38550209999
0,0,161,0.44763840709832337,0.5401875261298622,0.47492647558910756,147.1280957204339,0.5077593631314391,0.5395876034607304,0.5057381847552896,0.13430696535364586,0.0011105822332290543,0.06487679830433264,18.169676338510204,10,0.5,0.65,0.5,True,18.788490721246408,18.169676338510204,3,0.5060824967258474,0.5380190021490794,0.5,19293.38550209999
0,0,162,0.3258481895313281,0.8173594418173958,0.33695903229736973,137.22649468116214,0.39794685291940085,0.8587412583213354,0.4167623653700296,0.2212645818034872,0.05062866394731704,0.23683393357514337,15.628600695246774,7,0.4,0.8,0.5,True,15.629287950968129,15.628600695246774,0,0.39801863491118045,0.8569957088667496,0.41890186379454336,19293.38550209999
0,0,163,0.3492050537766556,0.7780250133740595,0.4917267662128841,155.3115617343717,0.3638763142765313,0.7730489688708602,0.5023431282649442,0.04201331092206671,0.006395738462982991,0.021589961705407685,16.15193060018554,7,0.4,0.8,0.5,True,16.155206170885858,16.15193060018554,0,0.3676413272015978,0.7771265779520169,0.5,19293.38550209999
0,0,164,0.4564553013355652,0.590573797624394,0.378982129455134,111.12470079030633,0.531037523027334,0.8688746054007552,0.5339233744422115,0.16339435969643673,0.47123798735371775,0.4088352271645049,18.193417923123484,12,0.5,0.85,0.5,True,18.193512604342793,18.193417923123484,-1,0.5309897648145733,0.8687971794547403,0.5339905631353234,19293.38550209999
0,0,165,0.5181463057040501,0.638767497542407,0.41221539894526593,119.21033094996486,0.5114248132886915,0.5338548384167414,0.5046609122696307,0.012972190173633498,0.16424232530507013,0.2242650652083954,17.557988668981988,10,0.5,0.65,0.5,True,18.30574464877607,17.557988668981988,3,0.5115460181764017,0.53,0.5,19293.38550209999
0,0,166,0.3457715132189599,0.6690832367122602,0.4538830107657429,119.59995984152316,0.411561155108405,0.7230424318896784,0.58397034641373,0.19026912100703863,0.08064646103310372,0.2866098368134945,16.179230502470887,7,0.4,0.8,0.5,True,16.1794845710874,16.179230502470887,-1,0.4121796247683948,0.7235292633182832,0.5837962474332813,19293.38550209999
0,0,167,0.45983537791147727,0.7390581261561695,0.3153044358233046,139.367803627917,0.4871471629882891,0.818115550490785,0.5684183917085321,0.05939470164487778,0.10697050954001683,0.8027605295951867,16.890728484924843,12,0.5,0.85,0.5,True,16.891612786249105,16.890728484924843,-1,0.4870775875675613,0.8179434728070061,0.5682566849739049,19293.38550209999
0,0,168,0.4587089472624333,0.8171861244767437,0.32978629099698226,154.6561950421251,0.49847766016548223,0.7911855848093995,0.5661413251759619,0.08669705079961469,0.0318171575465659,0.7166915078988001,16.156971996881587,12,0.5,0.85,0.5,True,16.18709577355223,16.156971996881587,-1,0.49894559418362283,0.7914106619608214,0.5666673622479543,19293.38550209999
0,0,169,0.4995748985409386,0.8530897973579021,0.4923890160487622,132.57306301559112,0.5282894643199554,0.697634121369308,0.5010646462120085,0.0574779995209541,0.18222662663421213,0.0176194632302423,17.942561606672275,12,0.5,0.85,0.5,True,17.955978111585573,17.942561606672275,2,0.5274471341952209,0.6967195186833278,0.5,19293.38550209999
0,0,170,0.49481078128035716,0.589645447365033,0.4115489094731384,116.75499635401695,0.5063431012662777,0.5363097935593979,0.5074961525626555,0.02330652528645364,0.09045377021730228,0.23313691491091051,18.275439276281592,10,0.5,0.65,0.5,True,18.798638916926038,18.275439276281592,3,0.5078331878890107,0.53,0.5,19293.38550209999
0,0,171,0.36185275431153313,0.6694675333441654,0.38563289981872173,131.9589442811863,0.38663258091644015,0.5785294949271009,0.4795700635507135,0.06848041450466093,0.13583636828929582,0.24359219292791087,17.172726159364103,4,0.4,0.55,0.5,True,17.17292633085512,17.172726159364103,0,0.38674124859412196,0.5787082225277456,0.4795333842901359,19293.38550209999
0,0,172,0.47187741867830346,0.5379278280918326,0.3508081827585279,131.50911591024564,0.4958165373104422,0.5547184379607976,0.41450311081697744,0.050731647001016816,0.031213499269085128,0.1815662552611914,18.44686921393185,9,0.5,0.55,0.4,True,18.44711400069532,18.44686921393185,0,0.4957427933030175,0.555048492450214,0.4146365865180179,19293.38550209999
0,0,173,0.3341684425789872,0.8867061067276567,0.46646922490014076,96.0485848542078,0.34516710779252385,0.891477810415408,0.4758048482554771,0.03291353644483322,0.0053813813297857935,0.020013374638669576,15.203569353698393,7,0.4,0.8,0.5,True,15.213967171549422,15.203569353698393,8,0.3537907981846364,0.9,0.4793768693254006,19293.38550209999
0,0,174,0.4362509005743218,0.7488157486510117,0.30138531590285367,104.94274211957716,0.6425705132715755,0.9078625451819685,0.24034820285300107,0.47293796396898014,0.21239777183837127,0.20252185434783046,16.196610485507218,11,0.5,0.75,0.3,True,16.20124498379004,16.196610485507218,-1,0.6397510091526596,0.9050417705544634,0.24286094637077987,19293.38550209999
0,0,175,0.35129858705406947,0.6964950578845217,0.4134007232454585,121.99432648982197,0.3858163922413655,0.7830783153301978,0.38813823568283823,0.09825773988092722,0.12431280949595985,0.06110895831118459,16.355423591521543,6,0.4,0.7,0.4,True,16.362561651083624,16.355423591521543,5,0.3758755033358603,0.7931027843945415,0.3801056315145243,19293.38550209999
0,0,176,0.5105726685028434,0.8217980934385509,0.38023321089998835,106.44759727886442,0.5261113760499889,0.7185808591221879,0.5006897415091912,0.030433880436079284,0.12559926232547403,0.31679644795910844,16.56232014443289,12,0.5,0.85,0.5,True,16.727275472377883,16.56232014443289,2,0.5266289721056547,0.7115902464003158,0.5,19293.38550209999
0,0,177,0.392106688626741,0.8385224378642653,0.3697631109165849,155.69160137758738,0.4921362828395533,0.8377022685189894,0.561697277370281,0.25510810479449314,0.0009781125802248466,0.5190733223168781,15.767732394796221,12,0.5,0.85,0.5,True,15.767874678507795,15.767732394796221,-1,0.49209552707050985,0.8377109742358528,0.5616248427893172,19293.38550209999
0,0,178,0.43587722513609556,0.6165802778960571,0.4317394610102362,135.01415693097707,0.5250740347979479,0.7156759210917265,0.5022225728553832,0.20463746329944651,0.1607181526042501,0.1632538097866294,17.706885545988364,12,0.5,0.85,0.5,True,17.866111365264075,17.706885545988364,2,0.5236951130608027,0.7116659319885249,0.5,19293.38550209999
0,0,179,0.4250821979481093,0.6315780049389986,0.4259836393669003,123.69942647956904,0.5286173500021243,0.8432838718182696,0.5353060497492249,0.24356501531652883,0.3352014560730605,0.2566352326225493,16.97227180661966,12,0.5,0.85,0.5,True,16.992694630498946,16.97227180661966,-1,0.5288876981610041,0.8459019559304153,0.5380106683880803,19293.38550209999
0,0,180,0.4007535173049078,0.7871822111473167,0.3561646656072007,98.92030737488227,0.5198489187982752,0.8334740063945172,0.535688819043158,0.2971786805373321,0.05880696310417165,0.5040481854927941,15.878900331859175,12,0.5,0.85,0.5,True,15.885836728207709,15.878900331859175,-1,0.5195728205157261,0.8341899391292591,0.5355984338581893,19293.38550209999
0,0,181,0.5211217483707934,0.732693994605623,0.42886419243024926,129.8044664689131,0.5154109202824061,0.5315061834558754,0.5014282111061149,0.010958721462386323,0.2745864066458442,0.16920046009126188,17.000015520817627,10,0.5,0.65,0.5,True,17.711560338867095,17.000015520817627,1,0.5146498742316585,0.53,0.5,19293.38550209999
0,0,182,0.41680116461301653,0.5759527063959892,0.36271922424464365,139.763036417812,0.5303903635120278,0.7744866323062232,0.49995107043897485,0.27252610727341514,0.34470525740308694,0.3783418055111749,17.509935394801396,12,0.5,0.85,0.5,True,17.73021653157265,17.509935394801396,4,0.53,0.7774078324870903,0.5,19293.38550209999
0,0,183,0.5079590859731979,0.8479536905376176,0.4896641763739884,95.33774508572773,0.5291032128197698,0.7324443508060889,0.5048741308921667,0.041625649447852395,0.1362212830965966,0.03106201199117632,17.20867702384628,12,0.5,0.85,0.5,True,17.322165637435972,17.20867702384628,3,0.5241548441047589,0.7312644736458357,0.5,19293.38550209999
0,0,184,0.4722261414770145,0.7712730271818132,0.4250375280978044,133.6015117445666,0.4923420804961709,0.8064486749320035,0.5475115664530582,0.042598105552221974,0.04560725775503908,0.28814876395354816,18.029016163651978,12,0.5,0.85,0.5,True,18.029325406966215,18.029016163651978,-1,0.4922955337185056,0.8063867601894726,0.5476813645425491,19293.38550209999
0,0,185,0.343143158113224,0.7547889694108372,0.45741836213721937,94.21256495778499,0.3964020006873066,0.7419836139599193,0.5636667270010511,0.15520881391582117,0.016965477729375546,0.2322783116257119,16.067401921906878,7,0.4,0.8,0.5,True,16.068115886427627,16.067401921906878,-1,0.39637528699626234,0.7430780920838865,0.5627504551659598,19293.38550209999
0,0,186,0.5108402475422331,0.5788740679816368,0.37514121454457094,128.1686591803067,0.5077510340977182,0.5378281449267662,0.5057669004119975,0.0060473180399897184,0.07090648091731863,0.3482040383806102,18.25064935438958,10,0.5,0.65,0.5,True,18.657027815088156,18.25064935438958,3,0.5096104130468361,0.5321511174611674,0.5,19293.38550209999
0,0,187,0.4448418986464043,0.7275471561393084,0.3775439753224574,148.7697635730587,0.5363576791734709,0.8127713329412463,0.3234430644578148,0.2057265307191997,0.11713904189272836,0.1432969783677132,17.64100357113421,11,0.5,0.75,0.3,True,17.642597816092074,17.64100357113421,0,0.53,0.8094600247509226,0.32548083487630675,19293.38550209999
0,0,188,0.40018736873311217,0.842598058674631,0.3659766744789452,132.85747021053461,0.4800822979809722,0.8305287832933165,0.5644124753592111,0.19964380560232653,0.014323882255673548,0.5422088748218351,16.118682117859805,12,0.5,0.85,0.5,True,16.11894272245532,16.118682117859805,-1,0.480092465640352,0.8305305680806641,0.5642646920583467,19293.38550209999
0,0,189,0.49581156042916846,0.575038808297186,0.3341795994969794,139.2664689212783,0.4820787355498893,0.552631962056582,0.3935089778164315,0.027697669790902445,0.03896579833795125,0.17753740326685738,18.715670977784104,9,0.5,0.55,0.4,True,18.71626768320271,18.715670977784104,-1,0.48211097221872407,0.5520385635431785,0.3935018734704674,19293.38550209999
0,0,190,0.40519992589887405,0.8611836174099298,0.35477399757965644,97.50303775765792,0.48415330759392766,0.838072699290791,0.5143234150817009,0.1948504346833421,0.0268362259243232,0.44972128338188383,15.806403461281192,12,0.5,0.85,0.5,True,15.807150613153372,15.806403461281192,-1,0.48423236704577627,0.838173071318503,0.5142393847731043,19293.38550209999
0,0,191,0.3820246697040666,0.7874557665445874,0.45619311635363663,127.41873975497455,0.39696517997515085,0.7939000999978074,0.46014562125343694,0.03910875777383124,0.008183740251847085,0.008664104648033242,16.79720180480867,7,0.4,0.8,0.5,True,16.797246797730054,16.79720180480867,-1,0.39721893862537594,0.7939348495770224,0.46016917151659076,19293.38550209999
0,0,192,0.38226140316082613,0.857804153933148,0.4856151023039315,121.03256098163506,0.5302910344869115,0.864203991137658,0.5278299402394564,0.38724713011061157,0.007460720696170408,0.08693065297031047,15.25058941047994,12,0.5,0.85,0.5,True,15.250640894201362,15.25058941047994,-1,0.5301501148874864,0.8638329344381843,0.5280375067929527,19293.38550209999
0,0,193,0.4029451391096638,0.7502020551689071,0.44272261308145117,132.50736541039913,0.43099907912838376,0.7962954204877386,0.5094448584512629,0.06962223214978387,0.06144126772413812,0.15070891659544908,17.021037689449244,7,0.4,0.8,0.5,True,17.02109084744584,17.021037689449244,-1,0.43096490967373974,0.7963183483011953,0.5093858124542615,19293.38550209999
0,0,194,0.4078549967101047,0.689373821043052,0.4291990226881763,151.1164868042078,0.574049121351047,0.8624858112039742,0.2945904577097715,0.40748336046271316,0.25111483041087396,0.31362737998637347,16.605429620940754,11,0.5,0.75,0.3,True,16.607901521480436,16.605429620940754,-1,0.5712243059564106,0.8599654277182319,0.29624311045459745,19293.38550209999
0,0,195,0.32661888944851547,0.5643235058916863,0.4523086216554312,122.48108459124721,0.36142672937521825,0.5888739323220492,0.48686421967640525,0.10657019863570841,0.043504171231660456,0.07639827402471788,15.77456105411349,6,0.4,0.7,0.4,True,15.81078417586544,15.77456105411349,9,0.3518716676160592,0.5938884881702357,0.47665242410896297,19293.38550209999
0,0,196,0.4804793332369278,0.7239845264732708,0.392372402947115,153.38592320084285,0.517440698060666,0.6679841444588184,0.5026882397244458,0.07692602421572255,0.07735024709332647,0.2811508555360847,16.679759688760946,12,0.5,0.85,0.5,True,16.899339463331803,16.679759688760946,2,0.5190061485056954,0.675505703073015,0.5,19293.38550209999
0,0,197,0.3942276654082302,0.7621901658350638,0.40869516985914917,100.68817277022946,0.483992069915756,0.9029062633083879,0.36892275831937194,0.22769686753103208,0.1846207203672773,0.09731558988936476,16.6254670472798,7,0.4,0.8,0.5,True,16.642581588220615,16.6254670472798,10,0.4844980822691389,0.9,0.36196108479901684,19293.38550209999
0,0,198,0.351863886347984,0.822602268239995,0.40454023865916744,136.18093414900184,0.5356684921190878,0.8821680652515479,0.4981495405576598,0.5223741705317436,0.07241141838691656,0.2313967634190277,15.402549947166214,12,0.5,0.85,0.5,True,15.405749558515552,15.402549947166214,0,0.53,0.879961347474662,0.5,19293.38550209999
0,0,199,0.4122805753258381,0.8341780072372753,0.4704032180392158,120.65749724948208,0.5044186910664417,0.8412617032246037,0.5477226500090585,0.2234840088398148,0.008491827794392432,0.16436841629641416,17.321839582694228,12,0.5,0.85,0.5,True,17.32840867997912,17.321839582694228,-1,0.501750537692158,0.8402431559773507,0.5450347441850634,19293.38550209999
0,0,200,0.37559602811496356,0.6962070819800444,0.3243439385152884,126.41302198243329,0.5186874640930841,0.8824929410343128,0.48472360079799365,0.38097164311418824,0.2675724850779497,0.4944740543537104,15.905375205248692,12,0.5,0.85,0.5,True,15.90566196827127,15.905375205248692,-1,0.5189909025783249,0.8824973464550974,0.48471484051220176,19293.38550209999
0,0,201,0.40283453425135723,0.557932039257656,0.31979333516370634,155.3930227479217,0.5000100754794037,0.8310716077427224,0.5229095705354098,0.24122942043348172,0.48955705940186933,0.6351484319325342,17.38898522779749,12,0.5,0.85,0.5,True,17.38907771630743,17.38898522779749,-1,0.5000504995338949,0.8311006140799293,0.5229199494251172,19293.38550209999
0,0,202,0.46294832317745077,0.6917844033934071,0.4280353617179524,110.65555352840609,0.4895420982934292,0.802539540740405,0.5775232175232968,0.0574443707527695,0.16010065679959137,0.34924183648136814,17.44547219381362,12,0.5,0.85,0.5,True,17.446070736986673,17.44547219381362,-1,0.48961517510031866,0.8024952366353905,0.5776140223390858,19293.38550209999
0,0,203,0.380195407033194,0.5585364339808313,0.3105171142244987,144.2171955221543,0.5265498859657413,0.8477510206754815,0.5254938193416837,0.38494541550253236,0.5178079156508094,0.692318378824558,15.714517862402616,12,0.5,0.85,0.5,True,15.714580286757855,15.714517862402616,-1,0.5266264368610074,0.8478333997508385,0.5253811289008196,19293.38550209999
0,0,204,0.4881074258516231,0.5342649224230933,0.3660110688194995,99.31792853818516,0.49842459717702764,0.5352450514072113,0.4206160806638057,0.021137091506861865,0.0018345374045385173,0.14918950954249677,19.48452741484541,9,0.5,0.55,0.4,True,19.484634179279787,19.48452741484541,-1,0.4985725628247868,0.5351445970048441,0.4205782587460699,19293.38550209999
0,0,205,0.41523679754357257,0.7517797582574175,0.41020961259055116,102.12886702988993,0.5217486098385817,0.8458354649860346,0.531544829520954,0.2565086064749173,0.12511071985581632,0.2957883316389104,16.478646500179874,12,0.5,0.85,0.5,True,16.478889331290908,16.478646500179874,-1,0.5218507208851452,0.846007996475377,0.5313602892560945,19293.38550209999
0,0,206,0.4647154385194551,0.750104139124408,0.39348507152912565,112.3204462714954,0.5178547904778231,0.6455007677973391,0.49675046704210984,0.11434815276993071,0.13945179858515613,0.2624378991347338,17.3385539730045,12,0.5,0.85,0.5,True,17.444788633615193,17.3385539730045,1,0.5217213358092432,0.6443788969827939,0.5,19293.38550209999
0,0,207,0.5102811095276987,0.5621210927931878,0.32895265474268326,117.41067204855487,0.49458943438685976,0.640700294085795,0.5426737238523608,0.030751040647698423,0.13979052254051885,0.6497016091171437,17.76389240562915,10,0.5,0.65,0.5,True,17.768758081918534,17.76389240562915,-1,0.49625570019238663,0.6435100391695882,0.5399934304828566,19293.38550209999
0,0,208,0.3711962311778744,0.751254418978222,0.4389108776968237,137.7433940812374,0.39115588073559016,0.726489410166122,0.5022198949525437,0.05377115358736285,0.03296487606127197,0.1442411671087599,16.647056159913024,7,0.4,0.8,0.5,True,16.677217757122257,16.647056159913024,0,0.4011470613353317,0.7231391471414419,0.5,19293.38550209999
0,0,209,0.479789959354231,0.5947088849825881,0.4492627870296749,109.12805560501135,0.49760980215893413,0.6155129647672761,0.5319559203724652,0.03714092480944697,0.03498195555846978,0.18406406168096043,18.297592646471546,10,0.5,0.65,0.5,True,18.297762602617187,18.297592646471546,-1,0.49773402196434324,0.6156770384309029,0.5317286596860772,19293.38550209999
0,0,210,0.48131581124048634,0.7475756954976936,0.44196023808168505,99.31861705763806,0.528303893629474,0.7370061589199818,0.5005780735858594,0.09762422362125649,0.014138416539445238,0.1326314687461552,17.22058573699107,12,0.5,0.85,0.5,True,17.26671732006098,17.22058573699107,3,0.5274835340578201,0.7292254228396291,0.5,19293.38550209999
0,0,211,0.44958074174939383,0.8806877992896807,0.38468103447195123,100.7751927092089,0.5403557294503841,0.9016573002696262,0.39217287236954296,0.20191031170011786,0.02381036843800778,0.019475454275711082,17.1651141838643,12,0.5,0.85,0.5,True,17.225441652920168,17.1651141838643,10,0.53,0.9,0.3930700883777377,19293.38550209999
0,0,212,0.5186942199721928,0.7724736756472058,0.33943854718898914,135.7537035329242,0.5257505850442399,0.8526843560741342,0.5236591335867818,0.013604094282032662,0.10383613442843215,0.542721467327116,17.051927499149073,12,0.5,0.85,0.5,True,17.052006993583113,17.051927499149073,-1,0.5257446260552413,0.8526309520962253,0.5237052479654353,19293.38550209999
0,0,213,0.5259684834524211,0.6068673432723058,0.4707719597025067,137.43192407670938,0.5138120670827722,0.52948895624929,0.5046245682759424,0.023112442574230004,0.12750461510382435,0.07190871902147285,18.17254692643806,10,0.5,0.65,0.5,True,19.705258703122045,18.17254692643806,2,0.5129051616494992,0.53,0.5,19293.38550209999
0,0,214,0.36327343081870167,0.5980939649506177,0.4908314064361027,115.02734547525031,0.5285693399124315,0.8562562791436372,0.5281842989775223,0.45501788754879735,0.4316417307677314,0.07610126827995117,16.580944231352287,12,0.5,0.85,0.5,False,16.580944231352287,16.580944231352287,-1,nan,nan,nan,19293.38550209999
0,0,215,0.4096342392931047,0.7654110098692632,0.3880603807403089,93.76653149877824,0.5064666357212633,0.8251044936932193,0.5451571980572582,0.2363874577361007,0.07798879693950575,0.4048257052607462,16.725054693628906,12,0.5,0.85,0.5,True,16.725226239326094,16.725054693628906,-1,0.5064764704730828,0.825179468964422,0.5452506181341427,19293.38550209999
0,0,216,0.37141398864982417,0.700143600622882,0.4522536888089502,131.6491462915684,0.5192452947753511,0.854370936394158,0.5334858859611485,0.3980229895565537,0.22027957640985055,0.17961643909667258,16.345472803911424,12,0.5,0.85,0.5,True,16.647424440764162,16.345472803911424,-1,0.5175405952393602,0.8559403714873439,0.5316345199623992,19293.38550209999
0,0,217,0.40727115117698975,0.6003151045190644,0.45693110959215133,105.44521759016101,0.42317387177373367,0.536088371952025,0.5203604462181298,0.039047009715237585,0.10698836674864942,0.13881597311812366,17.563671450067634,4,0.4,0.55,0.5,True,17.563696112498864,17.563671450067634,-1,0.4230883194497268,0.5359535218050001,0.5204126685308699,19293.38550209999
0,0,218,0.46921738254412276,0.7090799111280974,0.41044154798987587,117.74934763501223,0.5059404345405681,0.8304927685087935,0.5272390864738659,0.07826447476717709,0.1712259161136529,0.2845655832261674,18.369477641251013,12,0.5,0.85,0.5,True,18.369610005592715,18.369477641251013,-1,0.5060060453843878,0.8303422055927181,0.5272689989130076,19293.38550209999
0,0,219,0.3593310940022716,0.5927620416930478,0.428297614188786,111.00850192146963,0.36809632275756266,0.6002551834123991,0.43748853327391707,0.024393181947220115,0.012641061998419155,0.021459188145465352,17.344122772917352,4,0.4,0.55,0.5,True,17.34420566800486,17.344122772917352,-1,0.36795098789082803,0.6003296581388698,0.437451167300328,19293.38550209999
0,0,220,0.393799199156168,0.6032498596781544,0.3177116746522558,134.5744804750575,0.5099936552426986,0.856416075246381,0.5435828676489399,0.2950601634932518,0.4196705751465831,0.7109313601519566,15.95784348923365,12,0.5,0.85,0.5,True,15.958206807408468,15.95784348923365,-1,0.510005741983853,0.8562491280733089,0.5435456433578233,19293.38550209999
0,0,221,0.41342011644097276,0.8831248447024715,0.47031361397022614,146.0600827023153,0.5090316350677037,0.8776193650591323,0.5005166829230365,0.23126963305468978,0.006234089864377068,0.06421899782540089,17.059056696084333,12,0.5,0.85,0.5,True,17.06038316851454,17.059056696084333,0,0.5088838163854498,0.8765797585622688,0.5,19293.38550209999
0,0,222,0.3273535799372797,0.7296475301533468,0.4214929052705335,96.88383094206768,0.48254099863556404,0.8979104367141079,0.366992329769996,0.47406666127805275,0.23060847821330657,0.1293036604389735,15.181223071299522,7,0.4,0.8,0.5,True,15.237267756244814,15.181223071299522,10,0.4724721742177852,0.9,0.3742864517260885,19293.38550209999
0,0,223,0.4172161980212253,0.6494951523032994,0.34329713635737696,143.56354579604024,0.5210130043112432,0.8657860943838442,0.5374947252072161,0.24878421974579568,0.3330139436969069,0.5656836841414162,16.00148918983793,12,0.5,0.85,0.5,True,16.0023677815407,16.00148918983793,-1,0.5213258512863915,0.8661512261685846,0.5369591683700689,19293.38550209999
0,0,224,0.4053096657350554,0.5691300035285437,0.3738141237100454,150.92777666859445,0.5270105002655129,0.8634294590954079,0.5317382814209995,0.30026630208718347,0.517104095272152,0.42246707038134923,16.937984042455902,12,0.5,0.85,0.5,True,16.938173585736724,16.937984042455902,-1,0.5272743915338779,0.8636883949470552,0.5313042826405477,19293.38550209999
0,0,225,0.39870499965023576,0.5990042299141679,0.313347231009368,125.7607223996661,0.5124868681489834,0.8705703354705282,0.505696308701453,0.28537858466425764,0.4533625840927256,0.6138528081849697,16.50106002585134,12,0.5,0.85,0.5,True,16.501394510162285,16.50106002585134,-1,0.512541123087778,0.8703081964926511,0.5053946785519544,19293.38550209999
0,0,226,0.45735431281611716,0.6790474024155938,0.46966388076479826,126.53056644667396,0.4849192287024606,0.5927329097186288,0.5516475040273455,0.06027037487984978,0.12711114480361183,0.1745580757222496,17.790651400779453,10,0.5,0.65,0.5,True,17.79352999513725,17.790651400779453,-1,0.48494296594808095,0.594100768342367,0.5514472423926897,19293.38550209999
0,0,227,0.4847586389932185,0.7331291032446187,0.41815978045935265,119.53103603420521,0.5296906604942987,0.7518732065896819,0.500688036990108,0.09268947036075151,0.025567261294234884,0.19736057934624235,16.651872831061425,12,0.5,0.85,0.5,True,16.731119693120142,16.651872831061425,3,0.53,0.7461330304555834,0.5,19293.38550209999
0,0,228,0.3396509535494687,0.7826295520922749,0.4716786854920571,139.06425999313416,0.35693899249737804,0.8112470235835891,0.4704187872825134,0.05089942709491432,0.036565794653177254,0.0026710942179406865,15.750895526605735,7,0.4,0.8,0.5,True,15.751061703632098,15.750895526605735,-1,0.3570408594752534,0.8110071462352251,0.4703871207244065,19293.38550209999
0,0,229,0.4050284208564967,0.5634231569250232,0.33715782487380586,128.20403811943592,0.5268868057962802,0.8764909836986391,0.5303722071365148,0.3008637879833091,0.5556531053537741,0.5730680648892749,16.313493863920918,12,0.5,0.85,0.5,True,16.313671748310277,16.313493863920918,-1,0.5270753558813015,0.8766678158892038,0.5300648855324529,19293.38550209999
0,0,230,0.4629198800187038,0.7602176684117717,0.32572884486352727,100.85675313320807,0.48210876613818104,0.8105481139415183,0.5850536408799337,0.041451851492534546,0.06620530884910326,0.7961370327060149,17.455662314744558,12,0.5,0.85,0.5,True,17.458137888358294,17.455662314744558,-1,0.48208731093097595,0.8107784745811695,0.5846076832847562,19293.38550209999
0,0,231,0.4543559050015979,0.835477272617632,0.3403558268880813,107.3761648178585,0.4907470167667112,0.7976179454457237,0.5775154658448516,0.0800938457374848,0.045314610478022155,0.6967991149884298,16.936471479096056,12,0.5,0.85,0.5,True,16.936781468590915,16.936471479096056,-1,0.4906489992394007,0.798298002677444,0.5773755744076742,19293.38550209999
0,0,232,0.46769935817987596,0.6995983830875926,0.3830443861281423,115.57173779485122,0.5243183482400798,0.7106025195897687,0.504072431562961,0.12105851562539105,0.015729219461043793,0.31596350140563195,16.82339941890587,12,0.5,0.85,0.5,True,16.92789643892334,16.82339941890587,2,0.5239858554797289,0.7050954150860275,0.5,19293.38550209999
0,0,233,0.329973141913319,0.6939064888986032,0.36029065591993553,118.0672970806626,0.35848519800217266,0.6777547669310319,0.491485615586833,0.08640720248784223,0.023276510921821734,0.3641364479240113,15.287092754619223,7,0.4,0.8,0.5,True,15.308289129833604,15.287092754619223,9,0.34916739735774144,0.6814955615983909,0.5,19293.38550209999
0,0,234,0.4305028398793406,0.7751743406856373,0.42495047543564585,140.16902836803575,0.5178777308557091,0.827527079177269,0.5514813716081409,0.2029600803582562,0.06753672786089125,0.297754452545981,17.196115966278434,12,0.5,0.85,0.5,True,17.196347792167856,17.196115966278434,-1,0.5176860642164164,0.8271730524595686,0.5518525641383648,19293.38550209999
0,0,235,0.3203438620693156,0.764761288154904,0.40841250975109306,146.95881331788678,0.37346029691175875,0.8141523248262047,0.4895652297916021,0.16581068386741837,0.06458359940062301,0.1987028264388071,15.101033812697139,7,0.4,0.8,0.5,True,15.101488940023419,15.101033812697139,-1,0.37351823066483547,0.8140626945779911,0.4897811927329616,19293.38550209999
0,0,236,0.51463517088406,0.5370522070571484,0.4656656595979678,109.58274316767003,0.5148626392015788,0.5294282552311168,0.5030868897799283,0.00044199916831976177,0.014195923088759077,0.08036072536306012,18.02735835339758,10,0.5,0.65,0.5,True,19.587633619846727,18.02735835339758,1,0.5155997643468727,0.53,0.5,19293.38550209999
0,0,237,0.44831338581993435,0.8038685178656478,0.4693992448040891,152.53768230587727,0.4948927833460419,0.8314060043784143,0.5536992501345176,0.10389918971729353,0.03425620720398561,0.1795912674840633,17.40288902137284,12,0.5,0.85,0.5,True,17.403192357650333,17.40288902137284,-1,0.4949120203306109,0.8315872653159184,0.5537329271692578,19293.38550209999
0,0,238,0.45042284939475263,0.8375190309850586,0.3995397471750513,108.33505309950695,0.5028699543386833,0.7947673533803749,0.5771027146160689,0.11643970774219271,0.05104561929106358,0.44441878110119915,16.185538672085784,12,0.5,0.85,0.5,True,16.187125304997444,16.185538672085784,-1,0.5029171140015977,0.7949167768686336,0.577336735554022,19293.38550209999
0,0,239,0.3502722062690421,0.7092464929639385,0.44907068036444,121.83395518462875,0.35843364911114817,0.6872836172609234,0.49098743302792985,0.02330028673710215,0.03096649179220099,0.09334110307418121,15.75358919860751,7,0.4,0.8,0.5,True,15.852363689606506,15.75358919860751,9,0.3500591954682628,0.6857277276122508,0.5,19293.38550209999
0,0,240,0.3861867245372255,0.676337947051896,0.41494756386543846,125.39998545438425,0.6586876853655232,0.9373606626988171,0.2441574654985703,0.7056197003012998,0.38593534014274766,0.41159441153449683,16.84213256916089,11,0.5,0.75,0.3,True,16.847251392663026,16.84213256916089,-1,0.6559272919267984,0.9363334252413211,0.24398471142038264,19293.38550209999
0,0,241,0.43554883906778286,0.7347389952304827,0.4748233062481482,99.15190381193581,0.5194632775477755,0.8403924326673531,0.5350666223838115,0.19266367156343953,0.14379723700894304,0.12687522988641894,16.709560897624286,12,0.5,0.85,0.5,True,16.709995470736565,16.709560897624286,-1,0.5195307320970044,0.840183327156367,0.5350570139910931,19293.38550209999
0,0,242,0.4731622821148647,0.8237303788743358,0.4424320140054331,119.37035044915612,0.5287804803318823,0.8581628489265887,0.5291865387539221,0.11754571384774014,0.04180065581568865,0.19608554987484167,17.325023154683258,12,0.5,0.85,0.5,True,17.325185650135964,17.325023154683258,-1,0.5287451936490947,0.8582049279738695,0.5292688560393117,19293.38550209999
0,0,243,0.5154632464522646,0.5434869433879628,0.4605879937587271,131.3780390788744,0.5073193391470562,0.5369355540469368,0.5074561928032656,0.01579920074080898,0.012054363808974348,0.10175731820983976,19.135229612409596,10,0.5,0.65,0.5,True,19.897527195945074,19.135229612409596,2,0.505722780616687,0.53,0.5,19293.38550209999
0,0,244,0.3251776348669531,0.6505017912498109,0.37565452894778223,104.75283298805502,0.5209729972279219,0.8679933405933243,0.5224626431267559,0.6021181697845817,0.3343442743265108,0.3908061872438672,15.799522196541847,12,0.5,0.85,0.5,True,15.799963039025593,15.799522196541847,-1,0.5210977525931524,0.8679105168878225,0.5222854167603906,19293.38550209999
0,0,245,0.4520887787197591,0.6884305168958222,0.44316096691638196,116.96481770024755,0.521810881767092,0.84341048521246,0.532165349764215,0.15422214912029977,0.22512071227674862,0.20083985163934104,16.67615509893924,12,0.5,0.85,0.5,True,16.676922121949538,16.67615509893924,-1,0.5223904401180318,0.8444223561297559,0.5312335933083999,19293.38550209999
0,0,246,0.327932120498417,0.7865734660005176,0.4466090597602781,98.8840501482808,0.36906691992234203,0.8089031641326345,0.4839656395137533,0.1254369329890744,0.028388572838156538,0.0836449215193412,15.421717668794416,7,0.4,0.8,0.5,True,15.421886243286943,15.421717668794416,0,0.36889970738667116,0.808737196035173,0.4842369209895254,19293.38550209999
0,0,247,0.4147125715035996,0.69409814494514,0.48297519612416595,131.10878982885228,0.5217687780424236,0.8417396951176381,0.5303667537213038,0.2581455540416257,0.21270990456856415,0.0981242059166827,16.390496961820574,12,0.5,0.85,0.5,True,16.392520554417146,16.390496961820574,-1,0.5218615786115234,0.8420212313757919,0.5299810643473493,19293.38550209999
0,0,248,0.38137032793314796,0.8451246156902894,0.3647309402643175,139.14821486697693,0.40766419385059116,0.8329355855822567,0.45022374621368066,0.06894575689709234,0.014422760716864057,0.2343996533099364,15.93214785442546,7,0.4,0.8,0.5,True,15.932218981915074,15.93214785442546,-1,0.40766804429096815,0.8326614120857609,0.45059681535399654,19293.38550209999
0,0,249,0.35629984196190617,0.6088670337585349,0.32914681206644014,145.05177298958372,0.5103848416258744,0.8609516001676938,0.5413834890231395,0.43245879317690583,0.4140223602730491,0.6448085449293617,15.725683586278969,12,0.5,0.85,0.5,True,15.72599790962802,15.725683586278969,-1,0.5104428848521544,0.8608853700638625,0.5415836570301648,19293.38550209999
0,0,250,0.35041218021195364,0.5326107724857062,0.3433196928925634,116.75183106188533,0.5203745291234994,0.6677418314120807,0.4986531111839665,0.4850355053546959,0.2537144682517682,0.45244540731898025,15.89559541207094,12,0.5,0.85,0.5,True,16.011722014793694,15.89559541207094,1,0.5229193968947706,0.6641244614358788,0.5,19293.38550209999
0,0,251,0.31692752989101775,0.6010444225304983,0.4981724357818414,142.9333926141503,0.5337915963553562,0.8997635320866497,0.4749262078105789,0.6842702069426149,0.4970000525060921,0.04666301525651332,15.296641980038473,12,0.5,0.85,0.5,True,15.29982711354294,15.296641980038473,5,0.53,0.9,0.4753877993798985,19293.38550209999
0,0,252,0.3420903178753152,0.6126488168995977,0.4533653103789346,151.0523895853536,0.5289971829458123,0.8577914504964413,0.5273388939034077,0.5463670127566159,0.40013565167305004,0.16316551317665665,14.687480091385627,12,0.5,0.85,0.5,True,14.690245920114371,14.687480091385627,-1,0.5290032683233327,0.8576620957644858,0.527408926529601,19293.38550209999
0,0,253,0.3911563817056912,0.8114260697141225,0.32934385358472035,127.6080348134695,0.46974689288725147,0.8989670194369798,0.3045424788153713,0.20091839186888757,0.10788530587105649,0.07530541256319262,15.874784589298372,6,0.4,0.7,0.4,True,15.972884591744872,15.874784589298372,10,0.46333395358442553,0.8957394659144513,0.3,19293.38550209999
0,0,254,0.4424377049565529,0.8129148008312689,0.3557264550319948,119.60209445919214,0.4839893191686249,0.8368928947982073,0.4941432057666396,0.09391517437726603,0.029496441622687792,0.38911008382043255,16.662753519286454,12,0.5,0.85,0.5,True,16.663458910030222,16.662753519286454,0,0.48405213112508855,0.8371023693875759,0.494075966427864,19293.38550209999
0,0,255,0.3958509507041184,0.5814574871824865,0.43518996919910546,128.5849672988433,0.4063276244501059,0.5401145956695758,0.4928587122870449,0.0264662083730054,0.07110217414731737,0.13251395291593956,18.40599514401372,4,0.4,0.55,0.5,True,18.406247405433135,18.40599514401372,0,0.4061426237671286,0.5400384454604626,0.49302566439603207,19293.38550209999
0,0,256,0.42330426015581973,0.7548762920263619,0.42105174640516063,98.3222604578214,0.5049261033399182,0.8418359802331313,0.5188217604547717,0.192820745895761,0.11519727023528334,0.23220427152802028,17.789200548636707,12,0.5,0.85,0.5,True,17.789245580715285,17.789200548636707,-1,0.504916228294355,0.8418506228207987,0.518770494391331,19293.38550209999
0,0,257,0.37974874819714005,0.6756850205201878,0.33766403723784066,138.7983489733331,0.5257385943052807,0.8612404344525739,0.49208417156890794,0.38443799170169357,0.27461821454844915,0.45731886520772197,16.06493494825099,12,0.5,0.85,0.5,True,16.06503083889529,16.06493494825099,-1,0.5256925255615404,0.8610673900681166,0.4919599556692957,19293.38550209999
0,0,258,0.45875499738223363,0.8047719614057239,0.30323276159873,99.83889220187494,0.5227410699319567,0.843376448302148,0.5329160535263204,0.13947765782355062,0.047969473028101284,0.7574488017608463,16.24977926795618,12,0.5,0.85,0.5,True,16.249794941560484,16.24977926795618,-1,0.5227998972203659,0.8434484928416514,0.5328111110839879,19293.38550209999
0,0,259,0.3679870581084259,0.7247289835095454,0.3154988836666645,151.70640498495948,0.4962618930552826,0.8668420096954246,0.518361354582874,0.3485851801588659,0.19609126917718672,0.642989504617521,15.626488387647203,12,0.5,0.85,0.5,True,15.62914017825535,15.626488387647203,-1,0.49633317702052554,0.8667937968488565,0.5183145674870667,19293.38550209999
0,0,260,0.42022737161463486,0.6157118310015103,0.31352155163846523,138.3036377426321,0.48726264437185274,0.861129399149554,0.5233932145694148,0.15952143359831372,0.39859160696790596,0.6694010725392215,17.18320696903273,12,0.5,0.85,0.5,True,17.185068333335213,17.18320696903273,-1,0.48736596072792254,0.8610597788574786,0.5233661510901936,19293.38550209999
0,0,261,0.48806730748895183,0.7271595230276305,0.4268617608557317,104.3249947350283,0.5100170960595094,0.5404038971329176,0.5038508602853867,0.04497287204809234,0.2568289625323612,0.18036073148204854,17.333111482602636,10,0.5,0.65,0.5,True,17.490770570383727,17.333111482602636,3,0.5087939812412566,0.5421569544728195,0.5,19293.38550209999
0,0,262,0.43346399932575447,0.5949132482482364,0.40131370331623173,115.12536070636656,0.5284847957027865,0.7490266947850888,0.5023032787873588,0.21921266016286287,0.2590519659641975,0.25164746340981076,17.391604570283988,12,0.5,0.85,0.5,True,17.481376360837444,17.391604570283988,3,0.5295878521900258,0.7451261270858499,0.5,19293.38550209999
0,0,263,0.5195702039450001,0.7170236197034207,0.340472235869969,109.83151249402268,0.5113184235916969,0.5333888672995577,0.5054773718543253,0.01588193528160193,0.2561069780097607,0.4846360983377629,16.782555763346785,10,0.5,0.65,0.5,True,17.375317662141686,16.782555763346785,2,0.510706336387624,0.53,0.5,19293.38550209999
0,0,264,0.4326331889869483,0.8336207790193341,0.3674301352954605,150.2756077603637,0.4950401331789136,0.8502381692241112,0.485923534113316,0.14424909087094562,0.019933992317616816,0.32249232557523294,15.912518017991818,12,0.5,0.85,0.5,True,15.912759577736821,15.912518017991818,0,0.49497183284029717,0.8502566347674231,0.48574794600309446,19293.38550209999
0,0,265,0.3672123010740665,0.8581327923945604,0.44579421719558293,151.99917007579376,0.40906981803033393,0.8478155250143369,0.5011613729062931,0.11398724071562298,0.012022926371842655,0.124198909665127,15.54083596625676,7,0.4,0.8,0.5,True,15.579622846962245,15.54083596625676,5,0.4046479722205815,0.8424540052620934,0.49110172270238905,19293.38550209999
0,0,266,0.51709995590951,0.5893390063965035,0.4404137818486799,108.73483800958103,0.5072869431193535,0.5368927216321601,0.5077595459782225,0.018977013395595186,0.08899170798998142,0.15291475177468822,18.973663067065523,10,0.5,0.65,0.5,True,19.595993023173342,18.973663067065523,3,0.5070124067651376,0.53,0.5,19293.38550209999
0,0,267,0.4460188703724461,0.6231862634387253,0.3921998931904178,118.29641992516015,0.5099013362328808,0.5411765907222807,0.5027756131478681,0.14322816836671048,0.13159736908178518,0.2819371495946952,16.814851397823823,10,0.5,0.65,0.5,True,16.84495845571918,16.814851397823823,3,0.5091957728112304,0.5409893207000517,0.5,19293.38550209999
0,0,268,0.33018734546298284,0.7548267011028168,0.43518331604847094,148.71104200627045,0.36724171453584,0.7899145407563969,0.5019980497387874,0.11222225679454845,0.04648462965382128,0.15353238790724819,15.547104034959013,7,0.4,0.8,0.5,True,15.547239766802827,15.547104034959013,-1,0.36715158048483576,0.7899526783442954,0.5019972023519395,19293.38550209999
0,0,269,0.46694238047390235,0.6003643798241409,0.42404169154954535,123.13126122084117,0.5113786435620528,0.5420410735757081,0.5027742800727635,0.09516433921258508,0.0971465133649617,0.18567181032485564,18.29778848077779,10,0.5,0.65,0.5,True,18.76652317832015,18.29778848077779,3,0.5110289666701132,0.5406025406354317,0.5,19293.38550209999
0,0,270,0.4637223416766017,0.6439040666389632,0.3242394197723255,113.97447010088298,0.48150287781712314,0.5896745354348307,0.38206103162670746,0.03834306554270254,0.08421989239359613,0.17832998805322048,17.612206889079694,9,0.5,0.55,0.4,True,17.612238560919103,17.612206889079694,0,0.4815541927150296,0.5896238215639625,0.38205947725242967,19293.38550209999
0,0,271,0.5129857035942587,0.8128318962093557,0.3020038247920634,106.1833260741547,0.5229737961336884,0.8443892338393213,0.5355967978518515,0.01947050857255424,0.03882394105980997,0.7734768697734948,16.08085735203507,12,0.5,0.85,0.5,True,16.081285047410763,16.08085735203507,-1,0.5232517888386283,0.8448408570607724,0.5351832079859163,19293.38550209999
0,0,272,0.37834698931504585,0.8674125776286683,0.38068741105025516,105.11350603550433,0.3924841786153399,0.8622508815124196,0.3958718442741909,0.03736567145912231,0.005950681658732418,0.03988688037265103,15.849800051917285,7,0.4,0.8,0.5,True,15.858811798671738,15.849800051917285,0,0.3899134997591181,0.8546407520540091,0.405926873288144,19293.38550209999
0,0,273,0.49804184950469194,0.8545099021407536,0.36034959508713515,115.94988151493638,0.5268375373434803,0.7383476134825434,0.5011923687691364,0.05781780761481381,0.13594024875217436,0.3908503730882352,16.401711371718253,12,0.5,0.85,0.5,True,16.451352686277875,16.401711371718253,3,0.5272167774071789,0.7295360536234009,0.5,19293.38550209999
0,0,274,0.47549955137100336,0.6277614502127626,0.45788448073623916,121.92749339661376,0.5327091507560676,0.8500351687580237,0.5349251546149948,0.1203147284158573,0.3540735393514963,0.16825351615953613,18.710278463879632,12,0.5,0.85,0.5,True,18.71125177883919,18.710278463879632,-1,0.5315720808115593,0.8482468034191708,0.5364750936171638,19293.38550209999
0,0,275,0.45303120285159604,0.8502819832680458,0.3058635226899593,115.30707766007114,0.5040577183940381,0.8259806883321048,0.5732375816682027,0.11263355641125089,0.028580277383438567,0.8741613142580228,15.594284050502058,12,0.5,0.85,0.5,True,15.62000859885936,15.594284050502058,-1,0.5042234179979894,0.8287323945982694,0.575966470732977,19293.38550209999
0,0,276,0.4790495972295576,0.7459284507194883,0.3222617148497485,149.3852083476478,0.5234264160145979,0.7112547103554748,0.49942958601135023,0.09263512388212124,0.04648400303081186,0.5497639433967654,15.975555869613117,12,0.5,0.85,0.5,True,16.026077550800604,15.975555869613117,2,0.5258688000497659,0.7072831946967922,0.5,19293.38550209999
0,0,277,0.5211845903129578,0.5374052148645928,0.38713601650613433,115.55256389206549,0.5070256530370462,0.5368211166636719,0.507508308464392,0.027166837890217725,0.0010868859935943133,0.31093023337018894,18.782941613795163,10,0.5,0.65,0.5,True,19.332995294577955,18.782941613795163,2,0.5075492132272484,0.53,0.5,19293.38550209999
0,0,278,0.5063883657410383,0.5472306843599299,0.4710063700525634,107.71673557961353,0.505371371997959,0.5326299422342661,0.5076065960627728,0.002008327623386526,0.02668114662236397,0.07770643527841224,18.83214879350957,10,0.5,0.65,0.5,True,19.68501583598791,18.83214879350957,3,0.5052152597224961,0.53,0.5,19293.38550209999
0,0,279,0.3353602722822655,0.6974231965809906,0.358824935091255,128.71870760942244,0.4876873218879184,0.9070474206119296,0.38250470745970966,0.454219125506442,0.3005696183588233,0.0659925497162913,15.362396239812634,7,0.4,0.8,0.5,True,15.389093535234554,15.362396239812634,10,0.4774489198722081,0.9,0.3896467094948091,19293.38550209999
0,0,280,0.49623696049223526,0.8466369986972865,0.45314170531151315,95.76241255519722,0.5239178152682784,0.68985954343903,0.4990261949891524,0.055781525722278964,0.1851767115062166,0.10125858895750033,17.42800191449362,12,0.5,0.85,0.5,True,17.45106021633071,17.42800191449362,1,0.5236157448283437,0.6823169286348403,0.5,19293.38550209999
0,0,281,0.3270921424662645,0.6494423372347103,0.47520075549144525,153.17996939523243,0.4230724349670859,0.7734457061176427,0.5361660550218449,0.29343502958259104,0.19093822772770236,0.1282937765268287,15.881303407751725,7,0.4,0.8,0.5,True,15.881827201193682,15.881303407751725,-1,0.4233189975794604,0.773961674802596,0.5356408862379138,19293.38550209999
0,0,282,0.42888105810559696,0.8112212936309939,0.36586727679087655,144.8802062647363,0.4830745759705195,0.8408108457202421,0.5186794157856459,0.1263602503321079,0.03647531483894676,0.41767096619060073,16.719470059163562,12,0.5,0.85,0.5,True,16.719944091115824,16.719470059163562,-1,0.48304586320847476,0.840694820379021,0.5188437975505552,19293.38550209999
0,0,283,0.4888325912515506,0.558315960986898,0.4925155315185643,115.2317465267845,0.5060698580238526,0.5355327166677543,0.5083874570708454,0.03526210625230556,0.04080708041889268,0.03222624371528649,19.192549304813113,10,0.5,0.65,0.5,True,19.840368625016012,19.192549304813113,3,0.5087074321585004,0.53,0.5,19293.38550209999
0,0,284,0.3539516713449036,0.7170117700439468,0.4244257020272726,94.79934972416359,0.4111491304935549,0.744816173523063,0.5683764685047793,0.1615968048160903,0.03877816884011819,0.33916599722854857,16.44736349771698,7,0.4,0.8,0.5,True,16.44773046391233,16.44736349771698,-1,0.41130688199860876,0.7457431006581753,0.5672394410611722,19293.38550209999
0,0,285,0.3478699878780012,0.6546423601992597,0.34436746400399265,131.4430152719843,0.5113759003641853,0.8632830607213395,0.2601835389735924,0.4700201747312735,0.3187094407678933,0.2444595782992559,15.063181897277754,11,0.5,0.75,0.3,True,15.064834252303463,15.063181897277754,-1,0.5088728261538575,0.860639862191606,0.2620556763101805,19293.38550209999
0,0,286,0.3345581552868218,0.7933625616568424,0.39570449540757696,112.11284356082297,0.40208582306175567,0.7918345747115163,0.48387770227847826,0.20184134419632171,0.0019259630075498637,0.22282589127546454,15.479213724714024,7,0.4,0.8,0.5,True,15.47937330446508,15.479213724714024,-1,0.4019255356730975,0.7920325322161524,0.483720892091337,19293.38550209999
0,0,287,0.5211257969098527,0.8822338038437789,0.480078193326275,153.80069060075772,0.5100135067284007,0.5336127690528494,0.5056653535838962,0.02132362329277331,0.3951571944670819,0.053297901494624704,17.54674653234974,10,0.5,0.65,0.5,True,17.835363379652428,17.54674653234974,2,0.5094579188972662,0.53,0.5,19293.38550209999
0,0,288,0.3345973398570201,0.6526652902467663,0.32884211514857437,123.43441750914016,0.4941976735243192,0.8981547371137495,0.4348577796110026,0.4769922371035567,0.3761337557481661,0.32239077532550603,16.212440214305822,7,0.4,0.8,0.5,True,16.222451587333723,16.212440214305822,10,0.4895805569742413,0.8888949809955453,0.43759431406302557,19293.38550209999
0,0,289,0.5135659082676385,0.7191603400060927,0.488845015564598,135.73042667766543,0.5075862596207362,0.5379121292917847,0.506003823379264,0.011643390946787766,0.2520275391059142,0.035100711408191834,17.907687652368985,10,0.5,0.65,0.5,True,18.286941227586514,17.907687652368985,3,0.5094394293540433,0.5338550333294272,0.5,19293.38550209999
0,0,290,0.3270599107447085,0.7122444159928645,0.40384680592594235,110.3252008710757,0.35763405985163876,0.6909377608181007,0.4900623592069393,0.09348179982472797,0.02991480831065902,0.213485787223998,15.735743382026826,7,0.4,0.8,0.5,True,15.759871973039793,15.735743382026826,3,0.3629065206717047,0.699809564644392,0.49836056619724406,19293.38550209999
0,0,291,0.34376576706373696,0.5398595165647874,0.3787655921847317,117.51428761728621,0.5452336646070681,0.9000261736979811,0.4711949601279013,0.5860615478503344,0.6671488527700538,0.24402788914915452,16.19659464152582,12,0.5,0.85,0.5,True,16.197309315058497,16.19659464152582,-1,0.5452390475764495,0.9000841858916178,0.47121936731591574,19293.38550209999
0,0,292,0.3214483621547403,0.6170651672190641,0.45762127875969577,132.34971136435425,0.517132744305766,0.9100306503420242,0.48514818119544545,0.6087583736290003,0.47477235580039556,0.0601521470119498,16.265823024612896,12,0.5,0.85,0.5,True,16.27582657730089,16.265823024612896,8,0.5262801502992198,0.9,0.48240965047068196,19293.38550209999
0,0,293,0.5238693918803434,0.8381947170963984,0.42628583926645613,105.40575605944852,0.5281749847837324,0.7510829536947667,0.5055206963887551,0.008218828910646455,0.10392783636646705,0.1858725996121397,16.920167706441227,12,0.5,0.85,0.5,True,16.994979356169914,16.920167706441227,3,0.5239204071599038,0.7479264817880803,0.5,19293.38550209999
0,0,294,0.4941396891398534,0.6820448740506405,0.30568130298012414,153.2650255456472,0.48477516385636954,0.8206401225672757,0.5915662344511986,0.018951170062426366,0.20320546900898598,0.9352385268053609,18.231271532227968,12,0.5,0.85,0.5,True,18.232009061521204,18.231271532227968,-1,0.4848897772754008,0.820619871401796,0.5914742440804094,19293.38550209999
0,0,295,0.515648904858947,0.6467280841445219,0.39868667427167614,110.7983505117164,0.5141647309568341,0.5295314983898018,0.504520840836581,0.0028782644317238487,0.18121462269532515,0.2654569951660499,17.257303802103657,10,0.5,0.65,0.5,True,18.652276222587922,17.257303802103657,2,0.5137029921820156,0.53,0.5,19293.38550209999
0,0,296,0.4770224611993524,0.8774287198362093,0.4217406829944983,132.1058888135201,0.517775941978928,0.8847171031752596,0.46806642515100894,0.08543304371268233,0.008306524705973706,0.1098441388854937,17.781228830721606,12,0.5,0.85,0.5,True,17.781423494695662,17.781228830721606,-1,0.5179044810561669,0.8846989950868814,0.46791449655137884,19293.38550209999
0,0,297,0.3653338088795916,0.6276733542061759,0.3762788709250004,129.30365793626504,0.5213867194602573,0.6820134970855373,0.497363342068683,0.42715157148814087,0.08657392020103492,0.321794500036695,17.265497239240304,12,0.5,0.85,0.5,True,17.30256070658834,17.265497239240304,1,0.5231738978872701,0.6799284678315691,0.5,19293.38550209999
0,0,298,0.47106102108174175,0.549225426720238,0.4122926839855594,154.13241696800122,0.5130243112396048,0.528621747208183,0.5036579654573451,0.08908249309505335,0.03751406710190423,0.22160296561310258,17.514316396035092,10,0.5,0.65,0.5,True,18.872512367969414,17.514316396035092,1,0.5112742269701792,0.53,0.5,19293.38550209999
0,0,299,0.36267157046870063,0.6807374044081026,0.30864752768790327,143.3061500965042,0.4973385341365096,0.9174574274840697,0.39547772030565254,0.37131932754963765,0.34774058475866154,0.28132476313093885,15.810468654329544,12,0.5,0.85,0.5,True,15.811624473780615,15.810468654329544,-1,0.4977719753975535,0.9166196050148376,0.39726150046497855,19293.38550209999
