repeat_idx,seed,signal_idx,true_gamma,true_wr,true_fr,true_zeta,true_Qr,estimated_gamma,estimated_wr,estimated_fr,estimated_zeta,estimated_Qr,relerr_gamma,relerr_wr,relerr_zeta,relerr_Qr,signal_loss,pressure_loss,reed_loss,elapsed_seconds_repeat
0,0,0,0.45089891602482685,945.1913195248375,150.43187066992897,0.3081947047872389,94.78297722053307,0.45116676890911855,944.9922625461761,150.4001897678181,0.3081687224644982,98.75789225441324,0.0005940419787501997,0.00021059966860617128,8.430489666796774e-05,0.041937013907377765,0.0073696187782348295,0.014739107509560371,1.3004690928887234e-07,10408.935584306717
0,0,1,0.4881000204712574,1288.5821834021936,205.08422406860637,0.42132715515343605,139.34353506149992,0.48686762970851627,1183.076613883184,188.2924911559304,0.4266074561862164,161.82427887413513,0.002524873409247668,0.08187725305998503,0.012532543815879689,0.1613332387664288,0.4626177549298728,0.8966763874936757,0.028559122366069865,10408.935584306717
0,0,2,0.43120487319920425,1300.5009583802266,206.98115602196032,0.4631707108243065,93.92115626063426,0.43157926924076156,1300.1175441678906,206.92013375481537,0.46350453798769586,100.1169037934483,0.0008682555899231501,0.00029482039968162325,0.0007207432499245322,0.06596753893894404,0.003677941049946448,0.007355625313786241,2.567861066550477e-07,10408.935584306717
0,0,3,0.4974123023599772,819.043200095257,130.3547739009645,0.4459310892859888,104.72847628765994,0.4977621754261815,820.3662086467617,130.5653372516893,0.4452159616046542,115.46472293620327,0.0007033864352456592,0.0016153098534373155,0.0016036730753166873,0.10251506590293409,0.05138826517702224,0.10275586984772447,2.066050631999865e-05,10408.935584306717
0,0,4,0.49863075261582607,1090.2847272609104,173.52420372117282,0.359942378107477,120.16795132485365,0.5226650423610854,1056.2680779165555,168.11028583059507,0.33555014166277974,111.90047629674255,0.048200576517142116,0.03119978524308403,0.06776705919694134,0.06879933407337019,0.2499079586376271,0.49801528181239274,0.0018006354628614823,10408.935584306717
0,0,5,0.3224754506116927,867.482189495964,138.06407850246293,0.4341248829387261,134.19934447339062,0.31708688880559016,873.2292929706607,138.9787584289215,0.44498129817637366,160.7740522615457,0.016709990778774487,0.0066250391584822725,0.025007585753106645,0.19802412517316267,0.07257835164133257,0.14511385772371582,4.2845558949330485e-05,10408.935584306717
0,0,6,0.44634625852254456,1006.0170862541908,160.1125921122601,0.49944198715784227,155.05220867351437,0.44635277790264194,1005.7656686117792,160.0725777516898,0.49971463896648166,192.07521832379797,1.4606104504965474e-05,0.0002499138889853796,0.0005459128700631695,0.2387776992473618,0.004648070413841165,0.00929613508511276,5.74256957038539e-09,10408.935584306717
0,0,7,0.4611493587254266,1148.4974009083892,182.7890384827644,0.437689346114188,118.05758899869397,0.4621375093045825,1100.4871534467018,175.1479702801717,0.4273105613152859,118.9386117352844,0.0021427994216170355,0.041802660958322004,0.02371267404848926,0.007462652287437197,0.3039029333419835,0.6044360962893904,0.0033697703945765635,10408.935584306717
0,0,8,0.3450053625597288,1186.4319464301489,188.82650891649698,0.4050708644951452,113.14011722243472,0.3448912331525765,1186.03081939332,188.76266756577783,0.40506813317657,137.70263958618656,0.00033080473389023377,0.0003380952763754285,6.742816663953253e-06,0.2170982580428271,0.005623012474359537,0.011246007417801235,1.7530917838341708e-08,10408.935584306717
0,0,9,0.41901126071350747,1276.1555624596108,203.10646591966506,0.48680870319124997,116.1121997943169,0.4191741546963377,1275.3873032714691,202.98419367229653,0.4868442636480784,136.21959048257926,0.00038875800748844233,0.0006020106096320607,7.304811231873876e-05,0.17317207600821397,0.008400955913331416,0.016801843929449976,6.78972128553588e-08,10408.935584306717
0,0,10,0.4244943628117542,1308.720986865228,208.2894141877045,0.3288319225439268,153.04059044607774,0.42821787352725305,1122.4545571735039,178.64419117018758,0.35713215376784113,185.59797075097157,0.00877163760393702,0.14232707472498557,0.08606290716843001,0.2127368968585173,0.688168501599645,1.3668572962141554,0.00947970698513473,10408.935584306717
0,0,11,0.3822964363742124,1027.1924012330219,163.4827481626689,0.46554051876408836,119.32494602307258,0.3819072955620985,1026.6635062864254,163.39857191754177,0.465642790741881,154.94874237204786,0.001017903320796258,0.0005148937491764568,0.00021968437476532063,0.2985444162035245,0.010825172004399088,0.021650115755039473,2.2825375870157362e-07,10408.935584306717
0,0,12,0.43246426809901556,815.8246429750557,129.84252462566081,0.4507026217349614,127.3839570762049,0.4328441196539545,833.9478840249925,132.72692802360422,0.44786295733128684,141.19872757685522,0.0008783420572724525,0.02221462811401122,0.00630052781309189,0.10844984578698491,0.26092254731796277,0.5210443266098441,0.0008007680260814575,10408.935584306717
0,0,13,0.3860733921813085,1222.1828365022973,194.51643979141434,0.36063896585832905,122.09361809254071,0.3878999754709527,1197.3503140862401,190.56422109945856,0.3608041149756286,141.94988982662866,0.004731181497186387,0.020318173087035058,0.00045793475728967835,0.16263152852950855,0.2510783524376996,0.502062349530433,9.435534496615334e-05,10408.935584306717
0,0,14,0.34478279811915175,1016.3969821195176,161.76460384800598,0.34069104813522993,110.1445837776156,0.3447244032436499,1016.2023297643417,161.73362396349526,0.34062675870041753,122.23966140631681,0.00016936713728297564,0.00019151213413677866,0.00018870303509379313,0.10981091592412255,0.00486251007575269,0.00972501546603672,4.685468660907395e-09,10408.935584306717
0,0,15,0.474826945924941,950.8642426608981,151.3347444288134,0.3970381948863271,155.0460749875774,0.4750859182466209,950.717787713255,151.31143539995574,0.39716859444087055,172.60588664882874,0.0005454035915662015,0.00015402298358935585,0.0003284307560908684,0.11325544140771224,0.004118107780925217,0.00823609358064361,1.2198120682499108e-07,10408.935584306717
0,0,16,0.5194096678630591,1188.1952347314827,189.10714496575036,0.4082453711094869,111.05570025283568,0.5201241661204685,1188.0239261787497,189.07988036278897,0.40835226405147024,111.83492700449641,0.0013755967622801554,0.00014417542481711266,0.00026183503732778944,0.007016539897427129,0.005852893014671316,0.01170480806905706,9.779602855722729e-07,10408.935584306717
0,0,17,0.35039757385155174,1319.114920622671,209.94366012337125,0.40321371710957576,100.99160077942315,0.35034408523199323,1318.5395846944596,209.85209256645803,0.4032888866215393,121.1774422260847,0.00015265122692078583,0.00043615299866355564,0.00018642597901272643,0.19987643814805606,0.00523955238153291,0.010479100720143363,4.04292245726791e-09,10408.935584306717
0,0,18,0.4480563384184125,1215.9098609168482,193.51806471909535,0.42260066021060805,151.0811065494314,0.44990904618741157,1213.7598991936884,193.1758876833961,0.41954671740902694,163.5040603921461,0.004134988415829326,0.0017681916992914372,0.007226545268668398,0.0822270509294297,0.012376998520871124,0.024747921794887738,6.075246854511423e-06,10408.935584306717
0,0,19,0.3248540969761468,1083.4101915234985,172.43008737710184,0.39186717657708076,97.64684869686722,0.32413178891364386,1083.3291633820913,172.41719134786734,0.39183196540281634,129.7198831448779,0.002223484540371948,7.478990140679527e-05,8.985487014243354e-05,0.3284594933276088,0.006607116679051511,0.013213562921425982,6.704366770402712e-07,10408.935584306717
0,0,20,0.37170016032660574,960.5215158283398,152.87174719020047,0.46284514811885613,99.49474638344356,0.37122188153007346,959.7492780874262,152.74884173649195,0.4617101969896375,134.8301213472909,0.0012867328228000465,0.0008039775561379879,0.002452118454371659,0.3551481485029178,0.006902409428662729,0.013804462027320413,3.568300050452386e-07,10408.935584306717
0,0,21,0.44312121097875296,1190.2089944490626,189.42764477900255,0.3375802146733207,97.19666420831678,0.44299990018822105,1198.703529807233,190.77959207052425,0.33834609990722786,96.1370889720112,0.0002737643505350503,0.007137011565017176,0.002268750361001729,0.010901353919252225,0.11410253820301997,0.22817539846085572,2.9677945184221e-05,10408.935584306717
0,0,22,0.374518536628174,1152.221870724691,183.38180626442536,0.4124531325560856,103.1288914565835,0.37455467682038984,1151.8812909759422,183.32760131389503,0.4125021057711416,118.97068587661657,9.649773958103714e-05,0.0002955852144470366,0.00011873643619210802,0.15361160385111233,0.004393240387909712,0.00878647647266076,4.303158664711931e-09,10408.935584306717
0,0,23,0.40778509685981007,1158.5582376311625,184.39027037883423,0.3845569346540256,133.32402495463228,0.4081444806333838,1158.319185860981,184.35222410795495,0.3846878685336001,143.52059162700266,0.0008813067871808514,0.00020633556641078284,0.00034047982957925694,0.07647958930012866,0.004207161807277631,0.008414122724984987,2.0088957027642475e-07,10408.935584306717
0,0,24,0.5206289859761658,1165.9110693732985,185.56050989631817,0.37832496661600523,105.45328560750613,0.5326218310199455,938.935745899539,149.43626520558743,0.39970204804188053,77.57340991709127,0.02303530031331901,0.19467636034690314,0.05650454850253843,0.26438129006414174,0.9581416955258147,1.783532010753911,0.1327513802977185,10408.935584306717
0,0,25,0.3894977004356357,1074.0515150366002,170.94060775341407,0.47824188190011585,142.22274640454307,0.3893507516784239,1073.62219726858,170.8722797084765,0.4783105964094658,185.1996834443561,0.0003772775989368301,0.0003997180414624018,0.00014368149664551518,0.30218047482762017,0.004205196216690866,0.008410360116265354,3.231711637872935e-08,10408.935584306717
0,0,26,0.383628932729844,1294.7033387715949,206.05843620308008,0.3941819770831515,137.10992763763937,0.3839450145306778,1294.445097267846,206.01733579124695,0.39434973553480257,148.50936960063603,0.0008239258665518857,0.00019945998130652454,0.0004255863063360697,0.08314089402135524,0.004348768546794913,0.008697388878432716,1.482151571102653e-07,10408.935584306717
0,0,27,0.33912074208370707,856.9397834414182,136.38620246680003,0.3403814895058901,149.02810460551837,0.3302367182525597,869.5939528337766,138.40017607631603,0.3449551667146429,180.17144879976368,0.026197229271674862,0.014766696140001867,0.013436915195923563,0.2089763154183745,0.1284380937838993,0.25673885833541976,0.00013732923237887694,10408.935584306717
0,0,28,0.45994021837324717,1254.6584078882784,199.68508750722697,0.42888725384110354,119.15889985472103,0.4652495166404593,1223.2443845412247,194.68539040913916,0.42451971795785665,127.80757777256149,0.011543452942624812,0.02503790924250591,0.010183412643139557,0.07258104873731597,0.1656104344812477,0.3299448198540499,0.0012760491084455167,10408.935584306717
0,0,29,0.4254979989603743,1118.046951934812,177.94269900925204,0.4724235969815256,121.13663538494532,0.42564745428452927,1117.7519512394115,177.89574819036352,0.47263876532685567,140.5885953290521,0.0003512480070884284,0.00026385358404662414,0.0004554563885141833,0.1605786712029171,0.003756734969768131,0.007513427390902964,4.25486332976658e-08,10408.935584306717
0,0,30,0.33457197426730473,927.5796917939786,147.62889306066847,0.46025489304127937,130.135127254023,0.3342293935654641,927.3360155558771,147.5901107828606,0.460060501349945,167.49968520999562,0.0010239372338070347,0.00026270113528484334,0.0004223565990790238,0.28712123117255833,0.004697706583500061,0.009395246559801387,1.6660719873473775e-07,10408.935584306717
0,0,31,0.33636114351272417,1032.4265569635816,164.31578992010026,0.3958102596281668,103.73368216481741,0.3358270594282095,1032.0167443898063,164.2505662232427,0.39579712873734735,133.97101471938683,0.0015878293162434188,0.00039694113931026476,3.3174710609526725e-05,0.29149001484905157,0.005640096744194644,0.011279811913810833,3.815745784548109e-07,10408.935584306717
0,0,32,0.4714957789473443,861.8150277250421,137.16212169331928,0.3782456380991324,126.04626141383524,0.4715561680923613,861.5173074142687,137.11473803420083,0.37798002907061456,144.6547213281945,0.00012807992714551232,0.0003454573211137401,0.0007022130641153425,0.14763198611074987,0.004898393832413705,0.009796772839753522,1.4825073886652073e-08,10408.935584306717
0,0,33,0.4073625123073915,1114.4980804637955,177.37787857224197,0.4475675574584321,153.51670342725615,0.40748295415983304,1114.2252951160015,177.33446343573752,0.4478227155187682,177.83601485397335,0.00029566258259583976,0.00024476071567620006,0.0005700995438209357,0.15841475802820965,0.004466508728240658,0.008932993104084175,2.4352397140133653e-08,10408.935584306717
0,0,34,0.37646644555099495,1147.476220680984,182.62651260178515,0.4392431993340311,112.04504681328045,0.3764036213917094,1147.3077377935008,182.5996977174158,0.439269928201293,135.38944891975288,0.0001668785094342123,0.0001468290884347588,6.085209128435095e-05,0.20834836318445332,0.005222237778859992,0.01044445686244771,1.869527227551894e-08,10408.935584306717
0,0,35,0.31681440762036445,1321.0027867859,210.2441233551451,0.35968024460337517,113.37412512714604,0.316759630507281,1320.5816682757302,210.17710026262404,0.3596821605621772,134.75636408611754,0.00017289969068918175,0.00031878699604752803,5.326839132267346e-06,0.18859893238419165,0.005473427739664364,0.0109468516816571,3.797671628957411e-09,10408.935584306717
0,0,36,0.5046510358639281,1113.6245374948253,177.23884989072718,0.3942619330363663,142.079813103051,0.5052701534970325,1113.41358539887,177.20527582190033,0.394518790328322,145.1501021042947,0.0012268232681708806,0.00018942838349250704,0.0006514889479121709,0.02160960754513935,0.004974831013282314,0.009948947848819563,7.141777450655398e-07,10408.935584306717
0,0,37,0.3229030076167814,1178.6755063109363,187.592033130728,0.37484876669569417,99.42829459401611,0.32302575275105566,1178.3116531326823,187.53412409884916,0.3746234278444792,109.6600790923895,0.000380130043322207,0.00030869664831907585,0.0006011460387113491,0.1029061650926593,0.006251407265039734,0.012502792048323714,2.248175575399645e-08,10408.935584306717
0,0,38,0.4558655142272858,1298.573727199175,206.67442765301513,0.3414382336162003,133.13063748658394,0.4714288024223973,1052.0687111511231,167.4419358520207,0.3315150709378723,87.9291640592149,0.03414008673477325,0.18982750912397212,0.029062833922349474,0.33952720636468187,0.8089341885997579,1.5969343625883785,0.02093401461113716,10408.935584306717
0,0,39,0.3794124121287166,1197.256673931081,190.54931780589308,0.4444329616284235,107.41971403555029,0.37939824441970976,1196.8211539614567,190.48000264991217,0.44442442219875683,130.3471741320208,3.734118482675301e-05,0.0003637649128271289,1.921421317486519e-05,0.213438104004659,0.005036399283868373,0.010072794094663044,4.47307370197361e-09,10408.935584306717
0,0,40,0.5154848382757695,1074.191216860337,170.96284198922072,0.4952487411415408,98.80225149347513,0.5268452421508821,987.9668811947915,157.23981275323436,0.4958724359533615,110.82140595278364,0.022038289066098823,0.08026907529328271,0.001259356682831878,0.12164858874802313,0.8108859117337814,1.5215418718768483,0.10022995159071453,10408.935584306717
0,0,41,0.4446520805509512,1002.1765995667054,159.5013596720682,0.46038024139716144,104.65798850900178,0.44459049481496316,1001.8900404026468,159.45575236461997,0.46045028463845655,121.50086302693238,0.0001385031998764403,0.00028593679415626514,0.00015214215336989157,0.16093252658378693,0.006435850495267251,0.012871691296177207,9.694357294113351e-09,10408.935584306717
0,0,42,0.5004150428535955,1091.6093191311284,173.73501906489736,0.4804430159431977,123.57209523995039,0.5009021222390123,1091.1841223484803,173.66734689515215,0.48034685056626114,136.28543650623016,0.0009733508062412782,0.0003895136979835512,0.00020015979782281608,0.10288197542975377,0.007414593317393576,0.014828760903432034,4.2573135511879836e-07,10408.935584306717
0,0,43,0.40733471460090614,1222.4594926902753,194.560470991268,0.4968305999862243,116.85786204077681,0.4073830413696963,1221.9580858473369,194.48066961371427,0.496978761537594,144.03927678560154,0.00011864141959390609,0.00041016233743252533,0.00029821341796140526,0.23260236213580524,0.004145540594420177,0.008291073476447636,7.712392717224434e-09,10408.935584306717
0,0,44,0.5209448354257254,1297.271947380531,206.46724296006064,0.33553851715239624,131.80322605278423,0.5217191728260677,1297.1147263888997,206.44222046208472,0.3356459233618076,131.18003599702865,0.001486409592120192,0.00012119354923898813,0.0003201009837048648,0.004728185147046387,0.0038332267449833054,0.0076652682252856,1.1852646810104274e-06,10408.935584306717
0,0,45,0.4652264613141607,1304.6299957274327,207.63831272597923,0.4331314833931507,102.08723471573082,0.47587722939049865,1185.8529086072117,188.73435218473935,0.431465676481944,105.02975381449455,0.02289372802710304,0.09104273817803306,0.0038459612729067555,0.028823575317299892,0.4412170144355053,0.8589103216367704,0.02352370723424024,10408.935584306717
0,0,46,0.421550063343714,1064.7340421492638,169.4576858862698,0.4000452378697492,153.66139288182796,0.4218194052244874,1064.5606251550523,169.43008571442488,0.4001142070567914,170.32398229759053,0.0006389321321340256,0.00016287353211834473,0.00017240346969120787,0.1084370582829273,0.0034671378123853555,0.006934154006609281,1.216181614295511e-07,10408.935584306717
0,0,47,0.39033679136249577,920.6157511020443,146.52054747614835,0.4044174004422896,133.82318274781426,0.3898720733016185,920.4689756586555,146.4971874388085,0.40420084868478484,173.80814206885697,0.0011905566453399125,0.00015943181855527906,0.0005354659746783987,0.2987894810153571,0.005902963746293945,0.011805569336919767,3.581556681235923e-07,10408.935584306717
0,0,48,0.5146515882724658,1111.9437424750072,176.9713430549989,0.3535666780583177,151.86091845675418,0.5550333719153575,890.5790790869727,141.7400626509197,0.37996164023572027,130.2916554092801,0.07846431365040857,0.19907901356170457,0.07465342130756152,0.14203300800934113,0.8705247495407225,1.637126876832916,0.10392262224852902,10408.935584306717
0,0,49,0.4202540350532325,1162.031602201412,184.9430735193497,0.3952077820950804,107.3112516513747,0.42057868368470896,1161.8229227093047,184.90986114665893,0.3953805412463553,114.79377872915565,0.0007725056856035725,0.0001795815980493655,0.0004371349935445878,0.06972733019729986,0.003986065636457808,0.007971963967618494,1.6730529712202094e-07,10408.935584306717
0,0,50,0.4863556169102752,1232.603671092587,196.17496712760197,0.4030651122084284,111.61258625550884,0.4879962450207193,1217.84953233818,193.8267730137744,0.4036629421535684,127.41893219578213,0.0033733096799965626,0.01196989681308416,0.0014832093550951465,0.14161795251378415,0.11598670941932027,0.2314919889509517,0.0004814298876888349,10408.935584306717
0,0,51,0.3278793782025295,1005.8522327788205,160.08635486676906,0.38169464108399975,96.57969961890282,0.3272786593703416,1005.3897046986854,160.01274123649674,0.3815310351334339,123.11169022681067,0.001832133620238883,0.0004598370069302716,0.0004286304625635404,0.2747160191282572,0.007136401544545296,0.014272328207478747,4.748816118443363e-07,10408.935584306717
0,0,52,0.3267878769634324,1334.7368649296363,212.42996978053108,0.4304738223175976,108.406887604364,0.3272509583586171,1334.535211301041,212.3978756087477,0.4304923085982088,105.6948176454424,0.001417070301039697,0.00015108118603281842,4.2944029701174856e-05,0.02501750598005755,0.004565855491723727,0.009131429260867858,2.8172257959518585e-07,10408.935584306717
0,0,53,0.408273933519505,1321.3904786206174,210.30582642703672,0.47953552162170976,146.5144398505463,0.4084847651775528,1320.9649279017792,210.2380979265973,0.4798898612988656,175.09513460875775,0.000516397547671833,0.0003220476654882469,0.0007389226891003822,0.19507083934774969,0.003799488269694415,0.0075988991802577715,7.735913105816816e-08,10408.935584306717
0,0,54,0.3992973841746382,1064.415300594109,169.4069565921981,0.43533787036621324,97.5501695598785,0.39920967907535104,1064.0708623235819,169.35213753885367,0.435379470793627,112.85716407699775,0.00021964856962054132,0.0003235938738713964,9.555894454748695e-05,0.15691407391889228,0.004069125096028812,0.008138237895861234,1.2296196390897802e-08,10408.935584306717
0,0,55,0.4337307806702726,946.0804889868751,150.57338638505863,0.4759302346669845,97.76340233201195,0.43323839083595617,945.7865662901416,150.5266071349866,0.47560437654619525,125.3012225221095,0.0011352430038640766,0.00031067409185051535,0.0006846762341485449,0.28167821018111683,0.005705244913385615,0.011409933946905381,5.558798658500788e-07,10408.935584306717
0,0,56,0.45980730346750803,1265.7949466358523,201.45752269783776,0.3454637050321816,149.71551496338287,0.44699501582644635,1039.2541470110486,165.4024346255597,0.37584616160913326,91.10861870209852,0.027864471800342017,0.17897116766573376,0.08794688453341686,0.3914550624604157,0.8035046772486389,1.5839711094798643,0.023038245017413625,10408.935584306717
0,0,57,0.5005332437531347,810.995631014999,129.07396350196794,0.44149911346743553,93.82498022417678,0.49900024095011886,826.237569291228,131.49979332093133,0.4402216638613009,105.87654200397776,0.003062739232904798,0.018794106519603573,0.002893436401495406,0.1284472616035312,0.19806396592567926,0.3945148586502057,0.0016130732011528429,10408.935584306717
0,0,58,0.4227097967318232,1034.3172272059533,164.61669943493047,0.340650567222913,114.05891528597537,0.4229544568053758,1034.1881028851785,164.5961486610058,0.34063478704798217,120.75610790404565,0.0005787896931753254,0.0001248401528837965,4.632364202255008e-05,0.05871695869874504,0.00405748286629691,0.0081148628321452,1.0290044861987922e-07,10408.935584306717
0,0,59,0.48661143484670616,970.1139306759245,154.39842742938166,0.32980771670671116,137.40699939489443,0.49379823590190197,949.2018308923958,151.07016337840213,0.33321427280834953,159.91249377007847,0.014769075571476904,0.021556333872000188,0.010328915695649792,0.16378710309003566,0.2094354978859595,0.4179949315736323,0.0008760641982866619,10408.935584306717
0,0,60,0.43005267816058,984.4370579408809,156.67802393413376,0.3738134479590757,117.15604784924265,0.432211014080507,970.5170457831449,154.46258519133082,0.3790152216873751,150.4853660152685,0.005018771023955965,0.014140073299203179,0.013915426950795309,0.2844865355044606,0.19345262149384157,0.38668865163969396,0.00021659134798919765,10408.935584306717
0,0,61,0.5248508929293444,1139.0427444464274,181.28428317160743,0.43486478610089874,114.37271596159115,0.5303995478941981,1092.444091926142,173.8678772815824,0.42868587421948895,118.35122333523557,0.010571869152941777,0.04091036332699902,0.014208811747696068,0.03478545857895417,0.3259017748263446,0.6378605806100717,0.013942969042617527,10408.935584306717
0,0,62,0.4599626265056087,866.7820752872119,137.95265186541116,0.31034584639675505,146.8869591755492,0.4603630468513927,866.6254051496475,137.9277170385829,0.3102095207973906,158.00145729937728,0.0008705497418910117,0.00018074916640671614,0.00043926993367959273,0.0756670175910224,0.005048493148442517,0.010096700209400348,2.860874846863521e-07,10408.935584306717
0,0,63,0.3183770149679767,1323.8372537640616,210.69524278575025,0.4654006051638107,142.8256849578982,0.3209322927595065,1230.1376347415205,195.78248525248543,0.4807130286139791,153.6952077967104,0.008025949334900404,0.0707788051409834,0.03290159763496382,0.0761034182473292,0.5853518932003708,1.1704369140157045,0.00026687238503713323,10408.935584306717
0,0,64,0.32664561575753726,911.8933713783184,145.13233762759285,0.4699731262190424,120.78092572843943,0.3265035459531471,911.6234320891966,145.08937545539442,0.4699237248464826,141.19389350150828,0.0004349355923870357,0.0002960206725856371,0.00010511531362922247,0.16900820762845303,0.003976933679576505,0.00795384076373039,2.659542262001299e-08,10408.935584306717
0,0,65,0.4488957340113485,866.4135792459336,137.8940038989319,0.3372672637355659,124.8292445463421,0.4488088157684945,866.2378483531654,137.86603545869391,0.33710166510481243,142.3325706316094,0.00019362679631036256,0.00020282564467788333,0.0004910011986319889,0.14021815279647312,0.004550944799468333,0.009101872430604367,1.716833229981835e-08,10408.935584306717
0,0,66,0.47674744770951266,1089.428069281918,173.38786236927706,0.3213760157138085,147.88662990717975,0.5078972993247017,874.34925131922,139.15700533615177,0.3584274177240456,137.88574447507807,0.06533826612988815,0.19742360604354933,0.11528987914030299,0.06762535219295135,0.8714993095353202,1.7051782193155696,0.03782039975507078,10408.935584306717
0,0,67,0.34596802992014547,1035.9144754514405,164.87090938854462,0.41736989468889285,113.69684389977556,0.345446444153528,1035.5013329543995,164.80515571793921,0.41740570913429503,152.22608786052686,0.0015076126159341153,0.0003988191176312745,8.580984363732927e-05,0.33887698760323604,0.005405985339471691,0.010811599696766977,3.709821764034405e-07,10408.935584306717
0,0,68,0.4047094290015008,1274.8079184893047,202.89198172026283,0.39082714031722543,127.4529445315753,0.40511403362847276,1274.5266620880482,202.84721837372663,0.39107411174860424,133.46232430228716,0.0009997410437661166,0.00022062649374647838,0.0006319198589390318,0.04714979157835848,0.004089102406086442,0.008177943918067948,2.6089410493588095e-07,10408.935584306717
0,0,69,0.5212732111017111,948.5006476342544,150.95856659685563,0.4789580375775569,116.3659700892978,0.5283779521168513,929.6205497723452,147.95370569607405,0.46773945069489764,120.99454550195465,0.013629591668684403,0.01990520292105217,0.023422901386935483,0.039776022226299765,0.18545183053548187,0.3680272595016876,0.0028764015692761664,10408.935584306717
0,0,70,0.44839514345358467,1280.2817752557141,203.7631730824139,0.45513713804903877,107.82544937441199,0.45416932400295407,1229.577740328671,195.69337528907093,0.4518392941033044,121.86960115450837,0.012877437754780481,0.03960380902627141,0.007245824763654027,0.1302489520013927,0.22390259816427785,0.4444492528772806,0.003355943451275085,10408.935584306717
0,0,71,0.37983508611626854,1267.6454713831386,201.75204285868227,0.30105306091311496,145.0767761489229,0.3800449869340547,1267.3417883520303,201.70371020314826,0.30107230876741964,159.71462733990492,0.0005526103971393154,0.00023956464008574114,6.393508920421696e-05,0.10089727370255391,0.004680411543529408,0.009360756001811169,6.708524764720276e-08,10408.935584306717
0,0,72,0.48468164946668174,1051.0164984013895,167.27447099171627,0.36060648536386275,111.15160075629834,0.4852107414157054,1050.8869654755688,167.25385518627874,0.3606484274153389,115.23018714289,0.0010916277717670135,0.00012324537818175226,0.00011630975364697866,0.03669390597022559,0.0036262214289878667,0.007251922166919185,5.206910565481834e-07,10408.935584306717
0,0,73,0.3702774829950203,1038.8083636495244,165.33148600002497,0.4009096517915907,128.34358450465578,0.37022478077118887,1038.4836572422319,165.27980737025075,0.4007748592386539,150.5375055287291,0.00014233170055366883,0.0003125758500362578,0.0003362167818470802,0.17292583115650953,0.004328748693208276,0.008657492763464641,4.6229519102405885e-09,10408.935584306717
0,0,74,0.5265505598046568,1224.4436732363904,194.876263133169,0.4244358458882325,155.5600092301178,0.5101237554573138,1202.452517199898,191.37626194565607,0.43774781196026874,128.98257359505746,0.031197012407388054,0.017960120597762103,0.031363906232231106,0.17085005180055435,1.0490365480006396,2.091615666088665,0.006457429912614327,10408.935584306717
0,0,75,0.36193013532771134,886.6706879247595,141.1180228779168,0.42250792085460614,96.49637549758647,0.353011749850825,899.0544077076021,143.0889530952211,0.4359024261081341,131.85982158053844,0.024641179626590484,0.013966537917055237,0.03170237667127029,0.36647434580417443,0.10887931174860381,0.2176128905006011,0.00014573299660653708,10408.935584306717
0,0,76,0.3240285388212288,1076.0931856460063,171.2655497230665,0.39324120506505783,151.07298582455326,0.3236276733858368,1075.7945295316072,171.21801712617525,0.3932049351763375,209.25085738306183,0.0012371300282693184,0.00027753740882565455,9.223318475578433e-05,0.3850977806586329,0.005619283208130834,0.011238360034753987,2.0638150768006985e-07,10408.935584306717
0,0,77,0.4492667396976032,1075.6813243438414,171.1999999609587,0.3993746870787009,109.21968262670816,0.4651106948587976,1060.7884889418126,168.82973159007184,0.3771633240613714,110.034871108901,0.03526625445689293,0.01384502553403849,0.05561535003582371,0.007463750695733066,0.11773596949704712,0.23504558587119442,0.0004263531228998108,10408.935584306717
0,0,78,0.31898853938946875,903.8624842188575,143.8541822387514,0.4384064241763678,106.28792024918721,0.3191828894859672,903.3628803609265,143.77466781517393,0.4351005736048878,123.80619279431916,0.000609269840447586,0.0005527432177503901,0.007540607046739143,0.1648190359173569,0.01961584065397833,0.03923140353419507,2.7777376158754357e-07,10408.935584306717
0,0,79,0.3944721615370656,803.1004761229769,127.81741057442645,0.46600954596034916,103.40381756633998,0.39398649773418454,802.9016755317255,127.78577047763919,0.4658221742003616,127.50649911900248,0.001231173832365431,0.0002475413689345662,0.00040207708535547316,0.23309276311001897,0.0054895489439851,0.010978742207828133,3.556801420662049e-07,10408.935584306717
0,0,80,0.3854911503637733,1328.3818119406542,211.41853168372364,0.3637421676971034,143.0343084887518,0.3859122411024802,1328.2386087604013,211.39574018971993,0.36390864433528564,148.84023679183602,0.0010923486526461608,0.00010780272581693372,0.0004576775885959001,0.04059115861381462,0.004017868799726262,0.008035474824093818,2.6277535870543686e-07,10408.935584306717
0,0,81,0.5000481639679015,1009.9730830415971,160.74220855583147,0.3875763746245598,117.04680644308458,0.5282799595000622,953.8096624018833,151.80352254007164,0.38300151913131913,128.25163949617232,0.05645815256702538,0.05560882916856963,0.011803752222183982,0.09572950679808787,0.3207331421087717,0.6288283461199874,0.012637938097555954,10408.935584306717
0,0,82,0.33906720885575536,1056.9075665259486,168.21206360383093,0.3482704290169365,109.82157803444562,0.3388997158091948,1056.638220405111,168.16919583729702,0.34830294832588876,124.83884708123446,0.0004939818483945641,0.00025484359216283557,9.337372984566505e-05,0.13674242635703762,0.005219136073640155,0.010438233869687018,3.827759329082266e-08,10408.935584306717
0,0,83,0.3554783584920615,904.6435119123752,143.9784866568664,0.46276553403100423,120.18651175901415,0.35497936573517547,904.0167353143534,143.8787320630769,0.46237433099568787,162.47810690686777,0.001403721900266323,0.0006928437442687705,0.0008453590566884306,0.3518830401921677,0.007551303981908292,0.01510227656271547,3.314011011146371e-07,10408.935584306717
0,0,84,0.3704992265883857,1116.6900565409483,177.72674240006,0.4208544592116912,134.17862669126174,0.3705290059499355,1116.2767936776338,177.6609695725672,0.42097119848914966,161.08407598963572,8.037631231787076e-05,0.00037007839453194203,0.000277386338443802,0.2005196353684709,0.0055806695646320745,0.01116133372077343,5.408490719103442e-09,10408.935584306717
0,0,85,0.5087961962746386,881.3268177022783,140.26751951676732,0.37427742568847927,111.53878984442578,0.5088872433214009,881.0078464738067,140.21675366905197,0.37414260878778394,123.36802199900431,0.00017894600515681042,0.0003619216187057346,0.0003602058030813359,0.10605487266876339,0.00609315273373841,0.012186238737708688,6.672976813311372e-08,10408.935584306717
0,0,86,0.32004101304045907,898.0687743597362,142.93208467583202,0.3789337162597206,118.33191938039526,0.31916803734591626,897.8912956557762,142.90383806280323,0.3785015783995169,161.3995446059363,0.0027276994477968674,0.00019762261981163087,0.0011404048825982497,0.3639561113438367,0.006888464984512157,0.01377592225128314,1.0077177411748627e-06,10408.935584306717
0,0,87,0.4466295962698772,1042.6484514181436,165.94265495030746,0.42146613351429496,107.6912490883358,0.44675085818236204,1042.3397248616275,165.89351959277417,0.4215129320656074,120.91782264924443,0.0002715044267052473,0.00029609841754067604,0.0001110375130790133,0.12281939036717167,0.0037485537398554477,0.007497079065270169,2.8414440726349225e-08,10408.935584306717
0,0,88,0.34477128480966895,976.9699514184747,155.4895970204991,0.31922168670562945,116.61499466673725,0.34466420747756676,976.7565867446036,155.45563897797132,0.3192276813562622,130.21208746293445,0.00031057497193045564,0.00021839430533281265,1.8778957954404314e-05,0.11659815133598406,0.005408262777136906,0.010816509594194616,1.5960079196467592e-08,10408.935584306717
0,0,89,0.41359783388038107,1185.0969317472209,188.61403473060872,0.4734049738670826,96.98972828229213,0.4136595921008596,1184.7533784668071,188.55935652781542,0.4735368474686275,113.31236265666979,0.00014931949691111927,0.0002898946670187001,0.0002785640388771149,0.16829240233429704,0.0037508555502453592,0.0075016926434854645,1.8457005253603583e-08,10408.935584306717
0,0,90,0.5001225820376879,954.2868089541379,151.87946277244222,0.4206296300103124,142.3458801825112,0.515257559671551,946.2249123620796,150.59637207912044,0.4019680381647147,144.1165922777961,0.03026253598107381,0.008448085540335383,0.044365851842487085,0.01243950364432426,0.08243933945746593,0.16444459494123181,0.0004340839737000376,10408.935584306717
0,0,91,0.46759174684635224,1289.9838751671673,205.30731024169313,0.47207872983657695,151.13985181554764,0.4757389264041655,1235.6980145764164,196.6674471886776,0.46506974752092684,168.08609175423993,0.01742370264822137,0.04208258850035319,0.01484706230690899,0.11212290957763821,0.2431888412206657,0.4792703715925134,0.0071073108488179685,10408.935584306717
0,0,92,0.322110011972663,1034.627494516025,164.66608001100823,0.39698886539545764,97.82213733563172,0.3214008761254866,1034.257117526284,164.60713268228344,0.39694979941153885,133.5644515056982,0.0022015330813018623,0.00035798100447189757,9.84057421355364e-05,0.3653806300248087,0.008556918231149565,0.017113184204640912,6.522576582175685e-07,10408.935584306717
0,0,93,0.31768709669335193,1244.7167413969241,198.10282214255687,0.4966604488572351,142.78811579204248,0.3123275439690229,1059.360672314816,168.60248751605653,0.49142994435887327,136.9531865379358,0.01687053953438452,0.14891425729044688,0.010531348953589273,0.04086424995343938,0.8015382784473007,1.6020628457816555,0.0010137111129460631,10408.935584306717
0,0,94,0.3830923363854156,1177.8042280588725,187.45336489010356,0.3598362146396494,140.0467801797343,0.3833376292470195,1177.5042510386206,187.4056220645165,0.35992494003738457,153.3182401380943,0.0006402969683973825,0.000254691750212371,0.00024657161821258617,0.09476447756476494,0.005515207057710101,0.011030324662519405,8.945290079663087e-08,10408.935584306717
0,0,95,0.37552666336688856,1219.065044626762,194.02022780289118,0.4975481493789154,155.3899093300149,0.3759097577643943,1218.6999043209687,193.96211391830207,0.497689281555284,168.88343268350613,0.0010201523217312563,0.00029952487556163905,0.00028365531365115947,0.08683654821391193,0.004193171034029282,0.008386130724247542,2.113438110209688e-07,10408.935584306717
0,0,96,0.5027840016362985,1288.611276642634,205.08885440163303,0.4416413828206345,128.4060548289693,0.5147881140785988,1187.79841707777,189.04398947465586,0.42326869269685385,132.61419272303758,0.023875287207296106,0.07823372446927776,0.04160092518151179,0.03277211420967111,0.5126616171168797,0.9916838623015269,0.033639371932232466,10408.935584306717
0,0,97,0.5113032619028165,849.0287116598997,135.12711628761656,0.37402630902800155,131.62118396932894,0.5114136524973681,848.795920941865,135.0900664941354,0.37392649448793686,148.95706179785626,0.00021590043087311238,0.0002741847417381232,0.00026686502434570294,0.13171039270218854,0.0045454371981175174,0.00909083690127982,3.749495521452152e-08,10408.935584306717
0,0,98,0.4173010082498427,1224.5483304262445,194.8929198422644,0.33901727869580933,97.64084358854147,0.4194589510319186,1170.8811241306291,186.35151867838474,0.3409609727997366,98.41230596837455,0.005171189955007116,0.04382612344662196,0.005733318701054389,0.007901021247665828,0.3408371326584677,0.6809085816549355,0.0007656836619998849,10408.935584306717
0,0,99,0.3431953839276227,1315.2996108772377,209.33643471795884,0.3265549074458861,107.88114546019821,0.3422708422905977,1320.0059974656765,210.08547940761028,0.32843833193935634,117.13528833493346,0.0026939221222743006,0.0035781859505758526,0.005767558381532933,0.08578091042006487,0.03606558296274726,0.07212941471790921,1.751207585314411e-06,10408.935584306717
0,0,100,0.5182163607317137,912.0229069663066,145.1529538567275,0.4656889770549062,103.08013269262626,0.5187099834146526,911.5926001807346,145.08446840475773,0.4650143372468292,119.43867104872585,0.0009525416801620382,0.0004718157650264219,0.0014486918121693676,0.15869729625667992,0.007283688521688837,0.01456670460972829,6.724336493841982e-07,10408.935584306717
0,0,101,0.4247017740681152,873.696811675239,139.05316634174307,0.43780729595622625,146.35923276951743,0.4244446826452937,873.3049115897205,138.99079350593468,0.43734243876044904,195.76110798660673,0.0006053457708897017,0.00044855386935322046,0.0010617849452734824,0.33753849540114794,0.0048409115157529645,0.00968170427986476,1.1875164116910585e-07,10408.935584306717
0,0,102,0.40628239845245007,1312.1723160866804,208.83871029353614,0.46506658127695966,114.8884570294735,0.4064811205892385,1311.7759915228462,208.77563328013318,0.46542135420688135,131.0899241126776,0.0004891231752726589,0.0003020369801858102,0.0007628433093334254,0.14101910237203186,0.003927993626535042,0.007855919407505331,6.78455647524262e-08,10408.935584306717
0,0,103,0.43798547561629236,1203.4226193630166,191.53065850022054,0.4654207874049592,152.08990442822383,0.43833946513357214,1203.217284028464,191.49797836673508,0.46574470739951995,168.45381272011718,0.000808222046134458,0.00017062612190319896,0.0006959723401415944,0.10759365227700575,0.0038977071027801267,0.007795210862875981,2.0334268427194206e-07,10408.935584306717
0,0,104,0.34709388063154395,1199.2987099905827,190.8743179387347,0.3278702787735645,150.40804725705792,0.34723355899129726,1198.8096752581384,190.79648564372255,0.32781255829808836,164.14011032653386,0.0004024224209864121,0.000407767246283509,0.00017604668435349397,0.09129872583218158,0.011421898780286162,0.022843768052267663,2.9508304660058345e-08,10408.935584306717
0,0,105,0.36421014550532527,1256.796520774619,200.02537874197654,0.36126357310642476,154.36439801289512,0.3645150237682515,1256.5157060488957,199.9806856902847,0.361370638577721,167.35315573817013,0.0008370943717211387,0.00022343690572140083,0.0002963638718833717,0.0841434805724437,0.005029302644089081,0.010058470789828206,1.3449834995615976e-07,10408.935584306717
0,0,106,0.4257630190731595,973.3303564795389,154.91033749511521,0.356486703432936,131.61656223872976,0.43228120547691656,968.8953977039971,154.20449188357895,0.3461307760280653,129.875915794584,0.015309423580156066,0.004556478431005341,0.029049968218012055,0.013225132267081514,0.07111378181982728,0.14215743717941065,7.012646024390794e-05,10408.935584306717
0,0,107,0.38692430036778036,1163.552586872951,185.18514574819213,0.33088501409217885,109.3609699622677,0.3317849095969749,1161.5178670185626,184.861310025559,0.390222171678324,91.41720959452161,0.1425069211688029,0.0017487132746245061,0.17932863399372584,0.16407828472934305,0.8323597285108517,1.6593958327881018,0.00532362423360165,10408.935584306717
0,0,108,0.5000476859178391,1121.7450194680412,178.53126473705314,0.3523966111941068,103.08843128631176,0.5313154250730752,920.3157820892708,146.47280592499104,0.38454995032166894,90.15653703210491,0.0625295147558658,0.17956775727365656,0.09124190785663218,0.12544467010357901,0.8405397235109895,1.6019926253929881,0.07908682162899092,10408.935584306717
0,0,109,0.34536251054137496,934.0475187719592,148.6582796952772,0.3765649333140815,134.31744103902722,0.3448107482379709,933.8972633915994,148.6343658087668,0.3764199900676019,176.73461036830886,0.0015976323039206461,0.0001608648139843499,0.00038490903867215555,0.3157979261751788,0.0061275756790970136,0.012254728532843331,4.228253506953124e-07,10408.935584306717
0,0,110,0.34362831278430106,1067.755829671517,169.93861830740977,0.4202996715246715,95.54306302324653,0.34297643205871564,1067.218321952897,169.85307129704137,0.42000274285465594,127.82335714671589,0.0018970518473971343,0.0005033994698819124,0.0007064689556821197,0.3378612020803149,0.006043297170224456,0.012086026964514999,5.673759339120218e-07,10408.935584306717
0,0,111,0.3477124038458432,1296.8364848866693,206.39793695163144,0.31408411523083934,101.86087183745613,0.34792249749986515,1296.5527727105648,206.35278275638905,0.31412436333487076,108.084808807117,0.0006042167368729076,0.00021877251250319843,0.00012814434757973782,0.06110233357900842,0.00460459380376472,0.00920912538575464,6.222177480035624e-08,10408.935584306717
0,0,112,0.5165973036445645,1133.2359641733117,180.36010538769256,0.3737986247459582,125.71187636270392,0.5487498521823873,921.2901288298373,146.6278780250377,0.4018294477442413,113.29402957229345,0.06223909476682978,0.18702709942504123,0.07498910146428026,0.09878021989412115,0.8908771539071193,1.6434997323910239,0.13825457542321473,10408.935584306717
0,0,113,0.4563598629810446,948.1405126862211,150.901249339696,0.3275936145733911,143.0024746564995,0.4566607835448443,947.93615705984,150.86872513160878,0.32760794608198723,152.7805014266195,0.0006593931417062646,0.00021553306039224108,4.374782644895857e-05,0.06837662630389739,0.006359859864007469,0.012719555137677724,1.6459033721297137e-07,10408.935584306717
0,0,114,0.4579460832456241,1074.754533682964,171.05249664606865,0.4633472871939317,128.06720430437665,0.45816616806334914,1074.5053578274878,171.01283907697047,0.46347656107630647,145.51375765420778,0.0004805911127468228,0.00023184443300017693,0.00027899997679421554,0.13622967288616689,0.004102330127378139,0.008204565686804933,9.456795134392382e-08,10408.935584306717
0,0,115,0.5234727778917314,910.32864828709,144.88330421305383,0.41074607257304563,123.97654355771174,0.5216392697699487,895.5359595028191,142.52897467141707,0.41544344944668976,143.37230269719353,0.003502585424149705,0.016249833301528436,0.011436206423638457,0.1564470066908501,0.23161713567403897,0.4614385566193389,0.0017957147287390358,10408.935584306717
0,0,116,0.39104099441775453,1117.0598749987685,177.78560083566873,0.3470602463335161,143.8876677361552,0.3818348193241977,1072.5941917790242,170.70866755328808,0.3425988152852448,111.38156882570678,0.023542736503277525,0.03980599806236286,0.01285491811696585,0.22591302939216726,0.30026629522129406,0.5999930215703462,0.0005395688722419364,10408.935584306717
0,0,117,0.4995073794387495,869.8729009907664,138.44457205436734,0.39341464134765425,111.07155578335652,0.4998501624956731,869.5292703941165,138.3898815463129,0.3931497856551275,123.32664277707167,0.000686242227910114,0.0003950354083436618,0.0006732227647133185,0.11033506199929823,0.004558526638457269,0.009116776826539705,2.7645037483406175e-07,10408.935584306717
0,0,118,0.3340376865221361,1279.6037763256377,203.65526620128125,0.38598973840956713,102.98070624763088,0.33392080947763425,1279.099110293601,203.57494610767202,0.3860241707679337,124.30842708180484,0.0003498917913087529,0.0003943924216024956,8.920537242379155e-05,0.20710404512946923,0.006551413740898135,0.013102809772891329,1.7708904941814874e-08,10408.935584306717
0,0,119,0.45857945738521716,909.1037925126889,144.68836236198322,0.4802862157376354,107.32176608865801,0.45865737785424215,908.5418912448374,144.59893299767506,0.47944342489783853,136.50945092465614,0.00016991705094966704,0.000618082635315385,0.001754767911676378,0.2719642613026543,0.005800107256605047,0.011600054082220191,1.6043098990236358e-07,10408.935584306717
0,0,120,0.36942396066088207,1306.7391819741836,207.97400014305106,0.3378640769079523,104.95571315113172,0.3697083703949295,1306.458377594762,207.92930873802425,0.3379193107485154,110.93242397851753,0.0007698735445817424,0.00021488938519268513,0.00016347947100086316,0.05694507376439441,0.004325426028878187,0.00865073388412952,1.1817362685289978e-07,10408.935584306717
0,0,121,0.390326629765747,924.2314633935651,147.096005960142,0.43408914855455694,100.94246138271546,0.3884889858052303,921.9669816631065,146.73560249919822,0.43461090416124015,138.09568214041678,0.0047079646131742954,0.002450124043758491,0.0012019549634460427,0.36806335261469186,0.03359698354882387,0.0671872283993969,6.738698250835084e-06,10408.935584306717
0,0,122,0.5056212778516875,1259.4085215210594,200.44109157213225,0.300565406437324,127.59163510742464,0.5063224320060092,1259.1395671648431,200.39828615687435,0.30064587349433985,128.7683736975914,0.0013867180536800338,0.0002135560873380431,0.0002677189566479419,0.009222693863716104,0.0038699913704827948,0.007738996450446326,9.862905192636223e-07,10408.935584306717
0,0,123,0.33904561881900913,938.8723252434968,149.42617149468418,0.3833792081266205,122.10100761582979,0.33833471074848914,938.6430674068672,149.38968397674202,0.3832313879313391,164.4184749010574,0.002096791791606925,0.0002441842521773422,0.0003855717580610203,0.34657754355617104,0.006290591963662537,0.012580500045972354,6.838813527194452e-07,10408.935584306717
0,0,124,0.41527893068916305,1296.4656677675953,206.33891957414772,0.3517542178844301,105.49313817403362,0.41947888228976804,1135.538172032971,180.72651314858237,0.3684078191498645,111.35003531250852,0.010113567749837663,0.12412784984250902,0.04734442522280131,0.05551922371304089,0.6019031738069532,1.197149309886484,0.006657037727422538,10408.935584306717
0,0,125,0.45797771002549953,1306.6674885796128,207.9625897849181,0.4845621750887503,148.7656249952171,0.46674340077299586,1236.1836810040445,196.7447434013284,0.47865179087591436,163.23048581255517,0.0191399942739752,0.053941655540987225,0.012197370155343721,0.09723254829738467,0.29613784393197784,0.5811853406386731,0.01109034722528253,10408.935584306717
0,0,126,0.3300790518398827,1301.3681296683742,207.11917061897637,0.42984807381089507,148.22224034533102,0.33060758171253984,1301.0441299312001,207.06760445924465,0.4298215956260543,142.42268967828855,0.0016012221003153873,0.0002489685507025804,6.15989379829091e-05,0.03912739851678509,0.0059905145119796095,0.011980655911702541,3.7311225667803014e-07,10408.935584306717
0,0,127,0.40260877675981266,918.2758737742973,146.14814443320876,0.4585940153789387,135.10215443698647,0.4021050214892155,917.774630607785,146.06836910556729,0.4583318888083282,192.78386084945078,0.0012512277418573999,0.0005458524837989827,0.000571587421161352,0.4269488273731998,0.007266627211267672,0.014532874309452968,3.801130823763714e-07,10408.935584306717
0,0,128,0.4808352594166573,908.6384407058649,144.61429932165046,0.3268703474596786,141.47656810235446,0.4813838640016951,908.4435895943229,144.5832878040816,0.3268225711659494,148.68829561145037,0.0011409408405352046,0.0002144429542190902,0.00014616282602705337,0.05097471338065268,0.004554316232343819,0.009108074964279785,5.57500407852921e-07,10408.935584306717
0,0,129,0.3207682607028282,1306.1237927769218,207.8760579103815,0.32701757250185315,131.25689284560005,0.3208553123868199,1305.7482078339424,207.81628171015544,0.32709065302422247,145.3990496029468,0.0002713849674558332,0.00028755692611719054,0.0002234758267276401,0.10774410738171625,0.0053030637181686975,0.010606116628212252,1.0808125143543317e-08,10408.935584306717
0,0,130,0.49897229086049977,1257.8981832416605,200.20071376922502,0.4622046797568684,110.09039758852978,0.5005130504575255,1212.7395669671682,193.01349676594947,0.4502609392304075,111.37531022239362,0.003087866050374463,0.03590005683776128,0.02584080397615971,0.01167143240472513,0.6006687780786072,1.1949619275944787,0.006375628562735614,10408.935584306717
0,0,131,0.3327890855785869,1306.5858169283892,207.94959133791536,0.4227583382094204,93.91442210164374,0.3332344437154435,1306.3363913440521,207.90989402323453,0.42277787190919763,92.3398703379779,0.0013382594446638449,0.00019089873860983633,4.620535661102874e-05,0.016765814327874985,0.005236802940460171,0.010473342454338692,2.6342658165034735e-07,10408.935584306717
0,0,132,0.5085959145718918,1327.0608583815176,211.2082953951922,0.35725932083323414,144.60382018993622,0.5437534795612968,895.513473958325,142.52539598586273,0.4291366515252528,115.24175974544771,0.06912671530009978,0.32519034955903037,0.2011909179146944,0.20305176174406472,1.130451572155156,2.2178453053311635,0.04305783897914852,10408.935584306717
0,0,133,0.333888076158956,1035.178680725378,164.75380402079082,0.4635407549489616,119.29583329311086,0.3333871038536286,1034.6815502565719,164.67468324931875,0.4636604493124143,164.25128795377364,0.001500419874499854,0.00048023638629971573,0.0002582175616163349,0.37684010765243453,0.007342637565076334,0.014684940968528612,3.3416162405564677e-07,10408.935584306717
0,0,134,0.4257451882164522,863.6137051427838,137.44839009538063,0.4628013038500224,124.866713020782,0.4254513074885711,863.3040457823274,137.39910627748932,0.4625138783491353,161.6000379652599,0.0006902737506259298,0.0003585623509821568,0.0006210559445187008,0.2941802827657059,0.005178143400397868,0.010356118422161449,1.6837863428708924e-07,10408.935584306717
0,0,135,0.36888691012108776,1215.9114853777253,193.5183232600738,0.4958456578379125,127.39645212976814,0.3692977658963216,1215.5061658885056,193.453814659833,0.4960461861193522,136.29391638725266,0.0011137716301696508,0.0003333462131857,0.0004044167338563916,0.06984075387296834,0.005823673190971984,0.011647099568770372,2.4681317359521756e-07,10408.935584306717
0,0,136,0.47203869697298534,1331.3105734313863,211.88465855211084,0.30602549927506484,131.18610327292322,0.47260984700851005,1331.034189696205,211.84067071446654,0.3061565880152801,134.9477853582934,0.0012099644355161867,0.00020760274927354694,0.00042835888030837887,0.028674394554919238,0.0037255600467610128,0.007450509683064756,6.104104572693416e-07,10408.935584306717
0,0,137,0.5205993036140247,863.7721587906025,137.4736087766819,0.3446202989987841,128.1392743114608,0.5208402651740633,863.6180456578769,137.44908090981326,0.34459013604995603,138.83926614407306,0.00046285417280784693,0.00017841873132534044,8.752516585849266e-05,0.08350282838815207,0.003905540802632295,0.007810961893046274,1.1971221831644934e-07,10408.935584306717
0,0,138,0.468911062561877,1096.315024333327,174.48395530856052,0.40954035912847325,96.9711768421476,0.47700518980950235,1089.5707566535514,173.41057176978933,0.397753888529243,98.98785847369966,0.017261540394042804,0.006151760698415052,0.028779753537142457,0.02079671194291961,0.05808055836750651,0.11604500164057907,0.00011611509443395041,10408.935584306717
0,0,139,0.47247746927309076,972.3834229520731,154.7596283434396,0.31479237475828103,153.65426996329046,0.474701956037321,942.9220863712751,150.0707109965115,0.3344930711193499,189.48701779647385,0.004708132998707103,0.030298065439408606,0.06258314349639629,0.23320372314901625,0.313399528494327,0.6251364942434929,0.0016625627451611307,10408.935584306717
0,0,140,0.4918374802856025,993.8771841323152,158.18046668091182,0.44054786111641103,147.50742416578717,0.4936404711941998,992.4455910342712,157.95262156286188,0.43804556882215245,169.95447543283103,0.0036658265806630754,0.0014404124784229034,0.005679955607813902,0.15217573890935196,0.012959417671401158,0.025912722994408083,6.1123483942338174e-06,10408.935584306717
0,0,141,0.4518179884463027,1093.9708774775588,174.1108727491317,0.4524626845062387,138.5196489150025,0.4521444331269427,1093.8063919058616,174.08469405732876,0.45268762937804796,155.48511910677095,0.0007225136868997573,0.0001503564446582955,0.000497156736924543,0.12247699387527819,0.004830075748647343,0.009659944866927124,2.0663036756285106e-07,10408.935584306717
0,0,142,0.4150726070751898,1106.8397017603884,176.15900974552503,0.44926447201826236,97.72274494619981,0.41512288528079777,1106.5604719282421,176.11456893748021,0.44932202329089377,111.44339516166855,0.00012113110995754526,0.0002522766681590404,0.00012810109905389322,0.14040385606260336,0.003318019392862261,0.006636026254142604,1.253158191786898e-08,10408.935584306717
0,0,143,0.4529908450115724,1194.212717831803,190.06485714613828,0.37975176902558827,125.4489081451327,0.45328668666206023,1193.9775710668919,190.0274323761506,0.3799643634099527,135.47398445956853,0.0006530852747814173,0.00019690525933948152,0.0005598246057153051,0.0799136195178179,0.005646678200818607,0.011293210542986862,1.4585865035295782e-07,10408.935584306717
0,0,144,0.36476005245812465,1148.3558211979787,182.76650537201104,0.49425685284013465,112.41956779529258,0.3648544460487804,1148.0617424234945,182.71970128139347,0.4943388057289778,129.052902830394,0.0002587826984332641,0.0002560868060715005,0.00016581032386751613,0.14795764973398096,0.003635162105506805,0.007270306769985725,1.744102788473723e-08,10408.935584306717
0,0,145,0.4141572965390155,1277.2910319514663,203.28718150202388,0.41028017545950085,120.09154625703935,0.4145096422409266,1276.8598853303897,203.2185623860822,0.4105742274650054,125.92346819786353,0.0008507533366080004,0.00033754767730408104,0.0007167102460536909,0.04856230203199941,0.007348977073236993,0.014697722513981465,2.3163249252106712e-07,10408.935584306717
0,0,146,0.45750934736395443,817.5663108002606,130.1197196692663,0.3307592835771826,148.20771152192185,0.45512610322391456,818.0473010687467,130.19627164807497,0.33256728948042213,184.89905142864845,0.005209170378204261,0.0005883195798703395,0.005466228744015412,0.2475670093677917,0.016253464604033086,0.032496796202491636,1.0133005574532902e-05,10408.935584306717
0,0,147,0.34988860710476655,816.843503407334,130.00468129977867,0.4852791074604678,140.79906606810783,0.35018190651286496,816.681910736845,129.9789630275029,0.4852973443891776,149.02425633424625,0.0008382650996423867,0.000197825739954977,3.7580288187589416e-05,0.058417931992245556,0.004440281665742067,0.008880443189622564,1.201418615708658e-07,10408.935584306717
0,0,148,0.5227378837032426,1206.8497979865472,192.0761109190143,0.48456167517775184,115.27584029322375,0.5307956325568308,1112.412926974791,177.04601608736158,0.4781850944900513,121.43177520412864,0.015414510990679607,0.0782507244640637,0.01315948209350524,0.05340177868360117,1.0364050942141994,1.986854818664991,0.08595536976340767,10408.935584306717
0,0,149,0.475727483075913,888.9118341906669,141.47471238432792,0.4647780223334252,139.51950176054,0.47564108223192203,888.6100081134422,141.42667527218356,0.4646455729493456,174.37131670701302,0.00018161835728373822,0.00033954557203026925,0.00028497342325830346,0.24979887762421807,0.0046860668856760455,0.009372104837033097,2.8934318994174404e-08,10408.935584306717
0,0,150,0.4626688506406471,1236.810184085252,196.8444544635649,0.3688813515585714,96.55238598065118,0.46336504530529393,1236.711719984518,196.82878341521595,0.3690384742947437,97.23827063902282,0.001504736408519432,7.961132759188505e-05,0.00042594383128459994,0.007103756695449075,0.0091025484105429,0.018204247412968836,8.494081169642951e-07,10408.935584306717
0,0,151,0.4371070212341172,879.2115315621102,139.9308612715058,0.44375427537509426,115.33478150473998,0.4369143853479833,878.7799534103705,139.86217347532596,0.44296020658440055,149.69800338604816,0.00044070645580114825,0.0004908695305359652,0.001789433555366892,0.2979432694368605,0.00599992302971415,0.011999685955886151,1.6010354215006085e-07,10408.935584306717
0,0,152,0.4129290415534718,1322.3260072208332,210.4547204281649,0.4562932055544062,146.4868778289985,0.4132910272430318,1322.0131068015044,210.40492077973317,0.4566526898475038,160.16213836346606,0.00087662928283793,0.00023662880229243107,0.0007878361735866436,0.09335485018959427,0.0036952993211404697,0.007390381751680346,2.1689060059314817e-07,10408.935584306717
0,0,153,0.43362913503979555,1303.9985550431163,207.53781581980093,0.303665163875022,149.32399411824133,0.46013724706552644,913.0782426880553,145.32091575346524,0.3690439128582542,123.71053034005925,0.06113083712259822,0.29978584780113915,0.21529881185231972,0.17152945800458705,1.1622429994740076,2.3129458201107402,0.011540178837274973,10408.935584306717
0,0,154,0.39873903998683174,924.8717508266947,147.1979108701242,0.4068788454506722,152.7931424157973,0.39845773613510477,924.6543472865645,147.1633100220668,0.40674656585285063,192.91162637128542,0.0007054835958281568,0.0002350634452136846,0.00032510807406333885,0.2625673071525249,0.00517147515631326,0.010342824384997396,1.2592762912471575e-07,10408.935584306717
0,0,155,0.3863406435796582,1286.3741233241308,204.7328003925388,0.3934663225010171,154.2054852992957,0.3866990143353902,1286.1041520907293,204.68983313625031,0.3936478854935514,165.75731055220197,0.0009276030407039949,0.00020986991926103522,0.0004614448102704689,0.0749118958413539,0.004273674841155508,0.008547156651288404,1.9303102261221363e-07,10408.935584306717
0,0,156,0.477751893497228,1219.4725044723584,194.0850770514293,0.37230549658614875,130.48674938834367,0.47845066042826306,1219.2253770994032,194.04574550845015,0.37243455713669243,131.6199810750985,0.0014626146762495218,0.00020265104137148757,0.0003466522834798296,0.008684649530062332,0.009343133171373967,0.0186853810488441,8.85293903835436e-07,10408.935584306717
0,0,157,0.3689438726529242,1228.4367764701785,195.51178525110262,0.3517053225115283,135.78810623018828,0.3709248384166473,1186.395307884302,188.82067771081773,0.3528840020603795,156.21532535008893,0.005369287608651074,0.03422355093168052,0.0033513270155659,0.1504345239580291,0.3340519055912368,0.6679325195129909,0.00017129166948275508,10408.935584306717
0,0,158,0.3323978867142206,932.9520623089182,148.48393238424228,0.37162408748582054,104.50346664037957,0.33156307837717836,932.6903476421282,148.442279201343,0.3713579147839805,138.28874334359352,0.0025114730580702367,0.00028052316658402974,0.0007162417905706809,0.32329335848232527,0.007280934387716695,0.014560938073468511,9.307019648789658e-07,10408.935584306717
0,0,159,0.37142231961852773,908.8833397255257,144.65327621118783,0.3079527394225318,115.17931239587972,0.3711881058656773,908.6826963952415,144.62134283337465,0.30772546717809224,131.4655285683191,0.0006305861023402764,0.00022075806818602,0.0007380101403408771,0.14139879665596936,0.005304209217437167,0.010608339729847552,7.870502678221672e-08,10408.935584306717
0,0,160,0.436119453003546,1031.1539759836899,164.11325236666576,0.31881476509230494,115.50497190224972,0.4366194173305566,1030.944713603337,164.07994722442945,0.3186980209077726,119.33166327831768,0.0011463930892496546,0.0002029399926942834,0.00036618186268297647,0.0331301009215987,0.00431238176987014,0.008624349664925576,4.1387481470379907e-07,10408.935584306717
0,0,161,0.44763840709832337,812.6714304804826,129.3406752705304,0.47492647558910756,147.1280957204339,0.4475771533708052,812.4753498688689,129.30946807194758,0.47498145231394856,172.38574464128226,0.00013683751560818563,0.00024127907572414782,0.00011575839138639463,0.17167114681373843,0.0063913030798551625,0.012782591906495087,1.425321523796673e-08,10408.935584306717
0,0,162,0.3258481895313281,1229.6556930098125,195.70578184360184,0.33695903229736973,137.22649468116214,0.3259479950103952,1229.1867434251092,195.6311461991354,0.3369173707959098,152.92757953041334,0.00030629441032225385,0.00038136657876600724,0.00012363966377725288,0.11441729882944084,0.006858334034482487,0.013716653360536166,1.4708428807855942e-08,10408.935584306717
0,0,163,0.3492050537766556,1170.4800092260784,186.28767925857764,0.4917267662128841,155.3115617343717,0.34944087637640897,1170.212668243096,186.24513061964495,0.49178948447162185,173.516879684483,0.0006753126771876046,0.0002284028611126799,0.00012754696926670425,0.11721804704563929,0.004442657931805717,0.008885237168986596,7.869462483672332e-08,10408.935584306717
0,0,164,0.4564553013355652,888.4737793895822,141.40499379739012,0.378982129455134,111.12470079030633,0.45649837143146527,888.2199485504831,141.36459536463835,0.37890033387371636,126.67181344007699,9.435775151263034e-05,0.000285693112151847,0.00021582965279980383,0.13990690223866828,0.005674786181696692,0.011349552438651999,1.9924741383900172e-08,10408.935584306717
0,0,165,0.5181463057040501,960.9775695698523,152.94433039747776,0.41221539894526593,119.21033094996486,0.5187596183758248,960.6520426264261,152.89252117532186,0.4120682014791206,127.9824757524273,0.001183666977884593,0.00033874562084932166,0.0003570887126535447,0.07358544123280983,0.0053645444058755196,0.010728350439161819,7.383725892205751e-07,10408.935584306717
0,0,166,0.3457715132189599,1006.5853148907155,160.2030285085694,0.4538830107657429,119.59995984152316,0.34476693697539057,1013.1685678900168,161.25078576503273,0.45414530703007294,169.2206343293179,0.00290531812241329,0.006540183829341912,0.0005778939905407229,0.4148887219823903,0.15787441135424884,0.3157399401056177,8.882602880010556e-06,10408.935584306717
0,0,167,0.45983537791147727,1111.85726352217,176.95757950218143,0.3153044358233046,139.367803627917,0.47052716693289026,921.357807071452,146.63864935173044,0.3673772037112751,136.43597011732902,0.02325134066450899,0.1713344533517268,0.16515076215785265,0.021036662947027298,0.9081851041519101,1.7901178615987041,0.026252346705116034,10408.935584306717
0,0,168,0.4587089472624333,1229.394950130087,195.6642833254175,0.32978629099698226,154.6561950421251,0.45270095948768696,940.6427154388523,149.70793784547644,0.3754807911608559,113.84095001894214,0.013097603198284834,0.2348734510912711,0.13855791284026356,0.2639095382636676,1.0103376198296818,1.9963099839105525,0.024365255748811054,10408.935584306717
0,0,169,0.4995748985409386,1283.4093206744744,204.26093739555404,0.4923890160487622,132.57306301559112,0.4900275380518731,1209.067061510064,192.42899936891934,0.4977281350072153,128.576982906112,0.019110969179895933,0.05792560328714238,0.010843294193070268,0.030142474033425393,0.680108460358724,1.3243890289311158,0.035827891786332125,10408.935584306717
0,0,170,0.49481078128035716,887.0771463746233,141.1827127493741,0.4115489094731384,116.75499635401695,0.5010689089024614,883.7868320304441,140.6590429571718,0.4044125670263716,129.55034885253062,0.012647516705094551,0.0037091636929509077,0.017340204973213612,0.10959147700811385,0.027499078932231608,0.05491857340622387,7.958445823934094e-05,10408.935584306717
0,0,171,0.36185275431153313,1007.1634602170554,160.29504319508186,0.38563289981872173,131.9589442811863,0.3617480868208843,1006.9052896296204,160.25395406993061,0.3856526682562532,155.90396673058373,0.00028925437046347665,0.00025633434654136065,5.1262321085102826e-05,0.1814581238114023,0.0048346060570883835,0.009669196106751802,1.6007424964874615e-08,10408.935584306717
0,0,172,0.47187741867830346,809.2718850482211,128.79962081072048,0.3508081827585279,131.50911591024564,0.46466371328385336,811.2874984742961,129.12041565084272,0.35765022984338124,163.79143631215112,0.015287244332765904,0.0024906505011661074,0.01950367015687019,0.24547591380614264,0.05296744451843214,0.10583813345851852,9.675557834576447e-05,10408.935584306717
0,0,173,0.3341684425789872,1333.982525166474,212.30991287845302,0.46646922490014076,96.0485848542078,0.3377983289824745,1220.76004542299,194.28999555815557,0.4776128491522392,89.3892106565738,0.010862445225148187,0.08487553442977404,0.023889302138815353,0.06933339213422328,0.54124086453918,1.0818833253559268,0.0005984037224331999,10408.935584306717
0,0,174,0.4362509005743218,1126.5368713387074,179.2939116488338,0.30138531590285367,104.94274211957716,0.4474794798205165,913.6121103741403,145.4058834346627,0.32499850181139234,122.20669564003191,0.025738810467582605,0.18900824853743167,0.07834882677611928,0.16450831350283673,0.9495323760280913,1.885607433895947,0.013457318160235475,10408.935584306717
0,0,175,0.35129858705406947,1047.8243343914758,166.76642231037843,0.4134007232454585,121.99432648982197,0.3509880312700898,1047.4019577674892,166.6991989828245,0.4133292097667304,155.5884561997734,0.0008840222973394723,0.00040309869710351853,0.00017298827676620753,0.2753745250009982,0.004856110377331572,0.009712088091437355,1.3266322578810198e-07,10408.935584306717
0,0,176,0.5105726685028434,1236.3333099259453,196.76855758387842,0.38023321089998835,106.44759727886442,0.513628051536581,992.6131068645041,157.97928253528957,0.4475290630062185,87.11904310034264,0.005984227559020856,0.19713147021496957,0.1769857292237704,0.18157811611178135,0.9510830351595033,1.7579898550549669,0.14417621526403976,10408.935584306717
0,0,177,0.392106688626741,1261.4938259520522,200.77297808017622,0.3697631109165849,155.69160137758738,0.3925076628726167,1261.2467232582355,200.73365046500396,0.36997593430956877,163.4667005653619,0.001022615164459506,0.00019588101719818192,0.0005755668607836105,0.04993910473640861,0.004353325419367446,0.00870640440647965,2.4643225524294063e-07,10408.935584306717
0,0,178,0.43587722513609556,927.598569396403,147.63189752440806,0.4317394610102362,135.01415693097707,0.43584004453138236,927.3158244885088,147.58689727468263,0.4316818328989621,163.33181255713444,8.530063643858639e-05,0.00030481386800562107,0.00013347890679075774,0.20973841758412146,0.004487044779892685,0.008974078380384264,1.1179401105990527e-08,10408.935584306717
0,0,179,0.4250821979481093,950.1615196689959,151.22290259102783,0.4259836393669003,123.69942647956904,0.42491278896733964,950.0269782016478,151.20148965144855,0.42593111021589036,148.05016395882978,0.00039853228760793654,0.0001415985225279819,0.00012331260207086665,0.19685408552223693,0.006220960470075821,0.012441840628333364,8.031181827847427e-08,10408.935584306717
0,0,180,0.4007535173049078,1184.2563232903847,188.4802477394984,0.3561646656072007,98.92030737488227,0.4010373567107705,1183.9740858335226,188.4353282531131,0.35621848540190365,105.241795484749,0.0007082642911571239,0.00023832463573246474,0.00015110930392595628,0.06390485712817225,0.006168527489326225,0.012336931665286165,1.233133662851622e-07,10408.935584306717
0,0,181,0.5211217483707934,1102.2829071352264,175.4337733562759,0.42886419243024926,129.8044664689131,0.5218944016328737,1098.7800326164183,174.87627356157697,0.4295066237730422,140.8099855284742,0.0014826732227083113,0.003177836194441104,0.0014979831707387064,0.08478536493346946,0.027447290026073053,0.054808494607834504,8.608544431160238e-05,10408.935584306717
0,0,182,0.41680116461301653,866.4774493208332,137.90416913706784,0.36271922424464365,139.763036417812,0.4134384064899809,868.0603170042832,138.15609035314932,0.36688549118486075,180.44791571786217,0.008068015179750736,0.0018267846262942926,0.011486203823062528,0.29109899400314626,0.02964101132733487,0.059263163130622194,1.88595240475437e-05,10408.935584306717
0,0,183,0.5079590859731979,1275.682434963793,203.03116533999295,0.4896641763739884,95.33774508572773,0.5126499115855102,1180.6197900457544,187.90147549789745,0.465684890209433,92.37708217578707,0.009234652439231638,0.07451905138188776,0.0489708811090172,0.031054467538312733,0.7525994810411288,1.4633424625835243,0.041856499498733456,10408.935584306717
0,0,184,0.4722261414770145,1160.3221547551514,184.67100650832148,0.4250375280978044,133.6015117445666,0.46836507208808165,1071.3175370165384,170.50548163721666,0.4269559121281042,137.2755703623809,0.008176314375261702,0.07670681575272907,0.004513446233525005,0.02750012757968448,0.460733737785361,0.9043925962772735,0.017074879293448475,10408.935584306717
0,0,185,0.343143158113224,1135.5231318957424,180.72411943639764,0.45741836213721937,94.21256495778499,0.343029087743909,1135.1052465969728,180.65761092545304,0.4574602138010433,111.81347944336504,0.00033242792874614254,0.0003680112602126203,9.149537335662747e-05,0.1868213066215394,0.004664672460473029,0.009329327010500483,1.7910445575489797e-08,10408.935584306717
0,0,186,0.5108402475422331,870.8724177048093,138.60365008011024,0.37514121454457094,128.1686591803067,0.5110848487104633,870.7895858907675,138.59046698746022,0.3751168266688226,142.28137440825384,0.00047882125460366426,9.51136037355671e-05,6.500985443022883e-05,0.1101105006341175,0.00489674398370531,0.009793324840372652,1.6312703796841298e-07,10408.935584306717
0,0,187,0.4448418986464043,1094.5398764717115,174.2014317516654,0.3775439753224574,148.7697635730587,0.44499346646847787,1085.1929188688673,172.71381724630237,0.3781514898297396,160.44810666572388,0.00034072290073123966,0.008539622725281117,0.0016091225049037492,0.07849943975295841,0.0865683961486019,0.17306033906070134,7.645323650245452e-05,10408.935584306717
0,0,188,0.40018736873311217,1267.6252903673555,201.7488309502638,0.3659766744789452,132.85747021053461,0.40060610146858167,1267.3775559436854,201.70940279216265,0.3661857977997213,137.77461723909173,0.0010463417093725207,0.0001954319036963897,0.0005714116099717076,0.03701069289340734,0.004193047814318825,0.008385822003748883,2.736248887672765e-07,10408.935584306717
0,0,189,0.49581156042916846,865.1025584924781,137.68534846552342,0.3341795994969794,139.2664689212783,0.4959425034808982,864.7347836716687,137.62681528484686,0.33407008136235194,153.25985579797285,0.00026409842403913165,0.0004251227986775979,0.00032772238279147524,0.1004792250789704,0.00719322390918689,0.014386319529343137,1.2828903064279993e-07,10408.935584306717
0,0,190,0.40519992589887405,1295.585863081623,206.19889430941984,0.35477399757965644,97.50303775765792,0.40570295897190856,1295.4025055913385,206.1697120584881,0.3550065067291419,98.43799722667225,0.0012414441387633697,0.0001415247692256233,0.0006553725782376899,0.009589029126847882,0.0040277579366117975,0.008055118055940093,3.9781728350283813e-07,10408.935584306717
0,0,191,0.3820246697040666,1184.6678667734568,188.54574691912657,0.45619311635363663,127.41873975497455,0.38199730453692554,1184.3067164649924,188.4882680623353,0.45631896448760934,160.0115954663344,7.163193717902683e-05,0.00030485363754148765,0.0002758659205088695,0.2557932669404493,0.0041815713750052875,0.008363138340917451,4.40909312382562e-09,10408.935584306717
0,0,192,0.38226140316082613,1290.5017149199482,205.3897269980777,0.4856151023039315,121.03256098163506,0.3845030248120262,1259.2514309659346,200.41608983377108,0.482591320831916,143.78928271297897,0.005864106688942812,0.02421560823416042,0.00622670394242186,0.1880214840269051,0.21886121691762028,0.437516154517939,0.0002062793173015635,10408.935584306717
0,0,193,0.4029451391096638,1128.6224650380918,179.62584419537214,0.44272261308145117,132.50736541039913,0.4030990260096707,1128.4009147266645,179.59058336816494,0.44280167621460165,151.829153470014,0.00038190533914100183,0.00019630152534652815,0.00017858390516848323,0.1458167098845549,0.0050097682985830935,0.010019492410834763,4.4186331422960104e-08,10408.935584306717
0,0,194,0.4078549967101047,1037.1109701414537,165.06133743284343,0.4291990226881763,151.1164868042078,0.40795972415820553,1036.8024075910719,165.01222817769712,0.4292534840331601,176.091082334126,0.0002567761801266923,0.0002975212482225583,0.0001268906546960906,0.16526717936657861,0.004130041568343375,0.008260063605096851,1.9531589899769652e-08,10408.935584306717
0,0,195,0.32661888944851547,848.9821934105659,135.11971267829108,0.4523086216554312,122.48108459124721,0.3267280890778707,848.8116357302227,135.0925675803822,0.4522691437959561,132.68735281658323,0.0003343334782002921,0.0002008966520934171,8.728080249845626e-05,0.08332934231760862,0.006548723465029822,0.013097429816504186,1.7113555458187813e-08,10408.935584306717
0,0,196,0.4804793332369278,1089.180168579688,173.3484077471212,0.392372402947115,153.38592320084285,0.48100272171244185,1088.9511223386748,173.31195390566737,0.39249688246510395,160.3889257955634,0.0010893048655975053,0.00021029233511637158,0.00031724840242069183,0.04565609704321338,0.006061240108031003,0.012121999443835147,4.807722268586366e-07,10408.935584306717
0,0,197,0.3942276654082302,1146.6576742433517,182.4962368900857,0.40869516985914917,100.68817277022946,0.394340058322205,1146.6996615021349,182.50291936986793,0.40878147549178134,111.44098677248725,0.0002850964654102001,3.661708260998127e-05,0.00021117360565313652,0.10679321817464826,0.007310683785881902,0.014621317081982336,5.048978146893097e-08,10408.935584306717
0,0,198,0.351863886347984,1237.5431303209625,196.96110647999882,0.40454023865916744,136.18093414900184,0.3518744836611808,1236.852010668008,196.85111137096314,0.40442606076914844,163.83718863335335,3.0117649488820927e-05,0.0005584610637168396,0.00028224111993762133,0.20308462896936455,0.009571576729711435,0.01914315034534621,3.1140766587195485e-09,10408.935584306717
0,0,199,0.4122805753258381,1254.9579574221846,199.732762296249,0.4704032180392158,120.65749724948208,0.4124233883939495,1254.4284840785049,199.648493996367,0.4705034410177978,143.13173829403212,0.00034639776079311934,0.0004219052443535854,0.0002130575955660685,0.18626477058512428,0.006572019874004141,0.013144006776709145,3.297129913769788e-08,10408.935584306717
0,0,200,0.37559602811496356,1047.3910963418818,166.69747033325007,0.3243439385152884,126.41302198243329,0.3757094271431593,1047.3273644634269,166.68732708976142,0.3243078535345823,138.42514767112695,0.0003019175382787276,6.084821484311197e-05,0.00011125529544748465,0.09502285049686492,0.0044721067512811215,0.008944189649132395,2.3853429848074682e-08,10408.935584306717
0,0,201,0.40283453425135723,839.3667134501919,133.58936151239652,0.31979333516370634,155.3930227479217,0.3992088174562149,842.9564793367275,134.16069049778133,0.3180835362824846,127.89758672099909,0.009000511343647608,0.004276755116699782,0.0053465744692473924,0.17694125219203474,0.07621112094465551,0.1523881133620456,3.412852726541386e-05,10408.935584306717
0,0,202,0.46294832317745077,1040.7375096526293,165.6385191223651,0.4280353617179524,110.65555352840609,0.4870783388588537,962.4156491651258,153.1732078736251,0.43236648013958934,136.38394541036112,0.05212248208565984,0.07525611382417192,0.010118599557414234,0.23250881733062198,0.450544360443456,0.8823403342610386,0.01874838662587346,10408.935584306717
0,0,203,0.380195407033194,840.2759797706801,133.7340757418892,0.3105171142244987,144.2171955221543,0.37990830269129167,839.9127023190756,133.6762583397525,0.3097999837743112,177.7548669445357,0.0007551494220898251,0.00043233111543145567,0.0023094715792991035,0.23254974069461384,0.006499601404761274,0.012999081799647861,1.2100987468622077e-07,10408.935584306717
0,0,204,0.4881074258516231,803.7613194658277,127.92258705905051,0.3660110688194995,99.31792853818516,0.48807620599233836,803.3683953273616,127.86005124015351,0.3655518539154834,113.77924755092505,6.396104142495887e-05,0.0004888567401169067,0.0012546475861979732,0.1456063293464673,0.010368830101626425,0.02073763500456596,2.5198686890969372e-08,10408.935584306717
0,0,205,0.41523679754357257,1130.996000456429,180.0036040898042,0.41020961259055116,102.12886702988993,0.41204697501777443,1097.7878195041026,174.71835794015132,0.4089502958862147,103.39864563206018,0.007681936053519954,0.029361890704233177,0.003069934652149338,0.01243310181634174,0.20063476450806197,0.40069427582485,0.0005752531912739495,10408.935584306717
0,0,206,0.4647154385194551,1128.4751577270174,179.60239950866108,0.39348507152912565,112.3204462714954,0.46152005699203974,1084.036580474713,172.52978027498577,0.3887715898016411,111.73988456268276,0.00687599606674486,0.039379313711976525,0.011978806995567673,0.005168798095845643,0.29539473835639585,0.5882929766539591,0.002496500058832577,10408.935584306717
0,0,207,0.5102811095276987,845.6688288534667,134.59237433076328,0.32895265474268326,117.41067204855487,0.5104159851520305,845.5492536152987,134.57334334053743,0.32886225504415256,128.31308508603487,0.0002643163186201899,0.0001413972397802392,0.00027481066721109123,0.09285708741170767,0.0043044074385941555,0.008608770230830336,4.46463579750017e-08,10408.935584306717
0,0,208,0.3711962311778744,1130.2056670946608,179.87781862858836,0.4389108776968237,137.7433940812374,0.37470330596645696,1144.711726701754,182.18652971984292,0.43823453573038956,174.88590146297324,0.009448034473448002,0.012834884861604803,0.0015409551250659711,0.2696500084775766,0.12850464527538272,0.2569319275635931,7.73629871723184e-05,10408.935584306717
0,0,209,0.479789959354231,894.6947067453492,142.39508513667604,0.4492627870296749,109.12805560501135,0.4797833819438589,894.4952423751207,142.36333939618348,0.449096715636492,130.1229262301832,1.3708937096110934e-05,0.00022294126557884027,0.0003696531250249113,0.19238747092830746,0.005642559773164911,0.011284950259466896,1.6928686292534824e-07,10408.935584306717
0,0,210,0.48131581124048634,1124.671304806287,178.99699751353228,0.44196023808168505,99.31861705763806,0.4904831197337909,1101.5046474059652,175.30990947335465,0.42975141236067893,105.69749666656134,0.019046348113264375,0.020598602721807708,0.027624262702903225,0.06422642398676759,0.16642788404459702,0.33194202512196713,0.0009137429672269146,10408.935584306717
0,0,211,0.44958074174939383,1324.9284350993971,210.8689096890785,0.38468103447195123,100.7751927092089,0.45017226022999396,1324.822001268336,210.8519702187529,0.3850380118376698,100.72904086319492,0.001315711340967211,8.033175848715384e-05,0.0009279827538380395,0.00045796832308863116,0.0034435770082136834,0.006886546536623572,6.07479803794751e-07,10408.935584306717
0,0,212,0.5186942199721928,1162.128439903691,184.95848571834506,0.33943854718898914,135.7537035329242,0.5649969869872848,823.5756447297138,131.0761348688286,0.36656230860058187,112.69027700532205,0.08926794483573454,0.29132132348644196,0.07990772302148418,0.1698916930248507,1.1626484335984348,2.274922818446159,0.050374048750710936,10408.935584306717
0,0,213,0.5259684834524211,912.986191114736,145.3062652905521,0.4707719597025067,137.43192407670938,0.5264125864651668,912.607759493236,145.2460360273681,0.470260462724198,160.45957868813775,0.0008443528970226603,0.0004144987352305321,0.001086506891004904,0.16755680869733874,0.00796560999365514,0.015930748047418116,4.71939892162805e-07,10408.935584306717
0,0,214,0.36327343081870167,899.7873044949094,143.2055972416972,0.4908314064361027,115.02734547525031,0.35121113967344875,919.963150215077,146.41668281912135,0.5086760441844644,136.291741919628,0.0332044408479541,0.02242290552375948,0.03635594119359761,0.18486383699911615,0.18289570212922432,0.36544966606952345,0.0003417381889251875,10408.935584306717
0,0,215,0.4096342392931047,1151.5031914054755,183.26742489827433,0.3880603807403089,93.76653149877824,0.3939518180578194,1096.696452536651,174.54466149255418,0.37390190189393535,79.60295661028144,0.0382839609851658,0.047595820209520946,0.03648524701069252,0.15105149632927764,0.48356443804280524,0.9657793797648284,0.0013494963207820719,10408.935584306717
0,0,216,0.37141398864982417,1053.313292027346,167.6400170505492,0.4522536888089502,131.6491462915684,0.3711473824336102,1052.9314635415128,167.57924715961553,0.4523748792007757,171.18806304924212,0.0007178141490662994,0.0003625022951132815,0.0002679699355125654,0.3003355348017629,0.0045159167593448015,0.009031731136844613,1.0238184498897208e-07,10408.935584306717
0,0,217,0.40727115117698975,903.1288416150251,143.73741939188866,0.45693110959215133,105.44521759016101,0.3958195401514134,924.3453044027466,147.1141243194798,0.47415920550122703,146.33333351673343,0.02811790374172554,0.023492177206721768,0.037703924174594276,0.38776643323449933,0.16027412994620738,0.32006663913296873,0.0004816207594460361,10408.935584306717
0,0,218,0.46921738254412276,1066.757297840515,169.77969703067123,0.41044154798987587,117.74934763501223,0.4730123777003967,1063.992680874979,169.33969457485045,0.40537489249771114,124.42337248679459,0.008087925335794865,0.0025916082047272096,0.01234440206401742,0.056679930596896765,0.022975362589485872,0.045925106095711876,2.56190832598716e-05,10408.935584306717
0,0,219,0.3593310940022716,891.765827708902,141.92893956030724,0.428297614188786,111.00850192146963,0.3537198104945657,899.5412243857453,143.16643237592714,0.4367446378580615,154.11314242204196,0.015615914128684969,0.00871910139999383,0.019722322491276412,0.38830035316633404,0.06606256809742869,0.13206761932263755,5.75168722198439e-05,10408.935584306717
0,0,220,0.393799199156168,907.543959621053,144.44010724688206,0.3177116746522558,134.5744804750575,0.3936653153848337,907.4056264138504,144.418090833162,0.31750874081058283,155.07931927575933,0.00033997979584828226,0.00015242590260896116,0.0006387358660807365,0.15236795808773174,0.005394257245423633,0.010788483550359804,3.0940487462856784e-08,10408.935584306717
0,0,221,0.41342011644097276,1328.5947862940423,211.45242760481716,0.47031361397022614,146.0600827023153,0.4137429712333901,1328.2621616824897,211.39948875369453,0.47071146434695493,163.81528381978617,0.0007809363395199808,0.00025035820927791184,0.0008459257076789163,0.12156094114815551,0.0036650532385503138,0.007329929688925457,1.767881751702444e-07,10408.935584306717
0,0,222,0.3273535799372797,1097.6997309147819,174.70433820573095,0.4214929052705335,96.88383094206768,0.3268317841344344,1097.2509601672482,174.63291412294592,0.42150127875138477,125.78026510822146,0.001593982271234843,0.00040882832972882597,1.9866243883462717e-05,0.29825858334847016,0.0059988433948448255,0.011997333522686,3.532670036523806e-07,10408.935584306717
0,0,223,0.4172161980212253,977.1165178397154,155.51292379093084,0.34329713635737696,143.56354579604024,0.42138145261680376,955.2858899199741,152.03847144670408,0.34986728931544675,194.29326725153618,0.009983444112029852,0.022341888117914606,0.019138385562383974,0.3533607447085997,0.289203740182951,0.578063769234181,0.0003437111317209351,10408.935584306717
0,0,224,0.4053096657350554,856.2132069404986,136.27056422514426,0.3738141237100454,150.92777666859445,0.40508884260911476,855.9151101933071,136.22312065430913,0.3733662770005842,191.04189096556328,0.0005448257088568338,0.0003481571468123938,0.001198046518457834,0.2657835103809352,0.005340959304860609,0.010681836656267277,8.195345394127863e-08,10408.935584306717
0,0,225,0.39870499965023576,901.1567295450294,143.42354800761768,0.313347231009368,125.7607223996661,0.39889111294778756,900.9720864664033,143.39416114894664,0.3131010716074229,138.13914950440056,0.0004667944914537623,0.00020489563310404038,0.0007855802687394821,0.09842840330859404,0.005024263023810564,0.010048468050777514,5.799684361387506e-08,10408.935584306717
0,0,226,0.45735431281611716,1021.5756514016069,162.58881466288867,0.46966388076479826,126.53056644667396,0.4578496558025751,1013.5514870715081,161.31172924557177,0.47193719328116884,160.3227558178903,0.0010830618025834198,0.007854694186465462,0.00484029666634942,0.26706739976113203,0.08977726726747912,0.17931597461810145,0.0002385599168567967,10408.935584306717
0,0,227,0.4847586389932185,1102.9374952976011,175.5379542980073,0.41815978045935265,119.53103603420521,0.48480700944815236,1098.153797819534,174.77660519811667,0.4199223131091628,129.02938963098754,9.978255371434299e-05,0.004337233522717742,0.004214974113182224,0.07946349259504668,0.04189460686440754,0.08370384498852937,8.53687402857104e-05,10408.935584306717
0,0,228,0.3396509535494687,1177.4071907803138,187.39017444462922,0.4716786854920571,139.06425999313416,0.33994514465248415,1177.1119381401916,187.3431835274928,0.47166957849257884,152.21137421762248,0.000866157153221656,0.00025076510695216307,1.9307634112740164e-05,0.09453984960001524,0.004034233404306979,0.008068346142166593,1.206664473646713e-07,10408.935584306717
0,0,229,0.4050284208564967,847.6276862306022,134.9041361651464,0.33715782487380586,128.20403811943592,0.39986523337899915,849.9326450274018,135.27098175128023,0.3431774184315871,171.66912065429997,0.012747716485127581,0.002719305697823245,0.017853934014535527,0.33903052643608333,0.045923604984754514,0.09180398233426704,4.3227635241992626e-05,10408.935584306717
0,0,230,0.4629198800187038,1143.690200495688,182.0239487746496,0.32572884486352727,100.85675313320807,0.45778509034539594,928.4057669337524,147.7603670025288,0.36279964066641585,84.83565049532852,0.011092177923100681,0.18823666887119345,0.11380875960930133,0.15885007339785606,0.9585536388947173,1.8917985844450256,0.025308693344409144,10408.935584306717
0,0,231,0.4543559050015979,1256.9126042886035,200.04385400703865,0.3403558268880813,107.3761648178585,0.4596260257836652,1149.819732563823,182.99949410213358,0.3563033874432813,83.0967111873829,0.011599102650704528,0.0852031170340548,0.04685555320445281,0.2261158579435267,0.4475848199794705,0.8873911595950583,0.007778480363882701,10408.935584306717
0,0,232,0.46769935817987596,1052.4930533270913,167.5094720068884,0.3830443861281423,115.57173779485122,0.46819733774624905,1052.2493479003995,167.47068508357205,0.38303727339376425,121.36197610106326,0.0010647428901999372,0.00023155062726676806,1.856895606780855e-05,0.05010081544754625,0.0036602787682849408,0.007320125666259197,4.3187031068428745e-07,10408.935584306717
0,0,233,0.329973141913319,1043.9300273982076,166.14662410248246,0.36029065591993553,118.0672970806626,0.32974243846592566,1043.7186701359406,166.1129855494343,0.3601849352247632,140.2290455633537,0.000699158258928683,0.00020246305472579982,0.00029343168754238634,0.18770437733956413,0.005229193149480269,0.010458317262892983,6.903606755466752e-08,10408.935584306717
0,0,234,0.4305028398793406,1166.1913869616412,185.6051238261385,0.42495047543564585,140.16902836803575,0.430967082306804,1165.9509878275574,185.56686311563405,0.4250574025656546,152.2716540630566,0.001078372508746892,0.00020614037864762606,0.00025162256825137587,0.08634308046456235,0.003766697443948235,0.00753303200530919,3.628825872796972e-07,10408.935584306717
0,0,235,0.3203438620693156,1150.5257340420937,183.11185772723056,0.40841250975109306,146.95881331788678,0.3203128238635063,1150.196770213872,183.05950150787064,0.4084719877535307,182.29686252835782,9.68902778682904e-05,0.0002859247894143109,0.00014563217584571966,0.24046226566916587,0.005382632825842469,0.010765263922907404,1.7287775336934055e-09,10408.935584306717
0,0,236,0.51463517088406,807.9545791786951,128.58996507002146,0.4656656595979678,109.58274316767003,0.5048709819893982,810.3549706417946,128.97199923672935,0.4754144542892056,144.6141343258946,0.018973030696461144,0.0029709485223037365,0.020935180617901717,0.3196798158686706,0.03935187436666413,0.07850635326267479,0.00019739547065347808,10408.935584306717
0,0,237,0.44831338581993435,1209.3596144518365,192.47556061571854,0.4693992448040891,152.53768230587727,0.4486992939580732,1209.2002627139225,192.45019899893924,0.4698556078482679,166.3918235196482,0.0008607999456296061,0.00013176538724275403,0.0009722279045618341,0.09082438519021034,0.004227191170104506,0.008454125181030435,2.571591785763812e-07,10408.935584306717
0,0,238,0.45042284939475263,1259.9842759079759,200.53272572881687,0.3995397471750513,108.33505309950695,0.4588392120402662,1192.2734438733125,189.75621210963513,0.39840819122879084,117.66171603723897,0.018685470012950883,0.05373942622090996,0.0028321486266664076,0.08609090659848923,0.28267095516285107,0.5610125423557527,0.004329367969949459,10408.935584306717
0,0,239,0.3502722062690421,1067.0079076607656,169.81958282235146,0.44907068036444,121.83395518462875,0.34985758679323886,1066.5107347178368,169.74045529091282,0.44909546069169715,165.90302291210807,0.0011837064670919628,0.0004659505701496585,5.5181351935640826e-05,0.3617141679484712,0.005003758833752164,0.010007281437010778,2.3623049354963426e-07,10408.935584306717
0,0,240,0.3861867245372255,1017.4994799616356,161.94007182932722,0.41494756386543846,125.39998545438425,0.38611982195035527,1017.2905022505065,161.906811993605,0.41495563125711393,148.24803659906962,0.00017323896089495303,0.000205383604851588,1.9441954545578355e-05,0.18220138592437576,0.007527211432384396,0.015054412600459834,1.026430895853703e-08,10408.935584306717
0,0,241,0.43554883906778286,1105.3594564866062,175.92342139321417,0.4748233062481482,99.15190381193581,0.4356378678730923,1105.023096143504,175.86988798194938,0.4749325564627021,113.54045568635898,0.00020440602137746953,0.0003042995119173619,0.00023008604067295804,0.1451162440785236,0.0034589102194416137,0.006917800541684546,1.9897198680934914e-08,10408.935584306717
0,0,242,0.4731622821148647,1239.2402877683369,197.23121747695367,0.4424320140054331,119.37035044915612,0.4797972206900734,1231.7395941793047,196.0374450156415,0.43087775355167546,129.62321241501175,0.01402254327110122,0.006052654729729324,0.02611533543686045,0.08589119431481163,0.04846639780783314,0.09684772073364208,8.507488202420943e-05,10408.935584306717
0,0,243,0.5154632464522646,817.6351551375528,130.13067658585024,0.4605879937587271,131.3780390788744,0.5158320574062017,825.9029583757634,131.44653833972265,0.4591299086289228,135.201181358787,0.0007154941821274994,0.010111849015126668,0.0031657037299329394,0.029100314685145717,0.12555296629830906,0.25027215736436986,0.0008337752322482497,10408.935584306717
0,0,244,0.3251776348669531,978.630930285519,155.75395001756036,0.37565452894778223,104.75283298805502,0.32481541569892286,978.3671057067718,155.7119610317436,0.37555816146664334,123.99071887426867,0.0011139116876179255,0.0002695853672540314,0.00025653219570870165,0.1836502683264647,0.009235513536874526,0.018470857002303092,1.7007144596015114e-07,10408.935584306717
0,0,245,0.4520887787197591,1035.6918401289568,164.83547587646447,0.44316096691638196,116.96481770024755,0.4743262070274664,972.7281656716762,154.81449585135937,0.4347217852097853,138.70007706080958,0.0491881890337558,0.06079383076865878,0.019043152119913538,0.18582732643814504,0.35606717208649113,0.7029072766138535,0.009227067559128707,10408.935584306717
0,0,246,0.327932120498417,1183.3405120853545,188.33449185927887,0.4466090597602781,98.8840501482808,0.32813095796704184,1182.9867900580075,188.27819525014613,0.4465793085488526,106.34169869493718,0.0006063372759051601,0.00029891820970755515,6.661578124160709e-05,0.07541811379563554,0.004583406454991735,0.00916675969447782,5.32155056496946e-08,10408.935584306717
0,0,247,0.4147125715035996,1044.2183594791336,166.1925135784138,0.48297519612416595,131.10878982885228,0.414697718091038,1044.007157195809,166.15889969103043,0.4830093130782207,163.96870358933856,3.581616180026611e-05,0.00020225873392032667,7.063914322834416e-05,0.2506308982287243,0.012678712133781847,0.025357366645524213,5.7622039479027314e-08,10408.935584306717
0,0,248,0.38137032793314796,1271.4263050239065,202.35378122161862,0.3647309402643175,139.14821486697693,0.38173212706510207,1271.1770293714446,202.31410776933686,0.3648801353649815,146.83680769395497,0.0009486819121846616,0.00019605985142580483,0.0004090552355000307,0.05525469970511794,0.004451436151064562,0.00890267753077781,1.9477135131546683e-07,10408.935584306717
0,0,249,0.35629984196190617,915.9945747766191,145.78506442105768,0.32914681206644014,145.05177298958372,0.3560312714644046,915.8201794305935,145.75730853968548,0.32903464437403596,173.10842484176212,0.0007537766394246049,0.00019038905996587567,0.0003407831651170427,0.19342508729068178,0.005125934400724357,0.010251768582355415,1.0021909329899172e-07,10408.935584306717
0,0,250,0.35041218021195364,801.2727755235479,127.5265229895353,0.3433196928925634,116.75183106188533,0.35004750581320193,801.0312420764623,127.4880817475096,0.3428017079495048,137.5114640328786,0.001040701263669337,0.00030143723144448656,0.0015087539508568124,0.17780991340503638,0.011070761187747925,0.022141338786796656,1.8358869919397156e-07,10408.935584306717
0,0,251,0.31692752989101775,904.2260456098553,143.91204483124608,0.4981724357818414,142.9333926141503,0.3172104025096794,904.090600660803,143.8904880980876,0.49814407705008473,149.76946873666424,0.0008925466928005237,0.00014979102815040044,5.692553365011983e-05,0.04782700527488328,0.004382480647234778,0.008764857366638987,1.039278305685764e-07,10408.935584306717
0,0,252,0.3420903178753152,921.6839825588261,146.69056179286142,0.4533653103789346,151.0523895853536,0.3416848061261043,921.3315955914654,146.63447766512482,0.45316362197811016,206.39864575860958,0.001185393821519046,0.00038232949039900796,0.0004448695041442097,0.3664043735103047,0.004787958992957618,0.009575695272403092,2.227135121440285e-07,10408.935584306717
0,0,253,0.3911563817056912,1220.7293817540044,194.28511528366315,0.32934385358472035,127.6080348134695,0.394269222467017,1169.5546118626435,186.14039769386275,0.3292183383768361,134.68934645582306,0.007958046722264418,0.04192146978377017,0.00038110687817024283,0.05549267844070032,0.37502601392744106,0.7496756735652488,0.0003763542896333881,10408.935584306717
0,0,254,0.4424377049565529,1222.9690655453724,194.64157203002216,0.3557264550319948,119.60209445919214,0.4456893958178066,1185.0242193740721,188.60246219699815,0.3571071871204422,137.79211168603658,0.007349488582970167,0.031026824177583814,0.003881443364461678,0.15208778164876374,0.2404727072264265,0.48013521535106696,0.0008101991017860355,10408.935584306717
0,0,255,0.3958509507041184,874.7589772344726,139.22221524087706,0.43518996919910546,128.5849672988433,0.39541493607091,874.370412446375,139.16037323413988,0.43478936746696556,170.88432240771576,0.001101461629517007,0.000444196399476841,0.00092052152046874,0.3289603442567656,0.005127289920951155,0.010254290282800872,2.895591014380638e-07,10408.935584306717
0,0,256,0.42330426015581973,1135.6545021911288,180.74502766828385,0.42105174640516063,98.3222604578214,0.4203820372832304,1100.4419052843089,175.14076881146107,0.42024286774085956,100.47904714705102,0.006903362776253724,0.031006434473584053,0.0019210908664008272,0.02193589406088609,0.20939277167234163,0.4179468000304356,0.0008387433142476317,10408.935584306717
0,0,257,0.37974874819714005,1016.5172011920322,161.7837373076506,0.33766403723784066,138.7983489733331,0.37984475341188345,1016.3357143641949,161.75485278189424,0.3377009064776264,152.26954638609493,0.00025281245876170835,0.00017853788172441995,0.00010918912208519303,0.09705589088347157,0.004349649550281169,0.008699284752146949,1.4348415389262521e-08,10408.935584306717
0,0,258,0.45875499738223363,1210.7187771843269,192.69187808306066,0.30323276159873,99.83889220187494,0.5015529059255881,816.3769553798973,129.93042787502233,0.33709286757071677,83.06270179926047,0.09329142742328614,0.32570885100297137,0.11166374567664311,0.16803261767661545,1.2425270699570705,2.4726450261658934,0.01240911374824759,10408.935584306717
0,0,259,0.3679870581084259,1090.300148096681,173.52665802341232,0.3154988836666645,151.70640498495948,0.3652185269291563,1079.7917263818963,171.85419076341014,0.314842733621381,154.85236779619052,0.007523447138333547,0.009638099869223165,0.0020797222407188177,0.020737178575571294,0.10014626040609505,0.2002666312230435,2.5889589146580254e-05,10408.935584306717
0,0,260,0.42022737161463486,926.2920564801494,147.4239595355729,0.31352155163846523,138.3036377426321,0.4203600143577638,926.1154286373445,147.39584834130284,0.3134293632268787,152.79909428388194,0.0003156451770842811,0.00019068267029741522,0.0002940417049633704,0.10480893183897513,0.005641585330188351,0.01128313979943093,3.0860945771389954e-08,10408.935584306717
0,0,261,0.48806730748895183,1093.9567116629537,174.10861818971435,0.4268617608557317,104.3249947350283,0.48865121074352913,1093.695083438198,174.06697876449215,0.4267832715619952,111.43486752323948,0.0011963580547556302,0.00023915774908310586,0.0001838752048886896,0.06815119239899618,0.0049554460038661085,0.009910216597901313,6.754098309042279e-07,10408.935584306717
0,0,262,0.43346399932575447,895.0021558799523,142.44401718619744,0.40131370331623173,115.12536070636656,0.43360265723902125,894.4630595498437,142.35821734045797,0.40080001077844973,133.579385736555,0.0003198833432129587,0.0006023408173565195,0.001280027403841753,0.16029504634740227,0.005797543200971907,0.011595019820784962,6.658115885249316e-08,10408.935584306717
0,0,263,0.5195702039450001,1078.7080088417092,171.68171175997398,0.340472235869969,109.83151249402268,0.5600450136406824,880.46123912322,140.12975840727574,0.38501739756140596,100.22498118842927,0.07790055970947636,0.18378167965153222,0.13083346305056537,0.08746607496747548,0.9258221865894438,1.7546827630727713,0.09696161010611647,10408.935584306717
0,0,264,0.4326331889869483,1254.119649554873,199.59934145533353,0.3674301352954605,150.2756077603637,0.4398957728628209,1168.9004762953657,186.03628878487828,0.36792292984078057,164.75116347235954,0.016786931887677447,0.06795138987715743,0.0013411925097646553,0.09632671547786528,0.3628472953176812,0.722189072078455,0.0035055185569073406,10408.935584306717
0,0,265,0.3672123010740665,1290.9961267225688,205.46841508038773,0.44579421719558293,151.99917007579376,0.36742833233566075,1290.6599076010789,205.4149041452406,0.4459873748228493,177.9214682381154,0.0005883007213058429,0.0002604338731390542,0.000433288768260548,0.17054236644447207,0.006333022595620918,0.012665976769500986,6.842174084980997e-08,10408.935584306717
0,0,266,0.51709995590951,886.6161290274869,141.1093395597262,0.4404137818486799,108.73483800958103,0.5175939257654582,886.5518315303736,141.09910629523222,0.44015421212665073,122.33828744148083,0.0009552695766128175,7.252010764088281e-05,0.0005893769285320828,0.1251066326203673,0.008461122741805771,0.01692099311895917,1.2523646523713415e-06,10408.935584306717
0,0,267,0.4460188703724461,937.5367768910406,149.21361237265256,0.3921998931904178,118.29641992516015,0.4461047986883356,937.376023186677,149.18802762598276,0.39217981257466955,131.5223003650672,0.000192656234068617,0.0001714638916850843,5.119995210838623e-05,0.11180287998803645,0.005010265100783915,0.010020510532693965,1.966887386442273e-08,10408.935584306717
0,0,268,0.33018734546298284,1135.579896383281,180.7331537851815,0.43518331604847094,148.71104200627045,0.33016892161559697,1135.4020501544544,180.70484867875348,0.43518657864570043,181.73819948561226,5.579816319138377e-05,0.00015661269576281014,7.497064131770551e-06,0.22208947656993225,0.004434922217850888,0.008869841606364715,2.829337061311199e-09,10408.935584306717
0,0,269,0.46694238047390235,903.2029725986685,143.74921770437177,0.42404169154954535,123.13126122084117,0.46694672990331354,902.9060876391418,143.70196699553347,0.42391493261779395,143.81958262187183,9.314702612287234e-06,0.0003287023720398929,0.00029893035113645714,0.16801843167938707,0.004014788543737984,0.008029571379119485,5.70835648396057e-09,10408.935584306717
0,0,270,0.4637223416766017,968.7051507403523,154.17421313890668,0.3242394197723255,113.97447010088298,0.46396064967002304,968.4193731158933,154.12873021734896,0.32426225880687615,122.06245430746596,0.0005139023333655411,0.000295009915288042,7.043879663575135e-05,0.07096312182389619,0.007067436145287292,0.014134755134930047,1.1715564453575481e-07,10408.935584306717
0,0,271,0.5129857035942587,1222.844341788483,194.62172162759222,0.3020038247920634,106.1833260741547,0.513639892892863,1222.534804378806,194.57245721877027,0.30207722634645495,107.24264674073778,0.0012752583434992094,0.000253129036214258,0.0002430484264300289,0.009976337206119198,0.004747114966222065,0.009493347301779075,8.826306650549229e-07,10408.935584306717
0,0,272,0.37834698931504585,1304.956864384884,207.6903354885544,0.38068741105025516,105.11350603550433,0.37861837806685755,1304.6569819746956,207.6426077206266,0.38086520396061413,113.1604325961107,0.0007173012062367034,0.00022980254625493482,0.000467031231393922,0.07655463949502687,0.004260227091291302,0.008520343687652634,1.1049492997041822e-07,10408.935584306717
0,0,273,0.49804184950469194,1285.5457613168203,204.6009624844058,0.36034959508713515,115.94988151493638,0.5386073615798035,919.3287622935104,146.31571684556624,0.3920179210255626,90.4230451230268,0.08145000689290348,0.284872783251359,0.0878822298406352,0.22015405327189816,1.0401718951190009,2.0164001859600678,0.06394360427793408,10408.935584306717
0,0,274,0.47549955137100336,944.4198006568994,150.30907962840797,0.45788448073623916,121.92749339661376,0.4756403429806692,944.1253822963921,150.2622214909962,0.45785508142508546,141.45582071673581,0.00029609199264206176,0.0003117452220956128,6.42068303045079e-05,0.1601634444874466,0.004352431689446829,0.008704813685838548,4.9693055110274096e-08,10408.935584306717
0,0,275,0.45303120285159604,1279.185175942228,203.58864388108142,0.3058635226899593,115.30707766007114,0.4627498824745668,876.2839540110964,139.4649228329771,0.37919175990073595,96.59098302756662,0.021452561240366447,0.3149670817865449,0.23974168794592193,0.16231522827835557,1.1291371311542837,2.2486056894548208,0.009668572853746824,10408.935584306717
0,0,276,0.4790495972295576,1122.1931491556995,178.60258679199018,0.3222617148497485,149.3852083476478,0.5037605289355676,877.9272300425816,139.7264583362524,0.327181743747773,121.25588697612585,0.05158324283940195,0.21766833926663637,0.01526718400390307,0.1883005799748236,0.940646941418456,1.8482906638219743,0.033003219014937725,10408.935584306717
0,0,277,0.5211845903129578,808.4856528262151,128.6744880661701,0.38713601650613433,115.55256389206549,0.5212307806322438,808.1375256385625,128.61908190343053,0.38691516425764144,132.0977389628171,8.862564270799326e-05,0.00043059167028587745,0.0005704771425972118,0.14318310657482247,0.009825718202268807,0.019651360702539603,7.570199800935744e-08,10408.935584306717
0,0,278,0.5063883657410383,823.2673313427946,131.027065269279,0.4710063700525634,107.71673557961353,0.506715851620297,822.8620142529815,130.96255705091565,0.4702263677302931,126.82609345355235,0.0006467089321442961,0.0004923274304496496,0.0016560334888534025,0.177403796829835,0.013691687045345275,0.02738305420297639,3.1988771416080995e-07,10408.935584306717
0,0,279,0.3353602722822655,1049.2206491260044,166.98865270249073,0.358824935091255,128.71870760942244,0.33516034333074934,1048.9400337688226,166.94399138128773,0.35880460654328955,152.17818198997546,0.0005961617044128698,0.0002674512338426031,5.665310845885e-05,0.18225380611913278,0.004942321623930733,0.009884590148189433,5.309967203347997e-08,10408.935584306717
0,0,280,0.49623696049223526,1273.7015713014089,202.7159010965334,0.45314170531151315,95.76241255519722,0.5035400557032688,1223.34630121082,194.70161095088872,0.43934346970658217,97.41474170364022,0.014716951360876673,0.03953459053924084,0.03045015597371547,0.017254464506004413,0.2412930999448658,0.4754852300699157,0.0071009698198159195,10408.935584306717
0,0,281,0.3270921424662645,977.0370615485851,155.50027792943771,0.47520075549144525,153.17996939523243,0.3269414353246387,976.7352676163293,155.45224593332406,0.4752407926346708,194.62416468651566,0.000460748278724971,0.00030888688273243936,8.425311357960599e-05,0.2705588430060956,0.004728033235229191,0.00945603616999928,3.030045910179725e-08,10408.935584306717
0,0,282,0.42888105810559696,1220.4213115666075,194.2360843905197,0.36586727679087655,144.8802062647363,0.43109148888971566,1197.474525639724,190.58398998218465,0.3656703753689586,157.25634575884084,0.0051539482622113345,0.018802347770728062,0.0005381771872167665,0.08542325976186076,0.1957699431294172,0.39131419199523343,0.000225694263600984,10408.935584306717
0,0,283,0.4888325912515506,839.9442947637237,133.68128643348263,0.4925155315185643,115.2317465267845,0.4890861671454607,839.5436952156169,133.61752903520104,0.49195143060201196,139.1494684856559,0.0005187376996711533,0.0004769358522989906,0.0011453464519444972,0.20756191483491868,0.01210514727829795,0.024210036501561883,2.5805503401923036e-07,10408.935584306717
0,0,284,0.3539516713449036,1078.6901819218906,171.67887451756474,0.4244257020272726,94.79934972416359,0.3535025597227208,1078.1774573248767,171.59727186350517,0.42407891112620677,120.44392335503791,0.0012688501243016334,0.000475321464500902,0.0008170827058996884,0.2705142356513203,0.0052287303715962755,0.010457187061504825,2.7368168772642544e-07,10408.935584306717
0,0,285,0.3478699878780012,984.8601042822962,156.74535385052695,0.34436746400399265,131.4430152719843,0.34779756951674834,984.6527781221062,156.71235686730046,0.3443437179938643,149.52389252979543,0.0002081765135722969,0.0002105133097468195,6.895544036662667e-05,0.1375567748533297,0.005664858749362313,0.011329710194085865,7.304638760811156e-09,10408.935584306717
0,0,286,0.3345581552868218,1193.554194948827,189.96004997417353,0.39570449540757696,112.11284356082297,0.3344617681439422,1193.1461078175093,189.89510089001212,0.3956655066237656,134.6459631120663,0.0002881028047186414,0.0003419091760095063,9.853005023662455e-05,0.2009860675687775,0.006386158082716057,0.012772303880313031,1.228511908428872e-08,10408.935584306717
0,0,287,0.5211257969098527,1327.2542824611635,211.23907979358086,0.480078193326275,153.80069060075772,0.5220171964999222,1229.2220416465373,195.63676408555804,0.489125370843151,93.32444469186919,0.0017105267007606073,0.07386093389191586,0.018845216555644053,0.39321179685646085,1.0064822890331684,1.9063029549908874,0.10666162307544955,10408.935584306717
0,0,288,0.3345973398570201,981.8857515089845,156.27197090415532,0.32884211514857437,123.43441750914016,0.33448866798550425,981.7689692122773,156.25338442436873,0.32880825641802763,141.02576912222335,0.00032478402716023294,0.00011893674648783606,0.00010296348608338749,0.1425157745146776,0.009124056715608276,0.01824809688163219,1.6549584361855528e-08,10408.935584306717
0,0,289,0.5135659082676385,1081.922543537373,172.19332084652928,0.488845015564598,135.73042667766543,0.5291066423451809,972.139015634137,154.72072971066223,0.4853092214340059,148.93875048098369,0.030260447251968987,0.10147078324507045,0.00723295526805845,0.0973129174248127,1.062541131614687,1.9873727137565835,0.13770954947279057,10408.935584306717
0,0,290,0.3270599107447085,1071.5180569673269,170.53739537857317,0.40384680592594235,110.3252008710757,0.32651536067956877,1071.1156157422722,170.47334486830178,0.40347283575384496,150.04195570427052,0.0016649856715848495,0.0003755804416340472,0.0009260198833068695,0.3599971223220994,0.007586004504395853,0.015171626502625619,3.8250616608710513e-07,10408.935584306717
0,0,291,0.34376576706373696,812.1779648050154,129.26213776903361,0.3787655921847317,117.51428761728621,0.34339257780679017,811.9152076849175,129.22031867453742,0.3784194335988021,138.96077059307413,0.001085591681028556,0.000323521606697402,0.0009139124383843051,0.18250106783299058,0.009087801048444642,0.018175414052696716,1.880441925694365e-07,10408.935584306717
0,0,292,0.3214483621547403,928.3280488469486,147.74799778484635,0.45762127875969577,132.34971136435425,0.3211779587295262,928.1776378980842,147.72405913883944,0.4574427841877149,163.19556456100153,0.0008412033068127696,0.0001620234884114946,0.0003900486718289403,0.23306324493394398,0.005200494285790838,0.010400883128683218,1.054428984575002e-07,10408.935584306717
0,0,293,0.5238693918803434,1261.0007947502238,200.69450972730667,0.42628583926645613,105.40575605944852,0.5172963243716752,1233.5423111608122,196.32435633424413,0.43387140802483726,65.27788282251943,0.012547149366897182,0.02177515169199436,0.01779455956462033,0.3806990693591448,0.4655926077429352,0.9244875721454859,0.006697643340384419,10408.935584306717
0,0,294,0.4941396891398534,1026.085121620089,163.3065191388858,0.30568130298012414,153.2650255456472,0.5334405251450418,863.7836532421786,137.47543817546838,0.32852584477853564,174.14874631179077,0.07953385827719929,0.15817544271731773,0.074733199497965,0.13625888027483302,0.8593008114105578,1.6843334786843513,0.03426814413676426,10408.935584306717
0,0,295,0.515648904858947,972.9536722906123,154.850386344463,0.39868667427167614,110.7983505117164,0.5179861211947213,971.7385849457401,154.65699918723817,0.3960719591465534,118.97897862574216,0.004532573062311964,0.0012488645446104135,0.006558320841546351,0.07383348286543943,0.019143281970038308,0.038275794173410135,1.0769766666479977e-05,10408.935584306717
0,0,296,0.4770224611993524,1320.0253956299787,210.0885667213459,0.4217406829944983,132.1058888135201,0.4876877976750992,1169.6798890655461,186.16033617996146,0.4289446033118093,142.05520933869278,0.02235814315521225,0.11389591977711953,0.01708139766398814,0.07531322497831329,0.5593953325893992,1.0711187715596637,0.047671893619134716,10408.935584306717
0,0,297,0.3653338088795916,944.2872668529343,150.28798621838015,0.3762788709250004,129.30365793626504,0.3651236442736542,944.0414001618753,150.24885531915646,0.3761640453313921,154.41336714619715,0.0005752673331328365,0.00026037276969577297,0.0003051608859302684,0.1941917932616331,0.0054976430235068145,0.01099522325838618,6.278862744789638e-08,10408.935584306717
0,0,298,0.47106102108174175,826.2682709220654,131.5046796372401,0.4122926839855594,154.13241696800122,0.471057232031991,825.8967951128932,131.44555742597126,0.4120429700893053,188.11068255198524,8.043649508580014e-06,0.00044958256566925197,0.0006056714221561533,0.2204485354371501,0.009540081601883207,0.019080131506693,3.1697073413953494e-08,10408.935584306717
0,0,299,0.36267157046870063,1024.1181320594014,162.9934630272922,0.30864752768790327,143.3061500965042,0.3627598151719773,1023.9616086842341,162.96855155842488,0.3086255049439645,157.40147840038495,0.00024331850208890286,0.00015283722674902742,7.1352406752544e-05,0.09835815346646852,0.004450840069933983,0.008901668355375305,1.1784492660368751e-08,10408.935584306717
