iteration,cycle,repeat_idx,local_step,phase,total_loss,observation_loss,shape_regularization,lr_params,lr_lfunc
1,1,28,1,"Etape 1 : cycles sequentiels avec loi globale immediate, T=0.0500 s",5.239568447239129,5.239568447239129,0.0,0.003,0.0001
2,1,28,2,"Etape 1 : cycles sequentiels avec loi globale immediate, T=0.0500 s",5.117490819967165,5.117490819967165,0.0,0.003,0.0001
3,1,28,3,"Etape 1 : cycles sequentiels avec loi globale immediate, T=0.0500 s",4.998735370517372,4.998735370517372,0.0,0.003,0.0001
4,1,28,4,"Etape 1 : cycles sequentiels avec loi globale immediate, T=0.0500 s",4.886196003549591,4.886196003549591,0.0,0.003,0.0001
5,1,28,5,"Etape 1 : cycles sequentiels avec loi globale immediate, T=0.0500 s",4.777461737459628,4.777461737459628,0.0,0.003,0.0001
6,1,28,6,"Etape 1 : cycles sequentiels avec loi globale immediate, T=0.0500 s",4.6717258318820925,4.6717258318820925,0.0,0.003,0.0001
7,1,28,7,"Etape 1 : cycles sequentiels avec loi globale immediate, T=0.0500 s",4.568747960576701,4.568747960576701,0.0,0.003,0.0001
8,1,28,8,"Etape 1 : cycles sequentiels avec loi globale immediate, T=0.0500 s",4.46717611978317,4.46717611978317,0.0,0.003,0.0001
9,1,28,9,"Etape 1 : cycles sequentiels avec loi globale immediate, T=0.0500 s",4.366985285119286,4.366985285119286,0.0,0.003,0.0001
10,1,28,10,"Etape 1 : cycles sequentiels avec loi globale immediate, T=0.0500 s",4.267610000474723,4.267610000474723,0.0,0.003,0.0001
11,1,5,1,"Etape 1 : cycles sequentiels avec loi globale immediate, T=0.0500 s",5.558249796342505,5.558249796342505,0.0,0.003,0.0001
12,1,5,2,"Etape 1 : cycles sequentiels avec loi globale immediate, T=0.0500 s",5.448947381415912,5.448947381415912,0.0,0.003,0.0001
13,1,5,3,"Etape 1 : cycles sequentiels avec loi globale immediate, T=0.0500 s",5.337410398894042,5.337410398894042,0.0,0.003,0.0001
14,1,5,4,"Etape 1 : cycles sequentiels avec loi globale immediate, T=0.0500 s",5.225754473696417,5.225754473696417,0.0,0.003,0.0001
15,1,5,5,"Etape 1 : cycles sequentiels avec loi globale immediate, T=0.0500 s",5.115261274511751,5.115261274511751,0.0,0.003,0.0001
16,1,5,6,"Etape 1 : cycles sequentiels avec loi globale immediate, T=0.0500 s",5.006849495197286,5.006849495197286,0.0,0.003,0.0001
17,1,5,7,"Etape 1 : cycles sequentiels avec loi globale immediate, T=0.0500 s",4.9003209788189945,4.9003209788189945,0.0,0.003,0.0001
18,1,5,8,"Etape 1 : cycles sequentiels avec loi globale immediate, T=0.0500 s",4.796120856857122,4.796120856857122,0.0,0.003,0.0001
19,1,5,9,"Etape 1 : cycles sequentiels avec loi globale immediate, T=0.0500 s",4.694251271548642,4.694251271548642,0.0,0.003,0.0001
20,1,5,10,"Etape 1 : cycles sequentiels avec loi globale immediate, T=0.0500 s",4.59468610893555,4.59468610893555,0.0,0.003,0.0001
21,1,10,1,"Etape 1 : cycles sequentiels avec loi globale immediate, T=0.0500 s",5.119351358483373,5.119351358483373,0.0,0.003,0.0001
22,1,10,2,"Etape 1 : cycles sequentiels avec loi globale immediate, T=0.0500 s",5.016898139594298,5.016898139594298,0.0,0.003,0.0001
23,1,10,3,"Etape 1 : cycles sequentiels avec loi globale immediate, T=0.0500 s",4.917598567657208,4.917598567657208,0.0,0.003,0.0001
24,1,10,4,"Etape 1 : cycles sequentiels avec loi globale immediate, T=0.0500 s",4.820995122480177,4.820995122480177,0.0,0.003,0.0001
25,1,10,5,"Etape 1 : cycles sequentiels avec loi globale immediate, T=0.0500 s",4.725652138524564,4.725652138524564,0.0,0.003,0.0001
26,1,10,6,"Etape 1 : cycles sequentiels avec loi globale immediate, T=0.0500 s",4.632540208756408,4.632540208756408,0.0,0.003,0.0001
27,1,10,7,"Etape 1 : cycles sequentiels avec loi globale immediate, T=0.0500 s",4.5413501240259215,4.5413501240259215,0.0,0.003,0.0001
28,1,10,8,"Etape 1 : cycles sequentiels avec loi globale immediate, T=0.0500 s",4.452007560277009,4.452007560277009,0.0,0.003,0.0001
29,1,10,9,"Etape 1 : cycles sequentiels avec loi globale immediate, T=0.0500 s",4.364401906154491,4.364401906154491,0.0,0.003,0.0001
30,1,10,10,"Etape 1 : cycles sequentiels avec loi globale immediate, T=0.0500 s",4.27855923660119,4.27855923660119,0.0,0.003,0.0001
31,1,11,1,"Etape 1 : cycles sequentiels avec loi globale immediate, T=0.0500 s",5.492040745781168,5.492040745781168,0.0,0.003,0.0001
32,1,11,2,"Etape 1 : cycles sequentiels avec loi globale immediate, T=0.0500 s",5.380589317289788,5.380589317289788,0.0,0.003,0.0001
33,1,11,3,"Etape 1 : cycles sequentiels avec loi globale immediate, T=0.0500 s",5.271383356712474,5.271383356712474,0.0,0.003,0.0001
34,1,11,4,"Etape 1 : cycles sequentiels avec loi globale immediate, T=0.0500 s",5.163138134353205,5.163138134353205,0.0,0.003,0.0001
35,1,11,5,"Etape 1 : cycles sequentiels avec loi globale immediate, T=0.0500 s",5.055875367601137,5.055875367601137,0.0,0.003,0.0001
36,1,11,6,"Etape 1 : cycles sequentiels avec loi globale immediate, T=0.0500 s",4.950932320919885,4.950932320919885,0.0,0.003,0.0001
37,1,11,7,"Etape 1 : cycles sequentiels avec loi globale immediate, T=0.0500 s",4.8481753255123365,4.8481753255123365,0.0,0.003,0.0001
38,1,11,8,"Etape 1 : cycles sequentiels avec loi globale immediate, T=0.0500 s",4.747058595398583,4.747058595398583,0.0,0.003,0.0001
39,1,11,9,"Etape 1 : cycles sequentiels avec loi globale immediate, T=0.0500 s",4.645613422048202,4.645613422048202,0.0,0.003,0.0001
40,1,11,10,"Etape 1 : cycles sequentiels avec loi globale immediate, T=0.0500 s",4.545936309076678,4.545936309076678,0.0,0.003,0.0001
41,1,24,1,"Etape 1 : cycles sequentiels avec loi globale immediate, T=0.0500 s",5.239907315211985,5.239907315211985,0.0,0.003,0.0001
42,1,24,2,"Etape 1 : cycles sequentiels avec loi globale immediate, T=0.0500 s",5.12879279534246,5.12879279534246,0.0,0.003,0.0001
43,1,24,3,"Etape 1 : cycles sequentiels avec loi globale immediate, T=0.0500 s",5.020171889559978,5.020171889559978,0.0,0.003,0.0001
44,1,24,4,"Etape 1 : cycles sequentiels avec loi globale immediate, T=0.0500 s",4.913953033947645,4.913953033947645,0.0,0.003,0.0001
45,1,24,5,"Etape 1 : cycles sequentiels avec loi globale immediate, T=0.0500 s",4.809825263415044,4.809825263415044,0.0,0.003,0.0001
46,1,24,6,"Etape 1 : cycles sequentiels avec loi globale immediate, T=0.0500 s",4.707418697508788,4.707418697508788,0.0,0.003,0.0001
47,1,24,7,"Etape 1 : cycles sequentiels avec loi globale immediate, T=0.0500 s",4.607135018291712,4.607135018291712,0.0,0.003,0.0001
48,1,24,8,"Etape 1 : cycles sequentiels avec loi globale immediate, T=0.0500 s",4.509053272960014,4.509053272960014,0.0,0.003,0.0001
49,1,24,9,"Etape 1 : cycles sequentiels avec loi globale immediate, T=0.0500 s",4.412988999034828,4.412988999034828,0.0,0.003,0.0001
50,1,24,10,"Etape 1 : cycles sequentiels avec loi globale immediate, T=0.0500 s",4.318999830422333,4.318999830422333,0.0,0.003,0.0001
51,1,9,1,"Etape 1 : cycles sequentiels avec loi globale immediate, T=0.0500 s",4.468745775020538,4.468745775020538,0.0,0.003,0.0001
52,1,9,2,"Etape 1 : cycles sequentiels avec loi globale immediate, T=0.0500 s",4.375862751618222,4.375862751618222,0.0,0.003,0.0001
53,1,9,3,"Etape 1 : cycles sequentiels avec loi globale immediate, T=0.0500 s",4.28421733567658,4.28421733567658,0.0,0.003,0.0001
54,1,9,4,"Etape 1 : cycles sequentiels avec loi globale immediate, T=0.0500 s",4.1943791853271595,4.1943791853271595,0.0,0.003,0.0001
55,1,9,5,"Etape 1 : cycles sequentiels avec loi globale immediate, T=0.0500 s",4.1064263527244105,4.1064263527244105,0.0,0.003,0.0001
56,1,9,6,"Etape 1 : cycles sequentiels avec loi globale immediate, T=0.0500 s",4.020236375956262,4.020236375956262,0.0,0.003,0.0001
57,1,9,7,"Etape 1 : cycles sequentiels avec loi globale immediate, T=0.0500 s",3.9356227606334704,3.9356227606334704,0.0,0.003,0.0001
58,1,9,8,"Etape 1 : cycles sequentiels avec loi globale immediate, T=0.0500 s",3.8526265286574044,3.8526265286574044,0.0,0.003,0.0001
59,1,9,9,"Etape 1 : cycles sequentiels avec loi globale immediate, T=0.0500 s",3.769066289788379,3.769066289788379,0.0,0.003,0.0001
60,1,9,10,"Etape 1 : cycles sequentiels avec loi globale immediate, T=0.0500 s",3.687154549268371,3.687154549268371,0.0,0.003,0.0001
61,1,17,1,"Etape 1 : cycles sequentiels avec loi globale immediate, T=0.0500 s",5.5599561314359836,5.5599561314359836,0.0,0.003,0.0001
62,1,17,2,"Etape 1 : cycles sequentiels avec loi globale immediate, T=0.0500 s",5.451682176956825,5.451682176956825,0.0,0.003,0.0001
63,1,17,3,"Etape 1 : cycles sequentiels avec loi globale immediate, T=0.0500 s",5.344212970469332,5.344212970469332,0.0,0.003,0.0001
64,1,17,4,"Etape 1 : cycles sequentiels avec loi globale immediate, T=0.0500 s",5.238224948211946,5.238224948211946,0.0,0.003,0.0001
65,1,17,5,"Etape 1 : cycles sequentiels avec loi globale immediate, T=0.0500 s",5.134219644694503,5.134219644694503,0.0,0.003,0.0001
66,1,17,6,"Etape 1 : cycles sequentiels avec loi globale immediate, T=0.0500 s",5.032465274052906,5.032465274052906,0.0,0.003,0.0001
67,1,17,7,"Etape 1 : cycles sequentiels avec loi globale immediate, T=0.0500 s",4.9323688412094775,4.9323688412094775,0.0,0.003,0.0001
68,1,17,8,"Etape 1 : cycles sequentiels avec loi globale immediate, T=0.0500 s",4.834854424556466,4.834854424556466,0.0,0.003,0.0001
69,1,17,9,"Etape 1 : cycles sequentiels avec loi globale immediate, T=0.0500 s",4.740066209456205,4.740066209456205,0.0,0.003,0.0001
70,1,17,10,"Etape 1 : cycles sequentiels avec loi globale immediate, T=0.0500 s",4.647106103939423,4.647106103939423,0.0,0.003,0.0001
71,1,12,1,"Etape 1 : cycles sequentiels avec loi globale immediate, T=0.0500 s",4.7541415273112895,4.7541415273112895,0.0,0.003,0.0001
72,1,12,2,"Etape 1 : cycles sequentiels avec loi globale immediate, T=0.0500 s",4.668235262553418,4.668235262553418,0.0,0.003,0.0001
73,1,12,3,"Etape 1 : cycles sequentiels avec loi globale immediate, T=0.0500 s",4.584874252736467,4.584874252736467,0.0,0.003,0.0001
74,1,12,4,"Etape 1 : cycles sequentiels avec loi globale immediate, T=0.0500 s",4.503788149406146,4.503788149406146,0.0,0.003,0.0001
75,1,12,5,"Etape 1 : cycles sequentiels avec loi globale immediate, T=0.0500 s",4.424603019331012,4.424603019331012,0.0,0.003,0.0001
76,1,12,6,"Etape 1 : cycles sequentiels avec loi globale immediate, T=0.0500 s",4.347152668793444,4.347152668793444,0.0,0.003,0.0001
77,1,12,7,"Etape 1 : cycles sequentiels avec loi globale immediate, T=0.0500 s",4.271462978565521,4.271462978565521,0.0,0.003,0.0001
78,1,12,8,"Etape 1 : cycles sequentiels avec loi globale immediate, T=0.0500 s",4.197373948848129,4.197373948848129,0.0,0.003,0.0001
79,1,12,9,"Etape 1 : cycles sequentiels avec loi globale immediate, T=0.0500 s",4.124664239260367,4.124664239260367,0.0,0.003,0.0001
80,1,12,10,"Etape 1 : cycles sequentiels avec loi globale immediate, T=0.0500 s",4.05319264773527,4.05319264773527,0.0,0.003,0.0001
81,1,0,1,"Etape 1 : cycles sequentiels avec loi globale immediate, T=0.0500 s",4.611368220682212,4.611368220682212,0.0,0.003,0.0001
82,1,0,2,"Etape 1 : cycles sequentiels avec loi globale immediate, T=0.0500 s",4.502875509249587,4.502875509249587,0.0,0.003,0.0001
83,1,0,3,"Etape 1 : cycles sequentiels avec loi globale immediate, T=0.0500 s",4.397989516575178,4.397989516575178,0.0,0.003,0.0001
84,1,0,4,"Etape 1 : cycles sequentiels avec loi globale immediate, T=0.0500 s",4.296249818250876,4.296249818250876,0.0,0.003,0.0001
85,1,0,5,"Etape 1 : cycles sequentiels avec loi globale immediate, T=0.0500 s",4.197001666864755,4.197001666864755,0.0,0.003,0.0001
86,1,0,6,"Etape 1 : cycles sequentiels avec loi globale immediate, T=0.0500 s",4.099708625575247,4.099708625575247,0.0,0.003,0.0001
87,1,0,7,"Etape 1 : cycles sequentiels avec loi globale immediate, T=0.0500 s",4.004211724878266,4.004211724878266,0.0,0.003,0.0001
88,1,0,8,"Etape 1 : cycles sequentiels avec loi globale immediate, T=0.0500 s",3.9103854546516366,3.9103854546516366,0.0,0.003,0.0001
89,1,0,9,"Etape 1 : cycles sequentiels avec loi globale immediate, T=0.0500 s",3.8169384975403773,3.8169384975403773,0.0,0.003,0.0001
90,1,0,10,"Etape 1 : cycles sequentiels avec loi globale immediate, T=0.0500 s",3.7250322243684506,3.7250322243684506,0.0,0.003,0.0001
91,1,25,1,"Etape 1 : cycles sequentiels avec loi globale immediate, T=0.0500 s",5.255883449069143,5.255883449069143,0.0,0.003,0.0001
92,1,25,2,"Etape 1 : cycles sequentiels avec loi globale immediate, T=0.0500 s",5.12781165636243,5.12781165636243,0.0,0.003,0.0001
93,1,25,3,"Etape 1 : cycles sequentiels avec loi globale immediate, T=0.0500 s",5.002598799951185,5.002598799951185,0.0,0.003,0.0001
94,1,25,4,"Etape 1 : cycles sequentiels avec loi globale immediate, T=0.0500 s",4.880980087459228,4.880980087459228,0.0,0.003,0.0001
95,1,25,5,"Etape 1 : cycles sequentiels avec loi globale immediate, T=0.0500 s",4.763098698512195,4.763098698512195,0.0,0.003,0.0001
96,1,25,6,"Etape 1 : cycles sequentiels avec loi globale immediate, T=0.0500 s",4.649053439108042,4.649053439108042,0.0,0.003,0.0001
97,1,25,7,"Etape 1 : cycles sequentiels avec loi globale immediate, T=0.0500 s",4.536052787068989,4.536052787068989,0.0,0.003,0.0001
98,1,25,8,"Etape 1 : cycles sequentiels avec loi globale immediate, T=0.0500 s",4.424579405226723,4.424579405226723,0.0,0.003,0.0001
99,1,25,9,"Etape 1 : cycles sequentiels avec loi globale immediate, T=0.0500 s",4.3163896360368925,4.3163896360368925,0.0,0.003,0.0001
100,1,25,10,"Etape 1 : cycles sequentiels avec loi globale immediate, T=0.0500 s",4.210572181297669,4.210572181297669,0.0,0.003,0.0001
101,1,27,1,"Etape 1 : cycles sequentiels avec loi globale immediate, T=0.0500 s",4.897608768740016,4.897608768740016,0.0,0.003,0.0001
102,1,27,2,"Etape 1 : cycles sequentiels avec loi globale immediate, T=0.0500 s",4.788345470163401,4.788345470163401,0.0,0.003,0.0001
103,1,27,3,"Etape 1 : cycles sequentiels avec loi globale immediate, T=0.0500 s",4.681606789494554,4.681606789494554,0.0,0.003,0.0001
104,1,27,4,"Etape 1 : cycles sequentiels avec loi globale immediate, T=0.0500 s",4.577289767185294,4.577289767185294,0.0,0.003,0.0001
105,1,27,5,"Etape 1 : cycles sequentiels avec loi globale immediate, T=0.0500 s",4.474156770437975,4.474156770437975,0.0,0.003,0.0001
106,1,27,6,"Etape 1 : cycles sequentiels avec loi globale immediate, T=0.0500 s",4.373240231857305,4.373240231857305,0.0,0.003,0.0001
107,1,27,7,"Etape 1 : cycles sequentiels avec loi globale immediate, T=0.0500 s",4.275328605917209,4.275328605917209,0.0,0.003,0.0001
108,1,27,8,"Etape 1 : cycles sequentiels avec loi globale immediate, T=0.0500 s",4.184117508641419,4.184117508641419,0.0,0.003,0.0001
109,1,27,9,"Etape 1 : cycles sequentiels avec loi globale immediate, T=0.0500 s",4.096480750674745,4.096480750674745,0.0,0.003,0.0001
110,1,27,10,"Etape 1 : cycles sequentiels avec loi globale immediate, T=0.0500 s",4.011305948562446,4.011305948562446,0.0,0.003,0.0001
111,1,3,1,"Etape 1 : cycles sequentiels avec loi globale immediate, T=0.0500 s",4.410784989237607,4.410784989237607,0.0,0.003,0.0001
112,1,3,2,"Etape 1 : cycles sequentiels avec loi globale immediate, T=0.0500 s",4.309153428709485,4.309153428709485,0.0,0.003,0.0001
113,1,3,3,"Etape 1 : cycles sequentiels avec loi globale immediate, T=0.0500 s",4.2090451993758204,4.2090451993758204,0.0,0.003,0.0001
114,1,3,4,"Etape 1 : cycles sequentiels avec loi globale immediate, T=0.0500 s",4.11058275757221,4.11058275757221,0.0,0.003,0.0001
115,1,3,5,"Etape 1 : cycles sequentiels avec loi globale immediate, T=0.0500 s",4.013985477593353,4.013985477593353,0.0,0.003,0.0001
116,1,3,6,"Etape 1 : cycles sequentiels avec loi globale immediate, T=0.0500 s",3.919501629659544,3.919501629659544,0.0,0.003,0.0001
117,1,3,7,"Etape 1 : cycles sequentiels avec loi globale immediate, T=0.0500 s",3.8270771774679773,3.8270771774679773,0.0,0.003,0.0001
118,1,3,8,"Etape 1 : cycles sequentiels avec loi globale immediate, T=0.0500 s",3.7354446030825343,3.7354446030825343,0.0,0.003,0.0001
119,1,3,9,"Etape 1 : cycles sequentiels avec loi globale immediate, T=0.0500 s",3.6454596341723873,3.6454596341723873,0.0,0.003,0.0001
120,1,3,10,"Etape 1 : cycles sequentiels avec loi globale immediate, T=0.0500 s",3.5574429618260637,3.5574429618260637,0.0,0.003,0.0001
121,1,22,1,"Etape 1 : cycles sequentiels avec loi globale immediate, T=0.0500 s",4.440957022730021,4.440957022730021,0.0,0.003,0.0001
122,1,22,2,"Etape 1 : cycles sequentiels avec loi globale immediate, T=0.0500 s",4.3418581808515935,4.3418581808515935,0.0,0.003,0.0001
123,1,22,3,"Etape 1 : cycles sequentiels avec loi globale immediate, T=0.0500 s",4.2446367940964524,4.2446367940964524,0.0,0.003,0.0001
124,1,22,4,"Etape 1 : cycles sequentiels avec loi globale immediate, T=0.0500 s",4.14947913621127,4.14947913621127,0.0,0.003,0.0001
125,1,22,5,"Etape 1 : cycles sequentiels avec loi globale immediate, T=0.0500 s",4.055482903798554,4.055482903798554,0.0,0.003,0.0001
126,1,22,6,"Etape 1 : cycles sequentiels avec loi globale immediate, T=0.0500 s",3.9624933086682033,3.9624933086682033,0.0,0.003,0.0001
127,1,22,7,"Etape 1 : cycles sequentiels avec loi globale immediate, T=0.0500 s",3.8719793554467143,3.8719793554467143,0.0,0.003,0.0001
128,1,22,8,"Etape 1 : cycles sequentiels avec loi globale immediate, T=0.0500 s",3.784976329054719,3.784976329054719,0.0,0.003,0.0001
129,1,22,9,"Etape 1 : cycles sequentiels avec loi globale immediate, T=0.0500 s",3.7005263728302635,3.7005263728302635,0.0,0.003,0.0001
130,1,22,10,"Etape 1 : cycles sequentiels avec loi globale immediate, T=0.0500 s",3.6179709029221754,3.6179709029221754,0.0,0.003,0.0001
131,1,8,1,"Etape 1 : cycles sequentiels avec loi globale immediate, T=0.0500 s",5.440044229273044,5.440044229273044,0.0,0.003,0.0001
132,1,8,2,"Etape 1 : cycles sequentiels avec loi globale immediate, T=0.0500 s",5.313711905461428,5.313711905461428,0.0,0.003,0.0001
133,1,8,3,"Etape 1 : cycles sequentiels avec loi globale immediate, T=0.0500 s",5.190360704565897,5.190360704565897,0.0,0.003,0.0001
134,1,8,4,"Etape 1 : cycles sequentiels avec loi globale immediate, T=0.0500 s",5.0705375918124584,5.0705375918124584,0.0,0.003,0.0001
135,1,8,5,"Etape 1 : cycles sequentiels avec loi globale immediate, T=0.0500 s",4.953963216978645,4.953963216978645,0.0,0.003,0.0001
136,1,8,6,"Etape 1 : cycles sequentiels avec loi globale immediate, T=0.0500 s",4.840768124627928,4.840768124627928,0.0,0.003,0.0001
137,1,8,7,"Etape 1 : cycles sequentiels avec loi globale immediate, T=0.0500 s",4.730802576237393,4.730802576237393,0.0,0.003,0.0001
138,1,8,8,"Etape 1 : cycles sequentiels avec loi globale immediate, T=0.0500 s",4.624133422333778,4.624133422333778,0.0,0.003,0.0001
139,1,8,9,"Etape 1 : cycles sequentiels avec loi globale immediate, T=0.0500 s",4.520600124842226,4.520600124842226,0.0,0.003,0.0001
140,1,8,10,"Etape 1 : cycles sequentiels avec loi globale immediate, T=0.0500 s",4.420315658060495,4.420315658060495,0.0,0.003,0.0001
141,1,15,1,"Etape 1 : cycles sequentiels avec loi globale immediate, T=0.0500 s",3.652859877461103,3.652859877461103,0.0,0.003,0.0001
142,1,15,2,"Etape 1 : cycles sequentiels avec loi globale immediate, T=0.0500 s",3.575893715804104,3.575893715804104,0.0,0.003,0.0001
143,1,15,3,"Etape 1 : cycles sequentiels avec loi globale immediate, T=0.0500 s",3.5001694888764305,3.5001694888764305,0.0,0.003,0.0001
144,1,15,4,"Etape 1 : cycles sequentiels avec loi globale immediate, T=0.0500 s",3.4261318285029114,3.4261318285029114,0.0,0.003,0.0001
145,1,15,5,"Etape 1 : cycles sequentiels avec loi globale immediate, T=0.0500 s",3.3539206790997538,3.3539206790997538,0.0,0.003,0.0001
146,1,15,6,"Etape 1 : cycles sequentiels avec loi globale immediate, T=0.0500 s",3.283147937408603,3.283147937408603,0.0,0.003,0.0001
147,1,15,7,"Etape 1 : cycles sequentiels avec loi globale immediate, T=0.0500 s",3.217621010809263,3.217621010809263,0.0,0.003,0.0001
148,1,15,8,"Etape 1 : cycles sequentiels avec loi globale immediate, T=0.0500 s",3.1541006609035604,3.1541006609035604,0.0,0.003,0.0001
149,1,15,9,"Etape 1 : cycles sequentiels avec loi globale immediate, T=0.0500 s",3.092790363985317,3.092790363985317,0.0,0.003,0.0001
150,1,15,10,"Etape 1 : cycles sequentiels avec loi globale immediate, T=0.0500 s",3.0335252689986474,3.0335252689986474,0.0,0.003,0.0001
151,1,13,1,"Etape 1 : cycles sequentiels avec loi globale immediate, T=0.0500 s",4.089333281884839,4.089333281884839,0.0,0.003,0.0001
152,1,13,2,"Etape 1 : cycles sequentiels avec loi globale immediate, T=0.0500 s",4.001994834998348,4.001994834998348,0.0,0.003,0.0001
153,1,13,3,"Etape 1 : cycles sequentiels avec loi globale immediate, T=0.0500 s",3.9163403584822403,3.9163403584822403,0.0,0.003,0.0001
154,1,13,4,"Etape 1 : cycles sequentiels avec loi globale immediate, T=0.0500 s",3.8321518302409543,3.8321518302409543,0.0,0.003,0.0001
155,1,13,5,"Etape 1 : cycles sequentiels avec loi globale immediate, T=0.0500 s",3.74926695775621,3.74926695775621,0.0,0.003,0.0001
156,1,13,6,"Etape 1 : cycles sequentiels avec loi globale immediate, T=0.0500 s",3.6674939364577597,3.6674939364577597,0.0,0.003,0.0001
157,1,13,7,"Etape 1 : cycles sequentiels avec loi globale immediate, T=0.0500 s",3.5867507057982424,3.5867507057982424,0.0,0.003,0.0001
158,1,13,8,"Etape 1 : cycles sequentiels avec loi globale immediate, T=0.0500 s",3.50568751103484,3.50568751103484,0.0,0.003,0.0001
159,1,13,9,"Etape 1 : cycles sequentiels avec loi globale immediate, T=0.0500 s",3.4239911556727463,3.4239911556727463,0.0,0.003,0.0001
160,1,13,10,"Etape 1 : cycles sequentiels avec loi globale immediate, T=0.0500 s",3.343259755878576,3.343259755878576,0.0,0.003,0.0001
161,1,2,1,"Etape 1 : cycles sequentiels avec loi globale immediate, T=0.0500 s",3.805618053237228,3.805618053237228,0.0,0.003,0.0001
162,1,2,2,"Etape 1 : cycles sequentiels avec loi globale immediate, T=0.0500 s",3.7122928349316355,3.7122928349316355,0.0,0.003,0.0001
163,1,2,3,"Etape 1 : cycles sequentiels avec loi globale immediate, T=0.0500 s",3.6178555219732984,3.6178555219732984,0.0,0.003,0.0001
164,1,2,4,"Etape 1 : cycles sequentiels avec loi globale immediate, T=0.0500 s",3.523105949033673,3.523105949033673,0.0,0.003,0.0001
165,1,2,5,"Etape 1 : cycles sequentiels avec loi globale immediate, T=0.0500 s",3.42888370604489,3.42888370604489,0.0,0.003,0.0001
166,1,2,6,"Etape 1 : cycles sequentiels avec loi globale immediate, T=0.0500 s",3.3355273486347103,3.3355273486347103,0.0,0.003,0.0001
167,1,2,7,"Etape 1 : cycles sequentiels avec loi globale immediate, T=0.0500 s",3.24324494922694,3.24324494922694,0.0,0.003,0.0001
168,1,2,8,"Etape 1 : cycles sequentiels avec loi globale immediate, T=0.0500 s",3.15299594041534,3.15299594041534,0.0,0.003,0.0001
169,1,2,9,"Etape 1 : cycles sequentiels avec loi globale immediate, T=0.0500 s",3.064954490205647,3.064954490205647,0.0,0.003,0.0001
170,1,2,10,"Etape 1 : cycles sequentiels avec loi globale immediate, T=0.0500 s",2.9786597786251905,2.9786597786251905,0.0,0.003,0.0001
171,1,16,1,"Etape 1 : cycles sequentiels avec loi globale immediate, T=0.0500 s",5.108288487836736,5.108288487836736,0.0,0.003,0.0001
172,1,16,2,"Etape 1 : cycles sequentiels avec loi globale immediate, T=0.0500 s",4.98776931790061,4.98776931790061,0.0,0.003,0.0001
173,1,16,3,"Etape 1 : cycles sequentiels avec loi globale immediate, T=0.0500 s",4.869590847416605,4.869590847416605,0.0,0.003,0.0001
174,1,16,4,"Etape 1 : cycles sequentiels avec loi globale immediate, T=0.0500 s",4.7544396821080825,4.7544396821080825,0.0,0.003,0.0001
175,1,16,5,"Etape 1 : cycles sequentiels avec loi globale immediate, T=0.0500 s",4.64220817804721,4.64220817804721,0.0,0.003,0.0001
176,1,16,6,"Etape 1 : cycles sequentiels avec loi globale immediate, T=0.0500 s",4.53474195893641,4.53474195893641,0.0,0.003,0.0001
177,1,16,7,"Etape 1 : cycles sequentiels avec loi globale immediate, T=0.0500 s",4.433020461188752,4.433020461188752,0.0,0.003,0.0001
178,1,16,8,"Etape 1 : cycles sequentiels avec loi globale immediate, T=0.0500 s",4.332854092421441,4.332854092421441,0.0,0.003,0.0001
179,1,16,9,"Etape 1 : cycles sequentiels avec loi globale immediate, T=0.0500 s",4.233712408279617,4.233712408279617,0.0,0.003,0.0001
180,1,16,10,"Etape 1 : cycles sequentiels avec loi globale immediate, T=0.0500 s",4.136307838955337,4.136307838955337,0.0,0.003,0.0001
181,1,21,1,"Etape 1 : cycles sequentiels avec loi globale immediate, T=0.0500 s",5.6043778195956175,5.6043778195956175,0.0,0.003,0.0001
182,1,21,2,"Etape 1 : cycles sequentiels avec loi globale immediate, T=0.0500 s",5.467779378573887,5.467779378573887,0.0,0.003,0.0001
183,1,21,3,"Etape 1 : cycles sequentiels avec loi globale immediate, T=0.0500 s",5.335802900542048,5.335802900542048,0.0,0.003,0.0001
184,1,21,4,"Etape 1 : cycles sequentiels avec loi globale immediate, T=0.0500 s",5.208261345571036,5.208261345571036,0.0,0.003,0.0001
185,1,21,5,"Etape 1 : cycles sequentiels avec loi globale immediate, T=0.0500 s",5.08465146418134,5.08465146418134,0.0,0.003,0.0001
186,1,21,6,"Etape 1 : cycles sequentiels avec loi globale immediate, T=0.0500 s",4.963968928925105,4.963968928925105,0.0,0.003,0.0001
187,1,21,7,"Etape 1 : cycles sequentiels avec loi globale immediate, T=0.0500 s",4.845460632246719,4.845460632246719,0.0,0.003,0.0001
188,1,21,8,"Etape 1 : cycles sequentiels avec loi globale immediate, T=0.0500 s",4.7291305177118605,4.7291305177118605,0.0,0.003,0.0001
189,1,21,9,"Etape 1 : cycles sequentiels avec loi globale immediate, T=0.0500 s",4.614497275920948,4.614497275920948,0.0,0.003,0.0001
190,1,21,10,"Etape 1 : cycles sequentiels avec loi globale immediate, T=0.0500 s",4.502845973013834,4.502845973013834,0.0,0.003,0.0001
191,1,29,1,"Etape 1 : cycles sequentiels avec loi globale immediate, T=0.0500 s",5.075552565492144,5.075552565492144,0.0,0.003,0.0001
192,1,29,2,"Etape 1 : cycles sequentiels avec loi globale immediate, T=0.0500 s",4.952415241543044,4.952415241543044,0.0,0.003,0.0001
193,1,29,3,"Etape 1 : cycles sequentiels avec loi globale immediate, T=0.0500 s",4.832989231889621,4.832989231889621,0.0,0.003,0.0001
194,1,29,4,"Etape 1 : cycles sequentiels avec loi globale immediate, T=0.0500 s",4.716255659838184,4.716255659838184,0.0,0.003,0.0001
195,1,29,5,"Etape 1 : cycles sequentiels avec loi globale immediate, T=0.0500 s",4.603144776646873,4.603144776646873,0.0,0.003,0.0001
196,1,29,6,"Etape 1 : cycles sequentiels avec loi globale immediate, T=0.0500 s",4.493791843975756,4.493791843975756,0.0,0.003,0.0001
197,1,29,7,"Etape 1 : cycles sequentiels avec loi globale immediate, T=0.0500 s",4.387303967980527,4.387303967980527,0.0,0.003,0.0001
198,1,29,8,"Etape 1 : cycles sequentiels avec loi globale immediate, T=0.0500 s",4.282245034888083,4.282245034888083,0.0,0.003,0.0001
199,1,29,9,"Etape 1 : cycles sequentiels avec loi globale immediate, T=0.0500 s",4.178656339739134,4.178656339739134,0.0,0.003,0.0001
200,1,29,10,"Etape 1 : cycles sequentiels avec loi globale immediate, T=0.0500 s",4.078644349160461,4.078644349160461,0.0,0.003,0.0001
201,1,7,1,"Etape 1 : cycles sequentiels avec loi globale immediate, T=0.0500 s",5.286336277116318,5.286336277116318,0.0,0.003,0.0001
202,1,7,2,"Etape 1 : cycles sequentiels avec loi globale immediate, T=0.0500 s",5.163491533481918,5.163491533481918,0.0,0.003,0.0001
203,1,7,3,"Etape 1 : cycles sequentiels avec loi globale immediate, T=0.0500 s",5.0397093370203425,5.0397093370203425,0.0,0.003,0.0001
204,1,7,4,"Etape 1 : cycles sequentiels avec loi globale immediate, T=0.0500 s",4.916689115741349,4.916689115741349,0.0,0.003,0.0001
205,1,7,5,"Etape 1 : cycles sequentiels avec loi globale immediate, T=0.0500 s",4.795534379820164,4.795534379820164,0.0,0.003,0.0001
206,1,7,6,"Etape 1 : cycles sequentiels avec loi globale immediate, T=0.0500 s",4.676782525689184,4.676782525689184,0.0,0.003,0.0001
207,1,7,7,"Etape 1 : cycles sequentiels avec loi globale immediate, T=0.0500 s",4.561964826911973,4.561964826911973,0.0,0.003,0.0001
208,1,7,8,"Etape 1 : cycles sequentiels avec loi globale immediate, T=0.0500 s",4.453356479240992,4.453356479240992,0.0,0.003,0.0001
209,1,7,9,"Etape 1 : cycles sequentiels avec loi globale immediate, T=0.0500 s",4.348045267564518,4.348045267564518,0.0,0.003,0.0001
210,1,7,10,"Etape 1 : cycles sequentiels avec loi globale immediate, T=0.0500 s",4.245076952199455,4.245076952199455,0.0,0.003,0.0001
211,1,6,1,"Etape 1 : cycles sequentiels avec loi globale immediate, T=0.0500 s",5.330754752167573,5.330754752167573,0.0,0.003,0.0001
212,1,6,2,"Etape 1 : cycles sequentiels avec loi globale immediate, T=0.0500 s",5.198362386939422,5.198362386939422,0.0,0.003,0.0001
213,1,6,3,"Etape 1 : cycles sequentiels avec loi globale immediate, T=0.0500 s",5.068176548791287,5.068176548791287,0.0,0.003,0.0001
214,1,6,4,"Etape 1 : cycles sequentiels avec loi globale immediate, T=0.0500 s",4.94137185337367,4.94137185337367,0.0,0.003,0.0001
215,1,6,5,"Etape 1 : cycles sequentiels avec loi globale immediate, T=0.0500 s",4.818252013989347,4.818252013989347,0.0,0.003,0.0001
216,1,6,6,"Etape 1 : cycles sequentiels avec loi globale immediate, T=0.0500 s",4.698232470393913,4.698232470393913,0.0,0.003,0.0001
217,1,6,7,"Etape 1 : cycles sequentiels avec loi globale immediate, T=0.0500 s",4.581237904626262,4.581237904626262,0.0,0.003,0.0001
218,1,6,8,"Etape 1 : cycles sequentiels avec loi globale immediate, T=0.0500 s",4.467678090122844,4.467678090122844,0.0,0.003,0.0001
219,1,6,9,"Etape 1 : cycles sequentiels avec loi globale immediate, T=0.0500 s",4.357428629474465,4.357428629474465,0.0,0.003,0.0001
220,1,6,10,"Etape 1 : cycles sequentiels avec loi globale immediate, T=0.0500 s",4.250322018427182,4.250322018427182,0.0,0.003,0.0001
221,1,4,1,"Etape 1 : cycles sequentiels avec loi globale immediate, T=0.0500 s",4.790420429590417,4.790420429590417,0.0,0.003,0.0001
222,1,4,2,"Etape 1 : cycles sequentiels avec loi globale immediate, T=0.0500 s",4.659841853380572,4.659841853380572,0.0,0.003,0.0001
223,1,4,3,"Etape 1 : cycles sequentiels avec loi globale immediate, T=0.0500 s",4.532437495010607,4.532437495010607,0.0,0.003,0.0001
224,1,4,4,"Etape 1 : cycles sequentiels avec loi globale immediate, T=0.0500 s",4.408542027155499,4.408542027155499,0.0,0.003,0.0001
225,1,4,5,"Etape 1 : cycles sequentiels avec loi globale immediate, T=0.0500 s",4.287931145664096,4.287931145664096,0.0,0.003,0.0001
226,1,4,6,"Etape 1 : cycles sequentiels avec loi globale immediate, T=0.0500 s",4.170717446541007,4.170717446541007,0.0,0.003,0.0001
227,1,4,7,"Etape 1 : cycles sequentiels avec loi globale immediate, T=0.0500 s",4.056365568151142,4.056365568151142,0.0,0.003,0.0001
228,1,4,8,"Etape 1 : cycles sequentiels avec loi globale immediate, T=0.0500 s",3.9437786295721806,3.9437786295721806,0.0,0.003,0.0001
229,1,4,9,"Etape 1 : cycles sequentiels avec loi globale immediate, T=0.0500 s",3.833820536335864,3.833820536335864,0.0,0.003,0.0001
230,1,4,10,"Etape 1 : cycles sequentiels avec loi globale immediate, T=0.0500 s",3.726448276085938,3.726448276085938,0.0,0.003,0.0001
231,1,18,1,"Etape 1 : cycles sequentiels avec loi globale immediate, T=0.0500 s",3.830382513791645,3.830382513791645,0.0,0.003,0.0001
232,1,18,2,"Etape 1 : cycles sequentiels avec loi globale immediate, T=0.0500 s",3.7375319925101045,3.7375319925101045,0.0,0.003,0.0001
233,1,18,3,"Etape 1 : cycles sequentiels avec loi globale immediate, T=0.0500 s",3.6448660571173996,3.6448660571173996,0.0,0.003,0.0001
234,1,18,4,"Etape 1 : cycles sequentiels avec loi globale immediate, T=0.0500 s",3.5540411687476476,3.5540411687476476,0.0,0.003,0.0001
235,1,18,5,"Etape 1 : cycles sequentiels avec loi globale immediate, T=0.0500 s",3.4647406790359527,3.4647406790359527,0.0,0.003,0.0001
236,1,18,6,"Etape 1 : cycles sequentiels avec loi globale immediate, T=0.0500 s",3.376656250316863,3.376656250316863,0.0,0.003,0.0001
237,1,18,7,"Etape 1 : cycles sequentiels avec loi globale immediate, T=0.0500 s",3.289711873075268,3.289711873075268,0.0,0.003,0.0001
238,1,18,8,"Etape 1 : cycles sequentiels avec loi globale immediate, T=0.0500 s",3.204236316987712,3.204236316987712,0.0,0.003,0.0001
239,1,18,9,"Etape 1 : cycles sequentiels avec loi globale immediate, T=0.0500 s",3.120660223189779,3.120660223189779,0.0,0.003,0.0001
240,1,18,10,"Etape 1 : cycles sequentiels avec loi globale immediate, T=0.0500 s",3.037421732004206,3.037421732004206,0.0,0.003,0.0001
241,1,14,1,"Etape 1 : cycles sequentiels avec loi globale immediate, T=0.0500 s",4.613760322725301,4.613760322725301,0.0,0.003,0.0001
242,1,14,2,"Etape 1 : cycles sequentiels avec loi globale immediate, T=0.0500 s",4.525717758906902,4.525717758906902,0.0,0.003,0.0001
243,1,14,3,"Etape 1 : cycles sequentiels avec loi globale immediate, T=0.0500 s",4.433935060389187,4.433935060389187,0.0,0.003,0.0001
244,1,14,4,"Etape 1 : cycles sequentiels avec loi globale immediate, T=0.0500 s",4.341055082956924,4.341055082956924,0.0,0.003,0.0001
245,1,14,5,"Etape 1 : cycles sequentiels avec loi globale immediate, T=0.0500 s",4.248603901498663,4.248603901498663,0.0,0.003,0.0001
246,1,14,6,"Etape 1 : cycles sequentiels avec loi globale immediate, T=0.0500 s",4.157609386602499,4.157609386602499,0.0,0.003,0.0001
247,1,14,7,"Etape 1 : cycles sequentiels avec loi globale immediate, T=0.0500 s",4.066708391389279,4.066708391389279,0.0,0.003,0.0001
248,1,14,8,"Etape 1 : cycles sequentiels avec loi globale immediate, T=0.0500 s",3.977840838818723,3.977840838818723,0.0,0.003,0.0001
249,1,14,9,"Etape 1 : cycles sequentiels avec loi globale immediate, T=0.0500 s",3.89095104746301,3.89095104746301,0.0,0.003,0.0001
250,1,14,10,"Etape 1 : cycles sequentiels avec loi globale immediate, T=0.0500 s",3.805859476286251,3.805859476286251,0.0,0.003,0.0001
251,1,20,1,"Etape 1 : cycles sequentiels avec loi globale immediate, T=0.0500 s",4.521828387790194,4.521828387790194,0.0,0.003,0.0001
252,1,20,2,"Etape 1 : cycles sequentiels avec loi globale immediate, T=0.0500 s",4.4210975402597965,4.4210975402597965,0.0,0.003,0.0001
253,1,20,3,"Etape 1 : cycles sequentiels avec loi globale immediate, T=0.0500 s",4.321743020600319,4.321743020600319,0.0,0.003,0.0001
254,1,20,4,"Etape 1 : cycles sequentiels avec loi globale immediate, T=0.0500 s",4.224158811656222,4.224158811656222,0.0,0.003,0.0001
255,1,20,5,"Etape 1 : cycles sequentiels avec loi globale immediate, T=0.0500 s",4.127147386156367,4.127147386156367,0.0,0.003,0.0001
256,1,20,6,"Etape 1 : cycles sequentiels avec loi globale immediate, T=0.0500 s",4.032137388962331,4.032137388962331,0.0,0.003,0.0001
257,1,20,7,"Etape 1 : cycles sequentiels avec loi globale immediate, T=0.0500 s",3.9392929477615217,3.9392929477615217,0.0,0.003,0.0001
258,1,20,8,"Etape 1 : cycles sequentiels avec loi globale immediate, T=0.0500 s",3.84850162395536,3.84850162395536,0.0,0.003,0.0001
259,1,20,9,"Etape 1 : cycles sequentiels avec loi globale immediate, T=0.0500 s",3.7598021957002117,3.7598021957002117,0.0,0.003,0.0001
260,1,20,10,"Etape 1 : cycles sequentiels avec loi globale immediate, T=0.0500 s",3.673149182165294,3.673149182165294,0.0,0.003,0.0001
261,1,23,1,"Etape 1 : cycles sequentiels avec loi globale immediate, T=0.0500 s",4.211918453501734,4.211918453501734,0.0,0.003,0.0001
262,1,23,2,"Etape 1 : cycles sequentiels avec loi globale immediate, T=0.0500 s",4.102152434978619,4.102152434978619,0.0,0.003,0.0001
263,1,23,3,"Etape 1 : cycles sequentiels avec loi globale immediate, T=0.0500 s",3.994782377338866,3.994782377338866,0.0,0.003,0.0001
264,1,23,4,"Etape 1 : cycles sequentiels avec loi globale immediate, T=0.0500 s",3.8895449878156967,3.8895449878156967,0.0,0.003,0.0001
265,1,23,5,"Etape 1 : cycles sequentiels avec loi globale immediate, T=0.0500 s",3.7857708878245555,3.7857708878245555,0.0,0.003,0.0001
266,1,23,6,"Etape 1 : cycles sequentiels avec loi globale immediate, T=0.0500 s",3.684435843916461,3.684435843916461,0.0,0.003,0.0001
267,1,23,7,"Etape 1 : cycles sequentiels avec loi globale immediate, T=0.0500 s",3.585425709323198,3.585425709323198,0.0,0.003,0.0001
268,1,23,8,"Etape 1 : cycles sequentiels avec loi globale immediate, T=0.0500 s",3.4933498834983228,3.4933498834983228,0.0,0.003,0.0001
269,1,23,9,"Etape 1 : cycles sequentiels avec loi globale immediate, T=0.0500 s",3.405484348938832,3.405484348938832,0.0,0.003,0.0001
270,1,23,10,"Etape 1 : cycles sequentiels avec loi globale immediate, T=0.0500 s",3.320204224909145,3.320204224909145,0.0,0.003,0.0001
271,1,1,1,"Etape 1 : cycles sequentiels avec loi globale immediate, T=0.0500 s",4.23995874238717,4.23995874238717,0.0,0.003,0.0001
272,1,1,2,"Etape 1 : cycles sequentiels avec loi globale immediate, T=0.0500 s",4.133565840632202,4.133565840632202,0.0,0.003,0.0001
273,1,1,3,"Etape 1 : cycles sequentiels avec loi globale immediate, T=0.0500 s",4.031269822951975,4.031269822951975,0.0,0.003,0.0001
274,1,1,4,"Etape 1 : cycles sequentiels avec loi globale immediate, T=0.0500 s",3.9383982444497945,3.9383982444497945,0.0,0.003,0.0001
275,1,1,5,"Etape 1 : cycles sequentiels avec loi globale immediate, T=0.0500 s",3.851035781630158,3.851035781630158,0.0,0.003,0.0001
276,1,1,6,"Etape 1 : cycles sequentiels avec loi globale immediate, T=0.0500 s",3.7668760395586602,3.7668760395586602,0.0,0.003,0.0001
277,1,1,7,"Etape 1 : cycles sequentiels avec loi globale immediate, T=0.0500 s",3.685200641114811,3.685200641114811,0.0,0.003,0.0001
278,1,1,8,"Etape 1 : cycles sequentiels avec loi globale immediate, T=0.0500 s",3.610382613242993,3.610382613242993,0.0,0.003,0.0001
279,1,1,9,"Etape 1 : cycles sequentiels avec loi globale immediate, T=0.0500 s",3.5382190222255105,3.5382190222255105,0.0,0.003,0.0001
280,1,1,10,"Etape 1 : cycles sequentiels avec loi globale immediate, T=0.0500 s",3.467219545707329,3.467219545707329,0.0,0.003,0.0001
281,1,19,1,"Etape 1 : cycles sequentiels avec loi globale immediate, T=0.0500 s",4.338802761169266,4.338802761169266,0.0,0.003,0.0001
282,1,19,2,"Etape 1 : cycles sequentiels avec loi globale immediate, T=0.0500 s",4.245658762802829,4.245658762802829,0.0,0.003,0.0001
283,1,19,3,"Etape 1 : cycles sequentiels avec loi globale immediate, T=0.0500 s",4.155031512046946,4.155031512046946,0.0,0.003,0.0001
284,1,19,4,"Etape 1 : cycles sequentiels avec loi globale immediate, T=0.0500 s",4.066882801779021,4.066882801779021,0.0,0.003,0.0001
285,1,19,5,"Etape 1 : cycles sequentiels avec loi globale immediate, T=0.0500 s",3.9789571846186234,3.9789571846186234,0.0,0.003,0.0001
286,1,19,6,"Etape 1 : cycles sequentiels avec loi globale immediate, T=0.0500 s",3.892709052896398,3.892709052896398,0.0,0.003,0.0001
287,1,19,7,"Etape 1 : cycles sequentiels avec loi globale immediate, T=0.0500 s",3.808535232062769,3.808535232062769,0.0,0.003,0.0001
288,1,19,8,"Etape 1 : cycles sequentiels avec loi globale immediate, T=0.0500 s",3.725566884085257,3.725566884085257,0.0,0.003,0.0001
289,1,19,9,"Etape 1 : cycles sequentiels avec loi globale immediate, T=0.0500 s",3.6441440521754798,3.6441440521754798,0.0,0.003,0.0001
290,1,19,10,"Etape 1 : cycles sequentiels avec loi globale immediate, T=0.0500 s",3.563500782544054,3.563500782544054,0.0,0.003,0.0001
291,1,26,1,"Etape 1 : cycles sequentiels avec loi globale immediate, T=0.0500 s",4.913842736251733,4.913842736251733,0.0,0.003,0.0001
292,1,26,2,"Etape 1 : cycles sequentiels avec loi globale immediate, T=0.0500 s",4.79890538570431,4.79890538570431,0.0,0.003,0.0001
293,1,26,3,"Etape 1 : cycles sequentiels avec loi globale immediate, T=0.0500 s",4.68440890444766,4.68440890444766,0.0,0.003,0.0001
294,1,26,4,"Etape 1 : cycles sequentiels avec loi globale immediate, T=0.0500 s",4.5706218186315075,4.5706218186315075,0.0,0.003,0.0001
295,1,26,5,"Etape 1 : cycles sequentiels avec loi globale immediate, T=0.0500 s",4.457304717318322,4.457304717318322,0.0,0.003,0.0001
296,1,26,6,"Etape 1 : cycles sequentiels avec loi globale immediate, T=0.0500 s",4.345130344089912,4.345130344089912,0.0,0.003,0.0001
297,1,26,7,"Etape 1 : cycles sequentiels avec loi globale immediate, T=0.0500 s",4.234622404677293,4.234622404677293,0.0,0.003,0.0001
298,1,26,8,"Etape 1 : cycles sequentiels avec loi globale immediate, T=0.0500 s",4.125793733964345,4.125793733964345,0.0,0.003,0.0001
299,1,26,9,"Etape 1 : cycles sequentiels avec loi globale immediate, T=0.0500 s",4.0185974312032595,4.0185974312032595,0.0,0.003,0.0001
300,1,26,10,"Etape 1 : cycles sequentiels avec loi globale immediate, T=0.0500 s",3.916586335593081,3.916586335593081,0.0,0.003,0.0001
301,2,2,1,"Etape 1 : cycles sequentiels avec loi globale immediate, T=0.0500 s",2.672093468106108,2.672093468106108,0.0,0.003,0.0001
302,2,2,2,"Etape 1 : cycles sequentiels avec loi globale immediate, T=0.0500 s",2.5983772680919115,2.5983772680919115,0.0,0.003,0.0001
303,2,2,3,"Etape 1 : cycles sequentiels avec loi globale immediate, T=0.0500 s",2.5264270806360187,2.5264270806360187,0.0,0.003,0.0001
304,2,2,4,"Etape 1 : cycles sequentiels avec loi globale immediate, T=0.0500 s",2.452931821515681,2.452931821515681,0.0,0.003,0.0001
305,2,2,5,"Etape 1 : cycles sequentiels avec loi globale immediate, T=0.0500 s",2.381692783702466,2.381692783702466,0.0,0.003,0.0001
306,2,2,6,"Etape 1 : cycles sequentiels avec loi globale immediate, T=0.0500 s",2.3137590603664826,2.3137590603664826,0.0,0.003,0.0001
307,2,2,7,"Etape 1 : cycles sequentiels avec loi globale immediate, T=0.0500 s",2.251125561277253,2.251125561277253,0.0,0.003,0.0001
308,2,2,8,"Etape 1 : cycles sequentiels avec loi globale immediate, T=0.0500 s",2.1964851462153017,2.1964851462153017,0.0,0.003,0.0001
309,2,2,9,"Etape 1 : cycles sequentiels avec loi globale immediate, T=0.0500 s",2.1457226323235687,2.1457226323235687,0.0,0.003,0.0001
310,2,2,10,"Etape 1 : cycles sequentiels avec loi globale immediate, T=0.0500 s",2.0976866162146868,2.0976866162146868,0.0,0.003,0.0001
311,2,19,1,"Etape 1 : cycles sequentiels avec loi globale immediate, T=0.0500 s",3.4512437795384456,3.4512437795384456,0.0,0.003,0.0001
312,2,19,2,"Etape 1 : cycles sequentiels avec loi globale immediate, T=0.0500 s",3.3716729674849772,3.3716729674849772,0.0,0.003,0.0001
313,2,19,3,"Etape 1 : cycles sequentiels avec loi globale immediate, T=0.0500 s",3.2937247530671017,3.2937247530671017,0.0,0.003,0.0001
314,2,19,4,"Etape 1 : cycles sequentiels avec loi globale immediate, T=0.0500 s",3.2170453425103895,3.2170453425103895,0.0,0.003,0.0001
315,2,19,5,"Etape 1 : cycles sequentiels avec loi globale immediate, T=0.0500 s",3.140868625880471,3.140868625880471,0.0,0.003,0.0001
316,2,19,6,"Etape 1 : cycles sequentiels avec loi globale immediate, T=0.0500 s",3.065891348671426,3.065891348671426,0.0,0.003,0.0001
317,2,19,7,"Etape 1 : cycles sequentiels avec loi globale immediate, T=0.0500 s",2.992392309382349,2.992392309382349,0.0,0.003,0.0001
318,2,19,8,"Etape 1 : cycles sequentiels avec loi globale immediate, T=0.0500 s",2.9218639109168847,2.9218639109168847,0.0,0.003,0.0001
319,2,19,9,"Etape 1 : cycles sequentiels avec loi globale immediate, T=0.0500 s",2.856084480688043,2.856084480688043,0.0,0.003,0.0001
320,2,19,10,"Etape 1 : cycles sequentiels avec loi globale immediate, T=0.0500 s",2.79473650834118,2.79473650834118,0.0,0.003,0.0001
321,2,9,1,"Etape 1 : cycles sequentiels avec loi globale immediate, T=0.0500 s",3.0478002499196157,3.0478002499196157,0.0,0.003,0.0001
322,2,9,2,"Etape 1 : cycles sequentiels avec loi globale immediate, T=0.0500 s",2.966082365942838,2.966082365942838,0.0,0.003,0.0001
323,2,9,3,"Etape 1 : cycles sequentiels avec loi globale immediate, T=0.0500 s",2.884388508651638,2.884388508651638,0.0,0.003,0.0001
324,2,9,4,"Etape 1 : cycles sequentiels avec loi globale immediate, T=0.0500 s",2.802005477651663,2.802005477651663,0.0,0.003,0.0001
325,2,9,5,"Etape 1 : cycles sequentiels avec loi globale immediate, T=0.0500 s",2.7210549218285847,2.7210549218285847,0.0,0.003,0.0001
326,2,9,6,"Etape 1 : cycles sequentiels avec loi globale immediate, T=0.0500 s",2.6454536197840595,2.6454536197840595,0.0,0.003,0.0001
327,2,9,7,"Etape 1 : cycles sequentiels avec loi globale immediate, T=0.0500 s",2.5717735381328093,2.5717735381328093,0.0,0.003,0.0001
328,2,9,8,"Etape 1 : cycles sequentiels avec loi globale immediate, T=0.0500 s",2.5001441246382456,2.5001441246382456,0.0,0.003,0.0001
329,2,9,9,"Etape 1 : cycles sequentiels avec loi globale immediate, T=0.0500 s",2.439830924834607,2.439830924834607,0.0,0.003,0.0001
330,2,9,10,"Etape 1 : cycles sequentiels avec loi globale immediate, T=0.0500 s",2.3841259268637747,2.3841259268637747,0.0,0.003,0.0001
331,2,22,1,"Etape 1 : cycles sequentiels avec loi globale immediate, T=0.0500 s",3.151901193467215,3.151901193467215,0.0,0.003,0.0001
332,2,22,2,"Etape 1 : cycles sequentiels avec loi globale immediate, T=0.0500 s",3.0717565469517374,3.0717565469517374,0.0,0.003,0.0001
333,2,22,3,"Etape 1 : cycles sequentiels avec loi globale immediate, T=0.0500 s",2.9923171194639564,2.9923171194639564,0.0,0.003,0.0001
334,2,22,4,"Etape 1 : cycles sequentiels avec loi globale immediate, T=0.0500 s",2.913755411621253,2.913755411621253,0.0,0.003,0.0001
335,2,22,5,"Etape 1 : cycles sequentiels avec loi globale immediate, T=0.0500 s",2.8360793478700126,2.8360793478700126,0.0,0.003,0.0001
336,2,22,6,"Etape 1 : cycles sequentiels avec loi globale immediate, T=0.0500 s",2.758698817722532,2.758698817722532,0.0,0.003,0.0001
337,2,22,7,"Etape 1 : cycles sequentiels avec loi globale immediate, T=0.0500 s",2.681952545158971,2.681952545158971,0.0,0.003,0.0001
338,2,22,8,"Etape 1 : cycles sequentiels avec loi globale immediate, T=0.0500 s",2.6063410271834564,2.6063410271834564,0.0,0.003,0.0001
339,2,22,9,"Etape 1 : cycles sequentiels avec loi globale immediate, T=0.0500 s",2.532014051005196,2.532014051005196,0.0,0.003,0.0001
340,2,22,10,"Etape 1 : cycles sequentiels avec loi globale immediate, T=0.0500 s",2.4552703570551384,2.4552703570551384,0.0,0.003,0.0001
341,2,8,1,"Etape 1 : cycles sequentiels avec loi globale immediate, T=0.0500 s",3.971944594103264,3.971944594103264,0.0,0.003,0.0001
342,2,8,2,"Etape 1 : cycles sequentiels avec loi globale immediate, T=0.0500 s",3.8717596440406608,3.8717596440406608,0.0,0.003,0.0001
343,2,8,3,"Etape 1 : cycles sequentiels avec loi globale immediate, T=0.0500 s",3.774072959238346,3.774072959238346,0.0,0.003,0.0001
344,2,8,4,"Etape 1 : cycles sequentiels avec loi globale immediate, T=0.0500 s",3.6786801793146857,3.6786801793146857,0.0,0.003,0.0001
345,2,8,5,"Etape 1 : cycles sequentiels avec loi globale immediate, T=0.0500 s",3.5838331292860146,3.5838331292860146,0.0,0.003,0.0001
346,2,8,6,"Etape 1 : cycles sequentiels avec loi globale immediate, T=0.0500 s",3.491437516290753,3.491437516290753,0.0,0.003,0.0001
347,2,8,7,"Etape 1 : cycles sequentiels avec loi globale immediate, T=0.0500 s",3.4016541419788373,3.4016541419788373,0.0,0.003,0.0001
348,2,8,8,"Etape 1 : cycles sequentiels avec loi globale immediate, T=0.0500 s",3.314194487750446,3.314194487750446,0.0,0.003,0.0001
349,2,8,9,"Etape 1 : cycles sequentiels avec loi globale immediate, T=0.0500 s",3.2291679848031243,3.2291679848031243,0.0,0.003,0.0001
350,2,8,10,"Etape 1 : cycles sequentiels avec loi globale immediate, T=0.0500 s",3.1456155710253926,3.1456155710253926,0.0,0.003,0.0001
351,2,10,1,"Etape 1 : cycles sequentiels avec loi globale immediate, T=0.0500 s",3.6462101704112526,3.6462101704112526,0.0,0.003,0.0001
352,2,10,2,"Etape 1 : cycles sequentiels avec loi globale immediate, T=0.0500 s",3.555701678723195,3.555701678723195,0.0,0.003,0.0001
353,2,10,3,"Etape 1 : cycles sequentiels avec loi globale immediate, T=0.0500 s",3.4653760166158447,3.4653760166158447,0.0,0.003,0.0001
354,2,10,4,"Etape 1 : cycles sequentiels avec loi globale immediate, T=0.0500 s",3.37574716002854,3.37574716002854,0.0,0.003,0.0001
355,2,10,5,"Etape 1 : cycles sequentiels avec loi globale immediate, T=0.0500 s",3.287433333385226,3.287433333385226,0.0,0.003,0.0001
356,2,10,6,"Etape 1 : cycles sequentiels avec loi globale immediate, T=0.0500 s",3.199943868641211,3.199943868641211,0.0,0.003,0.0001
357,2,10,7,"Etape 1 : cycles sequentiels avec loi globale immediate, T=0.0500 s",3.1134673644490034,3.1134673644490034,0.0,0.003,0.0001
358,2,10,8,"Etape 1 : cycles sequentiels avec loi globale immediate, T=0.0500 s",3.028736664611983,3.028736664611983,0.0,0.003,0.0001
359,2,10,9,"Etape 1 : cycles sequentiels avec loi globale immediate, T=0.0500 s",2.945176072072175,2.945176072072175,0.0,0.003,0.0001
360,2,10,10,"Etape 1 : cycles sequentiels avec loi globale immediate, T=0.0500 s",2.8627129682362615,2.8627129682362615,0.0,0.003,0.0001
361,2,7,1,"Etape 1 : cycles sequentiels avec loi globale immediate, T=0.0500 s",3.8545264731850564,3.8545264731850564,0.0,0.003,0.0001
362,2,7,2,"Etape 1 : cycles sequentiels avec loi globale immediate, T=0.0500 s",3.7554818146531277,3.7554818146531277,0.0,0.003,0.0001
363,2,7,3,"Etape 1 : cycles sequentiels avec loi globale immediate, T=0.0500 s",3.656184212131637,3.656184212131637,0.0,0.003,0.0001
364,2,7,4,"Etape 1 : cycles sequentiels avec loi globale immediate, T=0.0500 s",3.55873050147234,3.55873050147234,0.0,0.003,0.0001
365,2,7,5,"Etape 1 : cycles sequentiels avec loi globale immediate, T=0.0500 s",3.4631157860482737,3.4631157860482737,0.0,0.003,0.0001
366,2,7,6,"Etape 1 : cycles sequentiels avec loi globale immediate, T=0.0500 s",3.3691022798163957,3.3691022798163957,0.0,0.003,0.0001
367,2,7,7,"Etape 1 : cycles sequentiels avec loi globale immediate, T=0.0500 s",3.2768770867710573,3.2768770867710573,0.0,0.003,0.0001
368,2,7,8,"Etape 1 : cycles sequentiels avec loi globale immediate, T=0.0500 s",3.1863993188102446,3.1863993188102446,0.0,0.003,0.0001
369,2,7,9,"Etape 1 : cycles sequentiels avec loi globale immediate, T=0.0500 s",3.0967883519428683,3.0967883519428683,0.0,0.003,0.0001
370,2,7,10,"Etape 1 : cycles sequentiels avec loi globale immediate, T=0.0500 s",3.0090363458995286,3.0090363458995286,0.0,0.003,0.0001
371,2,28,1,"Etape 1 : cycles sequentiels avec loi globale immediate, T=0.0500 s",3.3913057411899827,3.3913057411899827,0.0,0.003,0.0001
372,2,28,2,"Etape 1 : cycles sequentiels avec loi globale immediate, T=0.0500 s",3.3020151080706936,3.3020151080706936,0.0,0.003,0.0001
373,2,28,3,"Etape 1 : cycles sequentiels avec loi globale immediate, T=0.0500 s",3.213493000910888,3.213493000910888,0.0,0.003,0.0001
374,2,28,4,"Etape 1 : cycles sequentiels avec loi globale immediate, T=0.0500 s",3.1258795384751727,3.1258795384751727,0.0,0.003,0.0001
375,2,28,5,"Etape 1 : cycles sequentiels avec loi globale immediate, T=0.0500 s",3.03853288719288,3.03853288719288,0.0,0.003,0.0001
376,2,28,6,"Etape 1 : cycles sequentiels avec loi globale immediate, T=0.0500 s",2.951948413753796,2.951948413753796,0.0,0.003,0.0001
377,2,28,7,"Etape 1 : cycles sequentiels avec loi globale immediate, T=0.0500 s",2.867068445967489,2.867068445967489,0.0,0.003,0.0001
378,2,28,8,"Etape 1 : cycles sequentiels avec loi globale immediate, T=0.0500 s",2.789743870040585,2.789743870040585,0.0,0.003,0.0001
379,2,28,9,"Etape 1 : cycles sequentiels avec loi globale immediate, T=0.0500 s",2.7160559885066418,2.7160559885066418,0.0,0.003,0.0001
380,2,28,10,"Etape 1 : cycles sequentiels avec loi globale immediate, T=0.0500 s",2.6440354003459356,2.6440354003459356,0.0,0.003,0.0001
381,2,26,1,"Etape 1 : cycles sequentiels avec loi globale immediate, T=0.0500 s",3.688098640892732,3.688098640892732,0.0,0.003,0.0001
382,2,26,2,"Etape 1 : cycles sequentiels avec loi globale immediate, T=0.0500 s",3.593025191980343,3.593025191980343,0.0,0.003,0.0001
383,2,26,3,"Etape 1 : cycles sequentiels avec loi globale immediate, T=0.0500 s",3.4992882609000446,3.4992882609000446,0.0,0.003,0.0001
384,2,26,4,"Etape 1 : cycles sequentiels avec loi globale immediate, T=0.0500 s",3.407283284525684,3.407283284525684,0.0,0.003,0.0001
385,2,26,5,"Etape 1 : cycles sequentiels avec loi globale immediate, T=0.0500 s",3.3196421189296244,3.3196421189296244,0.0,0.003,0.0001
386,2,26,6,"Etape 1 : cycles sequentiels avec loi globale immediate, T=0.0500 s",3.2346293470574325,3.2346293470574325,0.0,0.003,0.0001
387,2,26,7,"Etape 1 : cycles sequentiels avec loi globale immediate, T=0.0500 s",3.150387088305652,3.150387088305652,0.0,0.003,0.0001
388,2,26,8,"Etape 1 : cycles sequentiels avec loi globale immediate, T=0.0500 s",3.0674423281380614,3.0674423281380614,0.0,0.003,0.0001
389,2,26,9,"Etape 1 : cycles sequentiels avec loi globale immediate, T=0.0500 s",2.9855767475100072,2.9855767475100072,0.0,0.003,0.0001
390,2,26,10,"Etape 1 : cycles sequentiels avec loi globale immediate, T=0.0500 s",2.905010476690483,2.905010476690483,0.0,0.003,0.0001
391,2,17,1,"Etape 1 : cycles sequentiels avec loi globale immediate, T=0.0500 s",4.09783637958831,4.09783637958831,0.0,0.003,0.0001
392,2,17,2,"Etape 1 : cycles sequentiels avec loi globale immediate, T=0.0500 s",4.003070917564644,4.003070917564644,0.0,0.003,0.0001
393,2,17,3,"Etape 1 : cycles sequentiels avec loi globale immediate, T=0.0500 s",3.9104650440207296,3.9104650440207296,0.0,0.003,0.0001
394,2,17,4,"Etape 1 : cycles sequentiels avec loi globale immediate, T=0.0500 s",3.8188987383749406,3.8188987383749406,0.0,0.003,0.0001
395,2,17,5,"Etape 1 : cycles sequentiels avec loi globale immediate, T=0.0500 s",3.7280471886028863,3.7280471886028863,0.0,0.003,0.0001
396,2,17,6,"Etape 1 : cycles sequentiels avec loi globale immediate, T=0.0500 s",3.6385188952523677,3.6385188952523677,0.0,0.003,0.0001
397,2,17,7,"Etape 1 : cycles sequentiels avec loi globale immediate, T=0.0500 s",3.5519352878539685,3.5519352878539685,0.0,0.003,0.0001
398,2,17,8,"Etape 1 : cycles sequentiels avec loi globale immediate, T=0.0500 s",3.468103560934081,3.468103560934081,0.0,0.003,0.0001
399,2,17,9,"Etape 1 : cycles sequentiels avec loi globale immediate, T=0.0500 s",3.3860980754078924,3.3860980754078924,0.0,0.003,0.0001
400,2,17,10,"Etape 1 : cycles sequentiels avec loi globale immediate, T=0.0500 s",3.3065569345014083,3.3065569345014083,0.0,0.003,0.0001
401,2,3,1,"Etape 1 : cycles sequentiels avec loi globale immediate, T=0.0500 s",3.1527747444949967,3.1527747444949967,0.0,0.003,0.0001
402,2,3,2,"Etape 1 : cycles sequentiels avec loi globale immediate, T=0.0500 s",3.0798361670618006,3.0798361670618006,0.0,0.003,0.0001
403,2,3,3,"Etape 1 : cycles sequentiels avec loi globale immediate, T=0.0500 s",3.0084423043141815,3.0084423043141815,0.0,0.003,0.0001
404,2,3,4,"Etape 1 : cycles sequentiels avec loi globale immediate, T=0.0500 s",2.9377726550364285,2.9377726550364285,0.0,0.003,0.0001
405,2,3,5,"Etape 1 : cycles sequentiels avec loi globale immediate, T=0.0500 s",2.8680578343256746,2.8680578343256746,0.0,0.003,0.0001
406,2,3,6,"Etape 1 : cycles sequentiels avec loi globale immediate, T=0.0500 s",2.7991652977710495,2.7991652977710495,0.0,0.003,0.0001
407,2,3,7,"Etape 1 : cycles sequentiels avec loi globale immediate, T=0.0500 s",2.7311732996096567,2.7311732996096567,0.0,0.003,0.0001
408,2,3,8,"Etape 1 : cycles sequentiels avec loi globale immediate, T=0.0500 s",2.6639189829443355,2.6639189829443355,0.0,0.003,0.0001
409,2,3,9,"Etape 1 : cycles sequentiels avec loi globale immediate, T=0.0500 s",2.597010174879709,2.597010174879709,0.0,0.003,0.0001
410,2,3,10,"Etape 1 : cycles sequentiels avec loi globale immediate, T=0.0500 s",2.5299950531703495,2.5299950531703495,0.0,0.003,0.0001
411,2,18,1,"Etape 1 : cycles sequentiels avec loi globale immediate, T=0.0500 s",2.6924707681650744,2.6924707681650744,0.0,0.003,0.0001
412,2,18,2,"Etape 1 : cycles sequentiels avec loi globale immediate, T=0.0500 s",2.625269220957493,2.625269220957493,0.0,0.003,0.0001
413,2,18,3,"Etape 1 : cycles sequentiels avec loi globale immediate, T=0.0500 s",2.558367548807628,2.558367548807628,0.0,0.003,0.0001
414,2,18,4,"Etape 1 : cycles sequentiels avec loi globale immediate, T=0.0500 s",2.4912910673771114,2.4912910673771114,0.0,0.003,0.0001
415,2,18,5,"Etape 1 : cycles sequentiels avec loi globale immediate, T=0.0500 s",2.424832302921729,2.424832302921729,0.0,0.003,0.0001
416,2,18,6,"Etape 1 : cycles sequentiels avec loi globale immediate, T=0.0500 s",2.358846742612465,2.358846742612465,0.0,0.003,0.0001
417,2,18,7,"Etape 1 : cycles sequentiels avec loi globale immediate, T=0.0500 s",2.2934949942105574,2.2934949942105574,0.0,0.003,0.0001
418,2,18,8,"Etape 1 : cycles sequentiels avec loi globale immediate, T=0.0500 s",2.2277192190004214,2.2277192190004214,0.0,0.003,0.0001
419,2,18,9,"Etape 1 : cycles sequentiels avec loi globale immediate, T=0.0500 s",2.1621682659619936,2.1621682659619936,0.0,0.003,0.0001
420,2,18,10,"Etape 1 : cycles sequentiels avec loi globale immediate, T=0.0500 s",2.0973080193593225,2.0973080193593225,0.0,0.003,0.0001
421,2,14,1,"Etape 1 : cycles sequentiels avec loi globale immediate, T=0.0500 s",3.461189292387904,3.461189292387904,0.0,0.003,0.0001
422,2,14,2,"Etape 1 : cycles sequentiels avec loi globale immediate, T=0.0500 s",3.376742367213899,3.376742367213899,0.0,0.003,0.0001
423,2,14,3,"Etape 1 : cycles sequentiels avec loi globale immediate, T=0.0500 s",3.2988701187327023,3.2988701187327023,0.0,0.003,0.0001
424,2,14,4,"Etape 1 : cycles sequentiels avec loi globale immediate, T=0.0500 s",3.2287623634473257,3.2287623634473257,0.0,0.003,0.0001
425,2,14,5,"Etape 1 : cycles sequentiels avec loi globale immediate, T=0.0500 s",3.16216654321245,3.16216654321245,0.0,0.003,0.0001
426,2,14,6,"Etape 1 : cycles sequentiels avec loi globale immediate, T=0.0500 s",3.097266491903296,3.097266491903296,0.0,0.003,0.0001
427,2,14,7,"Etape 1 : cycles sequentiels avec loi globale immediate, T=0.0500 s",3.0334719491572066,3.0334719491572066,0.0,0.003,0.0001
428,2,14,8,"Etape 1 : cycles sequentiels avec loi globale immediate, T=0.0500 s",2.970551560984821,2.970551560984821,0.0,0.003,0.0001
429,2,14,9,"Etape 1 : cycles sequentiels avec loi globale immediate, T=0.0500 s",2.907949138723834,2.907949138723834,0.0,0.003,0.0001
430,2,14,10,"Etape 1 : cycles sequentiels avec loi globale immediate, T=0.0500 s",2.8453394783906747,2.8453394783906747,0.0,0.003,0.0001
431,2,12,1,"Etape 1 : cycles sequentiels avec loi globale immediate, T=0.0500 s",3.5974046298000593,3.5974046298000593,0.0,0.003,0.0001
432,2,12,2,"Etape 1 : cycles sequentiels avec loi globale immediate, T=0.0500 s",3.530299510090765,3.530299510090765,0.0,0.003,0.0001
433,2,12,3,"Etape 1 : cycles sequentiels avec loi globale immediate, T=0.0500 s",3.4640569491254327,3.4640569491254327,0.0,0.003,0.0001
434,2,12,4,"Etape 1 : cycles sequentiels avec loi globale immediate, T=0.0500 s",3.398527793731148,3.398527793731148,0.0,0.003,0.0001
435,2,12,5,"Etape 1 : cycles sequentiels avec loi globale immediate, T=0.0500 s",3.333398192117734,3.333398192117734,0.0,0.003,0.0001
436,2,12,6,"Etape 1 : cycles sequentiels avec loi globale immediate, T=0.0500 s",3.2672829971905606,3.2672829971905606,0.0,0.003,0.0001
437,2,12,7,"Etape 1 : cycles sequentiels avec loi globale immediate, T=0.0500 s",3.2020939450195547,3.2020939450195547,0.0,0.003,0.0001
438,2,12,8,"Etape 1 : cycles sequentiels avec loi globale immediate, T=0.0500 s",3.1417291901604174,3.1417291901604174,0.0,0.003,0.0001
439,2,12,9,"Etape 1 : cycles sequentiels avec loi globale immediate, T=0.0500 s",3.0834510200182743,3.0834510200182743,0.0,0.003,0.0001
440,2,12,10,"Etape 1 : cycles sequentiels avec loi globale immediate, T=0.0500 s",3.022685246649637,3.022685246649637,0.0,0.003,0.0001
441,2,29,1,"Etape 1 : cycles sequentiels avec loi globale immediate, T=0.0500 s",3.6140682757456637,3.6140682757456637,0.0,0.003,0.0001
442,2,29,2,"Etape 1 : cycles sequentiels avec loi globale immediate, T=0.0500 s",3.522142726142504,3.522142726142504,0.0,0.003,0.0001
443,2,29,3,"Etape 1 : cycles sequentiels avec loi globale immediate, T=0.0500 s",3.43158433798949,3.43158433798949,0.0,0.003,0.0001
444,2,29,4,"Etape 1 : cycles sequentiels avec loi globale immediate, T=0.0500 s",3.34237479942499,3.34237479942499,0.0,0.003,0.0001
445,2,29,5,"Etape 1 : cycles sequentiels avec loi globale immediate, T=0.0500 s",3.2548017114740473,3.2548017114740473,0.0,0.003,0.0001
446,2,29,6,"Etape 1 : cycles sequentiels avec loi globale immediate, T=0.0500 s",3.1691507776767445,3.1691507776767445,0.0,0.003,0.0001
447,2,29,7,"Etape 1 : cycles sequentiels avec loi globale immediate, T=0.0500 s",3.0890560343930447,3.0890560343930447,0.0,0.003,0.0001
448,2,29,8,"Etape 1 : cycles sequentiels avec loi globale immediate, T=0.0500 s",3.011559404289272,3.011559404289272,0.0,0.003,0.0001
449,2,29,9,"Etape 1 : cycles sequentiels avec loi globale immediate, T=0.0500 s",2.935771931669509,2.935771931669509,0.0,0.003,0.0001
450,2,29,10,"Etape 1 : cycles sequentiels avec loi globale immediate, T=0.0500 s",2.861685271137344,2.861685271137344,0.0,0.003,0.0001
451,2,20,1,"Etape 1 : cycles sequentiels avec loi globale immediate, T=0.0500 s",3.346299679098125,3.346299679098125,0.0,0.003,0.0001
452,2,20,2,"Etape 1 : cycles sequentiels avec loi globale immediate, T=0.0500 s",3.2687335947022547,3.2687335947022547,0.0,0.003,0.0001
453,2,20,3,"Etape 1 : cycles sequentiels avec loi globale immediate, T=0.0500 s",3.1937382801769845,3.1937382801769845,0.0,0.003,0.0001
454,2,20,4,"Etape 1 : cycles sequentiels avec loi globale immediate, T=0.0500 s",3.119745117893307,3.119745117893307,0.0,0.003,0.0001
455,2,20,5,"Etape 1 : cycles sequentiels avec loi globale immediate, T=0.0500 s",3.046842505469177,3.046842505469177,0.0,0.003,0.0001
456,2,20,6,"Etape 1 : cycles sequentiels avec loi globale immediate, T=0.0500 s",2.9743566240277914,2.9743566240277914,0.0,0.003,0.0001
457,2,20,7,"Etape 1 : cycles sequentiels avec loi globale immediate, T=0.0500 s",2.9033162264374353,2.9033162264374353,0.0,0.003,0.0001
458,2,20,8,"Etape 1 : cycles sequentiels avec loi globale immediate, T=0.0500 s",2.8337421181317692,2.8337421181317692,0.0,0.003,0.0001
459,2,20,9,"Etape 1 : cycles sequentiels avec loi globale immediate, T=0.0500 s",2.7654639932320486,2.7654639932320486,0.0,0.003,0.0001
460,2,20,10,"Etape 1 : cycles sequentiels avec loi globale immediate, T=0.0500 s",2.6975525601770456,2.6975525601770456,0.0,0.003,0.0001
461,2,16,1,"Etape 1 : cycles sequentiels avec loi globale immediate, T=0.0500 s",3.5692501923362783,3.5692501923362783,0.0,0.003,0.0001
462,2,16,2,"Etape 1 : cycles sequentiels avec loi globale immediate, T=0.0500 s",3.472453357132454,3.472453357132454,0.0,0.003,0.0001
463,2,16,3,"Etape 1 : cycles sequentiels avec loi globale immediate, T=0.0500 s",3.376873118579365,3.376873118579365,0.0,0.003,0.0001
464,2,16,4,"Etape 1 : cycles sequentiels avec loi globale immediate, T=0.0500 s",3.2812524376386207,3.2812524376386207,0.0,0.003,0.0001
465,2,16,5,"Etape 1 : cycles sequentiels avec loi globale immediate, T=0.0500 s",3.1853693189513512,3.1853693189513512,0.0,0.003,0.0001
466,2,16,6,"Etape 1 : cycles sequentiels avec loi globale immediate, T=0.0500 s",3.0907723847095347,3.0907723847095347,0.0,0.003,0.0001
467,2,16,7,"Etape 1 : cycles sequentiels avec loi globale immediate, T=0.0500 s",3.002058909017748,3.002058909017748,0.0,0.003,0.0001
468,2,16,8,"Etape 1 : cycles sequentiels avec loi globale immediate, T=0.0500 s",2.916748910783622,2.916748910783622,0.0,0.003,0.0001
469,2,16,9,"Etape 1 : cycles sequentiels avec loi globale immediate, T=0.0500 s",2.8324161581497282,2.8324161581497282,0.0,0.003,0.0001
470,2,16,10,"Etape 1 : cycles sequentiels avec loi globale immediate, T=0.0500 s",2.7492386721626465,2.7492386721626465,0.0,0.003,0.0001
471,2,25,1,"Etape 1 : cycles sequentiels avec loi globale immediate, T=0.0500 s",3.464561273278867,3.464561273278867,0.0,0.003,0.0001
472,2,25,2,"Etape 1 : cycles sequentiels avec loi globale immediate, T=0.0500 s",3.365969987523365,3.365969987523365,0.0,0.003,0.0001
473,2,25,3,"Etape 1 : cycles sequentiels avec loi globale immediate, T=0.0500 s",3.2700957464082796,3.2700957464082796,0.0,0.003,0.0001
474,2,25,4,"Etape 1 : cycles sequentiels avec loi globale immediate, T=0.0500 s",3.176842856044943,3.176842856044943,0.0,0.003,0.0001
475,2,25,5,"Etape 1 : cycles sequentiels avec loi globale immediate, T=0.0500 s",3.0904160130596,3.0904160130596,0.0,0.003,0.0001
476,2,25,6,"Etape 1 : cycles sequentiels avec loi globale immediate, T=0.0500 s",3.0085048558043606,3.0085048558043606,0.0,0.003,0.0001
477,2,25,7,"Etape 1 : cycles sequentiels avec loi globale immediate, T=0.0500 s",2.9289324055493404,2.9289324055493404,0.0,0.003,0.0001
478,2,25,8,"Etape 1 : cycles sequentiels avec loi globale immediate, T=0.0500 s",2.8513737130048624,2.8513737130048624,0.0,0.003,0.0001
479,2,25,9,"Etape 1 : cycles sequentiels avec loi globale immediate, T=0.0500 s",2.774942822366215,2.774942822366215,0.0,0.003,0.0001
480,2,25,10,"Etape 1 : cycles sequentiels avec loi globale immediate, T=0.0500 s",2.6999587026680114,2.6999587026680114,0.0,0.003,0.0001
481,2,27,1,"Etape 1 : cycles sequentiels avec loi globale immediate, T=0.0500 s",3.538747556191848,3.538747556191848,0.0,0.003,0.0001
482,2,27,2,"Etape 1 : cycles sequentiels avec loi globale immediate, T=0.0500 s",3.4550950379636887,3.4550950379636887,0.0,0.003,0.0001
483,2,27,3,"Etape 1 : cycles sequentiels avec loi globale immediate, T=0.0500 s",3.373400947621966,3.373400947621966,0.0,0.003,0.0001
484,2,27,4,"Etape 1 : cycles sequentiels avec loi globale immediate, T=0.0500 s",3.293509617108903,3.293509617108903,0.0,0.003,0.0001
485,2,27,5,"Etape 1 : cycles sequentiels avec loi globale immediate, T=0.0500 s",3.21345916243245,3.21345916243245,0.0,0.003,0.0001
486,2,27,6,"Etape 1 : cycles sequentiels avec loi globale immediate, T=0.0500 s",3.13419531305668,3.13419531305668,0.0,0.003,0.0001
487,2,27,7,"Etape 1 : cycles sequentiels avec loi globale immediate, T=0.0500 s",3.056617762520116,3.056617762520116,0.0,0.003,0.0001
488,2,27,8,"Etape 1 : cycles sequentiels avec loi globale immediate, T=0.0500 s",2.9802245978007065,2.9802245978007065,0.0,0.003,0.0001
489,2,27,9,"Etape 1 : cycles sequentiels avec loi globale immediate, T=0.0500 s",2.904409622007603,2.904409622007603,0.0,0.003,0.0001
490,2,27,10,"Etape 1 : cycles sequentiels avec loi globale immediate, T=0.0500 s",2.829712711666307,2.829712711666307,0.0,0.003,0.0001
491,2,24,1,"Etape 1 : cycles sequentiels avec loi globale immediate, T=0.0500 s",3.538056246161434,3.538056246161434,0.0,0.003,0.0001
492,2,24,2,"Etape 1 : cycles sequentiels avec loi globale immediate, T=0.0500 s",3.451269655991615,3.451269655991615,0.0,0.003,0.0001
493,2,24,3,"Etape 1 : cycles sequentiels avec loi globale immediate, T=0.0500 s",3.3655220670932784,3.3655220670932784,0.0,0.003,0.0001
494,2,24,4,"Etape 1 : cycles sequentiels avec loi globale immediate, T=0.0500 s",3.280683050903849,3.280683050903849,0.0,0.003,0.0001
495,2,24,5,"Etape 1 : cycles sequentiels avec loi globale immediate, T=0.0500 s",3.1967216021329694,3.1967216021329694,0.0,0.003,0.0001
496,2,24,6,"Etape 1 : cycles sequentiels avec loi globale immediate, T=0.0500 s",3.11342483304132,3.11342483304132,0.0,0.003,0.0001
497,2,24,7,"Etape 1 : cycles sequentiels avec loi globale immediate, T=0.0500 s",3.031479207804146,3.031479207804146,0.0,0.003,0.0001
498,2,24,8,"Etape 1 : cycles sequentiels avec loi globale immediate, T=0.0500 s",2.9504967076994832,2.9504967076994832,0.0,0.003,0.0001
499,2,24,9,"Etape 1 : cycles sequentiels avec loi globale immediate, T=0.0500 s",2.869665123058122,2.869665123058122,0.0,0.003,0.0001
500,2,24,10,"Etape 1 : cycles sequentiels avec loi globale immediate, T=0.0500 s",2.7881789213424883,2.7881789213424883,0.0,0.003,0.0001
501,2,21,1,"Etape 1 : cycles sequentiels avec loi globale immediate, T=0.0500 s",3.746311125869459,3.746311125869459,0.0,0.003,0.0001
502,2,21,2,"Etape 1 : cycles sequentiels avec loi globale immediate, T=0.0500 s",3.636209378839414,3.636209378839414,0.0,0.003,0.0001
503,2,21,3,"Etape 1 : cycles sequentiels avec loi globale immediate, T=0.0500 s",3.5254805381720105,3.5254805381720105,0.0,0.003,0.0001
504,2,21,4,"Etape 1 : cycles sequentiels avec loi globale immediate, T=0.0500 s",3.4167362901635316,3.4167362901635316,0.0,0.003,0.0001
505,2,21,5,"Etape 1 : cycles sequentiels avec loi globale immediate, T=0.0500 s",3.310472328679418,3.310472328679418,0.0,0.003,0.0001
506,2,21,6,"Etape 1 : cycles sequentiels avec loi globale immediate, T=0.0500 s",3.2063928655614484,3.2063928655614484,0.0,0.003,0.0001
507,2,21,7,"Etape 1 : cycles sequentiels avec loi globale immediate, T=0.0500 s",3.104652137443566,3.104652137443566,0.0,0.003,0.0001
508,2,21,8,"Etape 1 : cycles sequentiels avec loi globale immediate, T=0.0500 s",3.004747465026486,3.004747465026486,0.0,0.003,0.0001
509,2,21,9,"Etape 1 : cycles sequentiels avec loi globale immediate, T=0.0500 s",2.9069207640018973,2.9069207640018973,0.0,0.003,0.0001
510,2,21,10,"Etape 1 : cycles sequentiels avec loi globale immediate, T=0.0500 s",2.817443842799496,2.817443842799496,0.0,0.003,0.0001
511,2,13,1,"Etape 1 : cycles sequentiels avec loi globale immediate, T=0.0500 s",2.73534864107725,2.73534864107725,0.0,0.003,0.0001
512,2,13,2,"Etape 1 : cycles sequentiels avec loi globale immediate, T=0.0500 s",2.6669619842051113,2.6669619842051113,0.0,0.003,0.0001
513,2,13,3,"Etape 1 : cycles sequentiels avec loi globale immediate, T=0.0500 s",2.6059688177615223,2.6059688177615223,0.0,0.003,0.0001
514,2,13,4,"Etape 1 : cycles sequentiels avec loi globale immediate, T=0.0500 s",2.5511853040206183,2.5511853040206183,0.0,0.003,0.0001
515,2,13,5,"Etape 1 : cycles sequentiels avec loi globale immediate, T=0.0500 s",2.497564491229311,2.497564491229311,0.0,0.003,0.0001
516,2,13,6,"Etape 1 : cycles sequentiels avec loi globale immediate, T=0.0500 s",2.443622786392276,2.443622786392276,0.0,0.003,0.0001
517,2,13,7,"Etape 1 : cycles sequentiels avec loi globale immediate, T=0.0500 s",2.3892421676228204,2.3892421676228204,0.0,0.003,0.0001
518,2,13,8,"Etape 1 : cycles sequentiels avec loi globale immediate, T=0.0500 s",2.3332864341878756,2.3332864341878756,0.0,0.003,0.0001
519,2,13,9,"Etape 1 : cycles sequentiels avec loi globale immediate, T=0.0500 s",2.276190912066404,2.276190912066404,0.0,0.003,0.0001
520,2,13,10,"Etape 1 : cycles sequentiels avec loi globale immediate, T=0.0500 s",2.218573474589697,2.218573474589697,0.0,0.003,0.0001
521,2,15,1,"Etape 1 : cycles sequentiels avec loi globale immediate, T=0.0500 s",2.6833880152062335,2.6833880152062335,0.0,0.003,0.0001
522,2,15,2,"Etape 1 : cycles sequentiels avec loi globale immediate, T=0.0500 s",2.629478407792282,2.629478407792282,0.0,0.003,0.0001
523,2,15,3,"Etape 1 : cycles sequentiels avec loi globale immediate, T=0.0500 s",2.574588677035705,2.574588677035705,0.0,0.003,0.0001
524,2,15,4,"Etape 1 : cycles sequentiels avec loi globale immediate, T=0.0500 s",2.5187484198020758,2.5187484198020758,0.0,0.003,0.0001
525,2,15,5,"Etape 1 : cycles sequentiels avec loi globale immediate, T=0.0500 s",2.4617756885682724,2.4617756885682724,0.0,0.003,0.0001
526,2,15,6,"Etape 1 : cycles sequentiels avec loi globale immediate, T=0.0500 s",2.405732558609322,2.405732558609322,0.0,0.003,0.0001
527,2,15,7,"Etape 1 : cycles sequentiels avec loi globale immediate, T=0.0500 s",2.345759703543991,2.345759703543991,0.0,0.003,0.0001
528,2,15,8,"Etape 1 : cycles sequentiels avec loi globale immediate, T=0.0500 s",2.287290716154117,2.287290716154117,0.0,0.003,0.0001
529,2,15,9,"Etape 1 : cycles sequentiels avec loi globale immediate, T=0.0500 s",2.231371443745075,2.231371443745075,0.0,0.003,0.0001
530,2,15,10,"Etape 1 : cycles sequentiels avec loi globale immediate, T=0.0500 s",2.1811586135868386,2.1811586135868386,0.0,0.003,0.0001
531,2,5,1,"Etape 1 : cycles sequentiels avec loi globale immediate, T=0.0500 s",3.653432033479895,3.653432033479895,0.0,0.003,0.0001
532,2,5,2,"Etape 1 : cycles sequentiels avec loi globale immediate, T=0.0500 s",3.548822825418666,3.548822825418666,0.0,0.003,0.0001
533,2,5,3,"Etape 1 : cycles sequentiels avec loi globale immediate, T=0.0500 s",3.447339195895534,3.447339195895534,0.0,0.003,0.0001
534,2,5,4,"Etape 1 : cycles sequentiels avec loi globale immediate, T=0.0500 s",3.3492959186642097,3.3492959186642097,0.0,0.003,0.0001
535,2,5,5,"Etape 1 : cycles sequentiels avec loi globale immediate, T=0.0500 s",3.253500426857438,3.253500426857438,0.0,0.003,0.0001
536,2,5,6,"Etape 1 : cycles sequentiels avec loi globale immediate, T=0.0500 s",3.1623094392731654,3.1623094392731654,0.0,0.003,0.0001
537,2,5,7,"Etape 1 : cycles sequentiels avec loi globale immediate, T=0.0500 s",3.0750963476352497,3.0750963476352497,0.0,0.003,0.0001
538,2,5,8,"Etape 1 : cycles sequentiels avec loi globale immediate, T=0.0500 s",2.9906324260704067,2.9906324260704067,0.0,0.003,0.0001
539,2,5,9,"Etape 1 : cycles sequentiels avec loi globale immediate, T=0.0500 s",2.908111002291951,2.908111002291951,0.0,0.003,0.0001
540,2,5,10,"Etape 1 : cycles sequentiels avec loi globale immediate, T=0.0500 s",2.8302886174664788,2.8302886174664788,0.0,0.003,0.0001
541,2,6,1,"Etape 1 : cycles sequentiels avec loi globale immediate, T=0.0500 s",3.659470212852296,3.659470212852296,0.0,0.003,0.0001
542,2,6,2,"Etape 1 : cycles sequentiels avec loi globale immediate, T=0.0500 s",3.5620583443476947,3.5620583443476947,0.0,0.003,0.0001
543,2,6,3,"Etape 1 : cycles sequentiels avec loi globale immediate, T=0.0500 s",3.4670390125912602,3.4670390125912602,0.0,0.003,0.0001
544,2,6,4,"Etape 1 : cycles sequentiels avec loi globale immediate, T=0.0500 s",3.3738743404192375,3.3738743404192375,0.0,0.003,0.0001
545,2,6,5,"Etape 1 : cycles sequentiels avec loi globale immediate, T=0.0500 s",3.281828714128622,3.281828714128622,0.0,0.003,0.0001
546,2,6,6,"Etape 1 : cycles sequentiels avec loi globale immediate, T=0.0500 s",3.1936133407536227,3.1936133407536227,0.0,0.003,0.0001
547,2,6,7,"Etape 1 : cycles sequentiels avec loi globale immediate, T=0.0500 s",3.113286639319052,3.113286639319052,0.0,0.003,0.0001
548,2,6,8,"Etape 1 : cycles sequentiels avec loi globale immediate, T=0.0500 s",3.0360659932322926,3.0360659932322926,0.0,0.003,0.0001
549,2,6,9,"Etape 1 : cycles sequentiels avec loi globale immediate, T=0.0500 s",2.96011214623672,2.96011214623672,0.0,0.003,0.0001
550,2,6,10,"Etape 1 : cycles sequentiels avec loi globale immediate, T=0.0500 s",2.885772175283549,2.885772175283549,0.0,0.003,0.0001
551,2,4,1,"Etape 1 : cycles sequentiels avec loi globale immediate, T=0.0500 s",2.9377273810523437,2.9377273810523437,0.0,0.003,0.0001
552,2,4,2,"Etape 1 : cycles sequentiels avec loi globale immediate, T=0.0500 s",2.838220774818079,2.838220774818079,0.0,0.003,0.0001
553,2,4,3,"Etape 1 : cycles sequentiels avec loi globale immediate, T=0.0500 s",2.746987051578389,2.746987051578389,0.0,0.003,0.0001
554,2,4,4,"Etape 1 : cycles sequentiels avec loi globale immediate, T=0.0500 s",2.6580433775254635,2.6580433775254635,0.0,0.003,0.0001
555,2,4,5,"Etape 1 : cycles sequentiels avec loi globale immediate, T=0.0500 s",2.5706449931570297,2.5706449931570297,0.0,0.003,0.0001
556,2,4,6,"Etape 1 : cycles sequentiels avec loi globale immediate, T=0.0500 s",2.4898307570179474,2.4898307570179474,0.0,0.003,0.0001
557,2,4,7,"Etape 1 : cycles sequentiels avec loi globale immediate, T=0.0500 s",2.4272423671113326,2.4272423671113326,0.0,0.003,0.0001
558,2,4,8,"Etape 1 : cycles sequentiels avec loi globale immediate, T=0.0500 s",2.3711837574747183,2.3711837574747183,0.0,0.003,0.0001
559,2,4,9,"Etape 1 : cycles sequentiels avec loi globale immediate, T=0.0500 s",2.3180693172822218,2.3180693172822218,0.0,0.003,0.0001
560,2,4,10,"Etape 1 : cycles sequentiels avec loi globale immediate, T=0.0500 s",2.2662820754351083,2.2662820754351083,0.0,0.003,0.0001
561,2,23,1,"Etape 1 : cycles sequentiels avec loi globale immediate, T=0.0500 s",2.9789097807905316,2.9789097807905316,0.0,0.003,0.0001
562,2,23,2,"Etape 1 : cycles sequentiels avec loi globale immediate, T=0.0500 s",2.906844181520263,2.906844181520263,0.0,0.003,0.0001
563,2,23,3,"Etape 1 : cycles sequentiels avec loi globale immediate, T=0.0500 s",2.8331762355509778,2.8331762355509778,0.0,0.003,0.0001
564,2,23,4,"Etape 1 : cycles sequentiels avec loi globale immediate, T=0.0500 s",2.75910871415506,2.75910871415506,0.0,0.003,0.0001
565,2,23,5,"Etape 1 : cycles sequentiels avec loi globale immediate, T=0.0500 s",2.685703327335533,2.685703327335533,0.0,0.003,0.0001
566,2,23,6,"Etape 1 : cycles sequentiels avec loi globale immediate, T=0.0500 s",2.612707076761617,2.612707076761617,0.0,0.003,0.0001
567,2,23,7,"Etape 1 : cycles sequentiels avec loi globale immediate, T=0.0500 s",2.539672035456282,2.539672035456282,0.0,0.003,0.0001
568,2,23,8,"Etape 1 : cycles sequentiels avec loi globale immediate, T=0.0500 s",2.468364420982642,2.468364420982642,0.0,0.003,0.0001
569,2,23,9,"Etape 1 : cycles sequentiels avec loi globale immediate, T=0.0500 s",2.401407961633055,2.401407961633055,0.0,0.003,0.0001
570,2,23,10,"Etape 1 : cycles sequentiels avec loi globale immediate, T=0.0500 s",2.3418660376605605,2.3418660376605605,0.0,0.003,0.0001
571,2,1,1,"Etape 1 : cycles sequentiels avec loi globale immediate, T=0.0500 s",3.180125473294481,3.180125473294481,0.0,0.003,0.0001
572,2,1,2,"Etape 1 : cycles sequentiels avec loi globale immediate, T=0.0500 s",3.10907814338301,3.10907814338301,0.0,0.003,0.0001
573,2,1,3,"Etape 1 : cycles sequentiels avec loi globale immediate, T=0.0500 s",3.0356588273640233,3.0356588273640233,0.0,0.003,0.0001
574,2,1,4,"Etape 1 : cycles sequentiels avec loi globale immediate, T=0.0500 s",2.95939296935924,2.95939296935924,0.0,0.003,0.0001
575,2,1,5,"Etape 1 : cycles sequentiels avec loi globale immediate, T=0.0500 s",2.8833835328072404,2.8833835328072404,0.0,0.003,0.0001
576,2,1,6,"Etape 1 : cycles sequentiels avec loi globale immediate, T=0.0500 s",2.807584246904578,2.807584246904578,0.0,0.003,0.0001
577,2,1,7,"Etape 1 : cycles sequentiels avec loi globale immediate, T=0.0500 s",2.7319947803315836,2.7319947803315836,0.0,0.003,0.0001
578,2,1,8,"Etape 1 : cycles sequentiels avec loi globale immediate, T=0.0500 s",2.6569025696522086,2.6569025696522086,0.0,0.003,0.0001
579,2,1,9,"Etape 1 : cycles sequentiels avec loi globale immediate, T=0.0500 s",2.5803770762044715,2.5803770762044715,0.0,0.003,0.0001
580,2,1,10,"Etape 1 : cycles sequentiels avec loi globale immediate, T=0.0500 s",2.5043607779609602,2.5043607779609602,0.0,0.003,0.0001
581,2,11,1,"Etape 1 : cycles sequentiels avec loi globale immediate, T=0.0500 s",3.5192459478235194,3.5192459478235194,0.0,0.003,0.0001
582,2,11,2,"Etape 1 : cycles sequentiels avec loi globale immediate, T=0.0500 s",3.4183131756596934,3.4183131756596934,0.0,0.003,0.0001
583,2,11,3,"Etape 1 : cycles sequentiels avec loi globale immediate, T=0.0500 s",3.318177277180966,3.318177277180966,0.0,0.003,0.0001
584,2,11,4,"Etape 1 : cycles sequentiels avec loi globale immediate, T=0.0500 s",3.2187128943463366,3.2187128943463366,0.0,0.003,0.0001
585,2,11,5,"Etape 1 : cycles sequentiels avec loi globale immediate, T=0.0500 s",3.120877434605327,3.120877434605327,0.0,0.003,0.0001
586,2,11,6,"Etape 1 : cycles sequentiels avec loi globale immediate, T=0.0500 s",3.023367320501721,3.023367320501721,0.0,0.003,0.0001
587,2,11,7,"Etape 1 : cycles sequentiels avec loi globale immediate, T=0.0500 s",2.9263882827900707,2.9263882827900707,0.0,0.003,0.0001
588,2,11,8,"Etape 1 : cycles sequentiels avec loi globale immediate, T=0.0500 s",2.8306524210385033,2.8306524210385033,0.0,0.003,0.0001
589,2,11,9,"Etape 1 : cycles sequentiels avec loi globale immediate, T=0.0500 s",2.7358275523141176,2.7358275523141176,0.0,0.003,0.0001
590,2,11,10,"Etape 1 : cycles sequentiels avec loi globale immediate, T=0.0500 s",2.642080068770196,2.642080068770196,0.0,0.003,0.0001
591,2,0,1,"Etape 1 : cycles sequentiels avec loi globale immediate, T=0.0500 s",2.7800880056412365,2.7800880056412365,0.0,0.003,0.0001
592,2,0,2,"Etape 1 : cycles sequentiels avec loi globale immediate, T=0.0500 s",2.71350234462654,2.71350234462654,0.0,0.003,0.0001
593,2,0,3,"Etape 1 : cycles sequentiels avec loi globale immediate, T=0.0500 s",2.646078507856461,2.646078507856461,0.0,0.003,0.0001
594,2,0,4,"Etape 1 : cycles sequentiels avec loi globale immediate, T=0.0500 s",2.578290193483479,2.578290193483479,0.0,0.003,0.0001
595,2,0,5,"Etape 1 : cycles sequentiels avec loi globale immediate, T=0.0500 s",2.510803454723188,2.510803454723188,0.0,0.003,0.0001
596,2,0,6,"Etape 1 : cycles sequentiels avec loi globale immediate, T=0.0500 s",2.4438289806793514,2.4438289806793514,0.0,0.003,0.0001
597,2,0,7,"Etape 1 : cycles sequentiels avec loi globale immediate, T=0.0500 s",2.3757528780806165,2.3757528780806165,0.0,0.003,0.0001
598,2,0,8,"Etape 1 : cycles sequentiels avec loi globale immediate, T=0.0500 s",2.306982239075604,2.306982239075604,0.0,0.003,0.0001
599,2,0,9,"Etape 1 : cycles sequentiels avec loi globale immediate, T=0.0500 s",2.236944253686348,2.236944253686348,0.0,0.003,0.0001
600,2,0,10,"Etape 1 : cycles sequentiels avec loi globale immediate, T=0.0500 s",2.171723962512158,2.171723962512158,0.0,0.003,0.0001
601,3,13,1,"Etape 1 : cycles sequentiels avec loi globale immediate, T=0.0500 s",2.1308996860779112,2.1308996860779112,0.0,0.003,0.0001
602,3,13,2,"Etape 1 : cycles sequentiels avec loi globale immediate, T=0.0500 s",2.0697383442766197,2.0697383442766197,0.0,0.003,0.0001
603,3,13,3,"Etape 1 : cycles sequentiels avec loi globale immediate, T=0.0500 s",2.0074593962722966,2.0074593962722966,0.0,0.003,0.0001
604,3,13,4,"Etape 1 : cycles sequentiels avec loi globale immediate, T=0.0500 s",1.9450153705084312,1.9450153705084312,0.0,0.003,0.0001
605,3,13,5,"Etape 1 : cycles sequentiels avec loi globale immediate, T=0.0500 s",1.8820422770607137,1.8820422770607137,0.0,0.003,0.0001
606,3,13,6,"Etape 1 : cycles sequentiels avec loi globale immediate, T=0.0500 s",1.817791217117653,1.817791217117653,0.0,0.003,0.0001
607,3,13,7,"Etape 1 : cycles sequentiels avec loi globale immediate, T=0.0500 s",1.755303732278388,1.755303732278388,0.0,0.003,0.0001
608,3,13,8,"Etape 1 : cycles sequentiels avec loi globale immediate, T=0.0500 s",1.697118576531737,1.697118576531737,0.0,0.003,0.0001
609,3,13,9,"Etape 1 : cycles sequentiels avec loi globale immediate, T=0.0500 s",1.6485627464733306,1.6485627464733306,0.0,0.003,0.0001
610,3,13,10,"Etape 1 : cycles sequentiels avec loi globale immediate, T=0.0500 s",1.6124500594424973,1.6124500594424973,0.0,0.003,0.0001
611,3,0,1,"Etape 1 : cycles sequentiels avec loi globale immediate, T=0.0500 s",2.110041532319626,2.110041532319626,0.0,0.003,0.0001
612,3,0,2,"Etape 1 : cycles sequentiels avec loi globale immediate, T=0.0500 s",2.057199520613949,2.057199520613949,0.0,0.003,0.0001
613,3,0,3,"Etape 1 : cycles sequentiels avec loi globale immediate, T=0.0500 s",2.0009152797874643,2.0009152797874643,0.0,0.003,0.0001
614,3,0,4,"Etape 1 : cycles sequentiels avec loi globale immediate, T=0.0500 s",1.9421667500613562,1.9421667500613562,0.0,0.003,0.0001
615,3,0,5,"Etape 1 : cycles sequentiels avec loi globale immediate, T=0.0500 s",1.881884715061474,1.881884715061474,0.0,0.003,0.0001
616,3,0,6,"Etape 1 : cycles sequentiels avec loi globale immediate, T=0.0500 s",1.8207384696926183,1.8207384696926183,0.0,0.003,0.0001
617,3,0,7,"Etape 1 : cycles sequentiels avec loi globale immediate, T=0.0500 s",1.7588488288022375,1.7588488288022375,0.0,0.003,0.0001
618,3,0,8,"Etape 1 : cycles sequentiels avec loi globale immediate, T=0.0500 s",1.6971416622719009,1.6971416622719009,0.0,0.003,0.0001
619,3,0,9,"Etape 1 : cycles sequentiels avec loi globale immediate, T=0.0500 s",1.6370386019620882,1.6370386019620882,0.0,0.003,0.0001
620,3,0,10,"Etape 1 : cycles sequentiels avec loi globale immediate, T=0.0500 s",1.5824152612649525,1.5824152612649525,0.0,0.003,0.0001
621,3,18,1,"Etape 1 : cycles sequentiels avec loi globale immediate, T=0.0500 s",1.8852730476696096,1.8852730476696096,0.0,0.003,0.0001
622,3,18,2,"Etape 1 : cycles sequentiels avec loi globale immediate, T=0.0500 s",1.8406544035689336,1.8406544035689336,0.0,0.003,0.0001
623,3,18,3,"Etape 1 : cycles sequentiels avec loi globale immediate, T=0.0500 s",1.8043802822132182,1.8043802822132182,0.0,0.003,0.0001
624,3,18,4,"Etape 1 : cycles sequentiels avec loi globale immediate, T=0.0500 s",1.7713569629454184,1.7713569629454184,0.0,0.003,0.0001
625,3,18,5,"Etape 1 : cycles sequentiels avec loi globale immediate, T=0.0500 s",1.7359441456411424,1.7359441456411424,0.0,0.003,0.0001
626,3,18,6,"Etape 1 : cycles sequentiels avec loi globale immediate, T=0.0500 s",1.6986616350650159,1.6986616350650159,0.0,0.003,0.0001
627,3,18,7,"Etape 1 : cycles sequentiels avec loi globale immediate, T=0.0500 s",1.659652076494557,1.659652076494557,0.0,0.003,0.0001
628,3,18,8,"Etape 1 : cycles sequentiels avec loi globale immediate, T=0.0500 s",1.6233783257846326,1.6233783257846326,0.0,0.003,0.0001
629,3,18,9,"Etape 1 : cycles sequentiels avec loi globale immediate, T=0.0500 s",1.5917489908932139,1.5917489908932139,0.0,0.003,0.0001
630,3,18,10,"Etape 1 : cycles sequentiels avec loi globale immediate, T=0.0500 s",1.5609295442784883,1.5609295442784883,0.0,0.003,0.0001
631,3,26,1,"Etape 1 : cycles sequentiels avec loi globale immediate, T=0.0500 s",2.548188667521256,2.548188667521256,0.0,0.003,0.0001
632,3,26,2,"Etape 1 : cycles sequentiels avec loi globale immediate, T=0.0500 s",2.4647315534564447,2.4647315534564447,0.0,0.003,0.0001
633,3,26,3,"Etape 1 : cycles sequentiels avec loi globale immediate, T=0.0500 s",2.3814137133013342,2.3814137133013342,0.0,0.003,0.0001
634,3,26,4,"Etape 1 : cycles sequentiels avec loi globale immediate, T=0.0500 s",2.2977672833613325,2.2977672833613325,0.0,0.003,0.0001
635,3,26,5,"Etape 1 : cycles sequentiels avec loi globale immediate, T=0.0500 s",2.2164554407750656,2.2164554407750656,0.0,0.003,0.0001
636,3,26,6,"Etape 1 : cycles sequentiels avec loi globale immediate, T=0.0500 s",2.142128784775418,2.142128784775418,0.0,0.003,0.0001
637,3,26,7,"Etape 1 : cycles sequentiels avec loi globale immediate, T=0.0500 s",2.072222388514137,2.072222388514137,0.0,0.003,0.0001
638,3,26,8,"Etape 1 : cycles sequentiels avec loi globale immediate, T=0.0500 s",1.9993634356200947,1.9993634356200947,0.0,0.003,0.0001
639,3,26,9,"Etape 1 : cycles sequentiels avec loi globale immediate, T=0.0500 s",1.9250869932394878,1.9250869932394878,0.0,0.003,0.0001
640,3,26,10,"Etape 1 : cycles sequentiels avec loi globale immediate, T=0.0500 s",1.8506216814454397,1.8506216814454397,0.0,0.003,0.0001
641,3,22,1,"Etape 1 : cycles sequentiels avec loi globale immediate, T=0.0500 s",1.9747874781775194,1.9747874781775194,0.0,0.003,0.0001
642,3,22,2,"Etape 1 : cycles sequentiels avec loi globale immediate, T=0.0500 s",1.9293215564279464,1.9293215564279464,0.0,0.003,0.0001
643,3,22,3,"Etape 1 : cycles sequentiels avec loi globale immediate, T=0.0500 s",1.8868268890430044,1.8868268890430044,0.0,0.003,0.0001
644,3,22,4,"Etape 1 : cycles sequentiels avec loi globale immediate, T=0.0500 s",1.849919357534882,1.849919357534882,0.0,0.003,0.0001
645,3,22,5,"Etape 1 : cycles sequentiels avec loi globale immediate, T=0.0500 s",1.8207434613070426,1.8207434613070426,0.0,0.003,0.0001
646,3,22,6,"Etape 1 : cycles sequentiels avec loi globale immediate, T=0.0500 s",1.7885493062872726,1.7885493062872726,0.0,0.003,0.0001
647,3,22,7,"Etape 1 : cycles sequentiels avec loi globale immediate, T=0.0500 s",1.7532335742443934,1.7532335742443934,0.0,0.003,0.0001
648,3,22,8,"Etape 1 : cycles sequentiels avec loi globale immediate, T=0.0500 s",1.714982276869297,1.714982276869297,0.0,0.003,0.0001
649,3,22,9,"Etape 1 : cycles sequentiels avec loi globale immediate, T=0.0500 s",1.6730063135652258,1.6730063135652258,0.0,0.003,0.0001
650,3,22,10,"Etape 1 : cycles sequentiels avec loi globale immediate, T=0.0500 s",1.6282096907558803,1.6282096907558803,0.0,0.003,0.0001
651,3,23,1,"Etape 1 : cycles sequentiels avec loi globale immediate, T=0.0500 s",2.225871211109546,2.225871211109546,0.0,0.003,0.0001
652,3,23,2,"Etape 1 : cycles sequentiels avec loi globale immediate, T=0.0500 s",2.164557189193522,2.164557189193522,0.0,0.003,0.0001
653,3,23,3,"Etape 1 : cycles sequentiels avec loi globale immediate, T=0.0500 s",2.104209497277792,2.104209497277792,0.0,0.003,0.0001
654,3,23,4,"Etape 1 : cycles sequentiels avec loi globale immediate, T=0.0500 s",2.0433143296803253,2.0433143296803253,0.0,0.003,0.0001
655,3,23,5,"Etape 1 : cycles sequentiels avec loi globale immediate, T=0.0500 s",1.9818801877687762,1.9818801877687762,0.0,0.003,0.0001
656,3,23,6,"Etape 1 : cycles sequentiels avec loi globale immediate, T=0.0500 s",1.9209699854938538,1.9209699854938538,0.0,0.003,0.0001
657,3,23,7,"Etape 1 : cycles sequentiels avec loi globale immediate, T=0.0500 s",1.8637532152240897,1.8637532152240897,0.0,0.003,0.0001
658,3,23,8,"Etape 1 : cycles sequentiels avec loi globale immediate, T=0.0500 s",1.8162259547343627,1.8162259547343627,0.0,0.003,0.0001
659,3,23,9,"Etape 1 : cycles sequentiels avec loi globale immediate, T=0.0500 s",1.7724446404941747,1.7724446404941747,0.0,0.003,0.0001
660,3,23,10,"Etape 1 : cycles sequentiels avec loi globale immediate, T=0.0500 s",1.733284227553682,1.733284227553682,0.0,0.003,0.0001
661,3,7,1,"Etape 1 : cycles sequentiels avec loi globale immediate, T=0.0500 s",2.530698163883232,2.530698163883232,0.0,0.003,0.0001
662,3,7,2,"Etape 1 : cycles sequentiels avec loi globale immediate, T=0.0500 s",2.450063929884209,2.450063929884209,0.0,0.003,0.0001
663,3,7,3,"Etape 1 : cycles sequentiels avec loi globale immediate, T=0.0500 s",2.3693231901082905,2.3693231901082905,0.0,0.003,0.0001
664,3,7,4,"Etape 1 : cycles sequentiels avec loi globale immediate, T=0.0500 s",2.2878136620812386,2.2878136620812386,0.0,0.003,0.0001
665,3,7,5,"Etape 1 : cycles sequentiels avec loi globale immediate, T=0.0500 s",2.2056581008069527,2.2056581008069527,0.0,0.003,0.0001
666,3,7,6,"Etape 1 : cycles sequentiels avec loi globale immediate, T=0.0500 s",2.1241986462177147,2.1241986462177147,0.0,0.003,0.0001
667,3,7,7,"Etape 1 : cycles sequentiels avec loi globale immediate, T=0.0500 s",2.043304145738407,2.043304145738407,0.0,0.003,0.0001
668,3,7,8,"Etape 1 : cycles sequentiels avec loi globale immediate, T=0.0500 s",1.9637135475825922,1.9637135475825922,0.0,0.003,0.0001
669,3,7,9,"Etape 1 : cycles sequentiels avec loi globale immediate, T=0.0500 s",1.885356889599303,1.885356889599303,0.0,0.003,0.0001
670,3,7,10,"Etape 1 : cycles sequentiels avec loi globale immediate, T=0.0500 s",1.8146016546827781,1.8146016546827781,0.0,0.003,0.0001
671,3,25,1,"Etape 1 : cycles sequentiels avec loi globale immediate, T=0.0500 s",2.49700044917955,2.49700044917955,0.0,0.003,0.0001
672,3,25,2,"Etape 1 : cycles sequentiels avec loi globale immediate, T=0.0500 s",2.434647316318508,2.434647316318508,0.0,0.003,0.0001
673,3,25,3,"Etape 1 : cycles sequentiels avec loi globale immediate, T=0.0500 s",2.3726752711377994,2.3726752711377994,0.0,0.003,0.0001
674,3,25,4,"Etape 1 : cycles sequentiels avec loi globale immediate, T=0.0500 s",2.311520785819633,2.311520785819633,0.0,0.003,0.0001
675,3,25,5,"Etape 1 : cycles sequentiels avec loi globale immediate, T=0.0500 s",2.2493427280058795,2.2493427280058795,0.0,0.003,0.0001
676,3,25,6,"Etape 1 : cycles sequentiels avec loi globale immediate, T=0.0500 s",2.188265476433667,2.188265476433667,0.0,0.003,0.0001
677,3,25,7,"Etape 1 : cycles sequentiels avec loi globale immediate, T=0.0500 s",2.1251977238749835,2.1251977238749835,0.0,0.003,0.0001
678,3,25,8,"Etape 1 : cycles sequentiels avec loi globale immediate, T=0.0500 s",2.060352628970141,2.060352628970141,0.0,0.003,0.0001
679,3,25,9,"Etape 1 : cycles sequentiels avec loi globale immediate, T=0.0500 s",1.9964375034944997,1.9964375034944997,0.0,0.003,0.0001
680,3,25,10,"Etape 1 : cycles sequentiels avec loi globale immediate, T=0.0500 s",1.9371592020496358,1.9371592020496358,0.0,0.003,0.0001
681,3,17,1,"Etape 1 : cycles sequentiels avec loi globale immediate, T=0.0500 s",2.889830614068895,2.889830614068895,0.0,0.003,0.0001
682,3,17,2,"Etape 1 : cycles sequentiels avec loi globale immediate, T=0.0500 s",2.8050913965525215,2.8050913965525215,0.0,0.003,0.0001
683,3,17,3,"Etape 1 : cycles sequentiels avec loi globale immediate, T=0.0500 s",2.721468949520213,2.721468949520213,0.0,0.003,0.0001
684,3,17,4,"Etape 1 : cycles sequentiels avec loi globale immediate, T=0.0500 s",2.639955477520983,2.639955477520983,0.0,0.003,0.0001
685,3,17,5,"Etape 1 : cycles sequentiels avec loi globale immediate, T=0.0500 s",2.562988589263571,2.562988589263571,0.0,0.003,0.0001
686,3,17,6,"Etape 1 : cycles sequentiels avec loi globale immediate, T=0.0500 s",2.4903676300755535,2.4903676300755535,0.0,0.003,0.0001
687,3,17,7,"Etape 1 : cycles sequentiels avec loi globale immediate, T=0.0500 s",2.420514878179495,2.420514878179495,0.0,0.003,0.0001
688,3,17,8,"Etape 1 : cycles sequentiels avec loi globale immediate, T=0.0500 s",2.349959136502098,2.349959136502098,0.0,0.003,0.0001
689,3,17,9,"Etape 1 : cycles sequentiels avec loi globale immediate, T=0.0500 s",2.2774460423724405,2.2774460423724405,0.0,0.003,0.0001
690,3,17,10,"Etape 1 : cycles sequentiels avec loi globale immediate, T=0.0500 s",2.2077627465858827,2.2077627465858827,0.0,0.003,0.0001
691,3,14,1,"Etape 1 : cycles sequentiels avec loi globale immediate, T=0.0500 s",2.6385721540607667,2.6385721540607667,0.0,0.003,0.0001
692,3,14,2,"Etape 1 : cycles sequentiels avec loi globale immediate, T=0.0500 s",2.582810579002188,2.582810579002188,0.0,0.003,0.0001
693,3,14,3,"Etape 1 : cycles sequentiels avec loi globale immediate, T=0.0500 s",2.5254393887505913,2.5254393887505913,0.0,0.003,0.0001
694,3,14,4,"Etape 1 : cycles sequentiels avec loi globale immediate, T=0.0500 s",2.4733902008319717,2.4733902008319717,0.0,0.003,0.0001
695,3,14,5,"Etape 1 : cycles sequentiels avec loi globale immediate, T=0.0500 s",2.423980455300025,2.423980455300025,0.0,0.003,0.0001
696,3,14,6,"Etape 1 : cycles sequentiels avec loi globale immediate, T=0.0500 s",2.3741708403250508,2.3741708403250508,0.0,0.003,0.0001
697,3,14,7,"Etape 1 : cycles sequentiels avec loi globale immediate, T=0.0500 s",2.324720296471131,2.324720296471131,0.0,0.003,0.0001
698,3,14,8,"Etape 1 : cycles sequentiels avec loi globale immediate, T=0.0500 s",2.275169267824746,2.275169267824746,0.0,0.003,0.0001
699,3,14,9,"Etape 1 : cycles sequentiels avec loi globale immediate, T=0.0500 s",2.2254935778383342,2.2254935778383342,0.0,0.003,0.0001
700,3,14,10,"Etape 1 : cycles sequentiels avec loi globale immediate, T=0.0500 s",2.1797972606784777,2.1797972606784777,0.0,0.003,0.0001
701,3,15,1,"Etape 1 : cycles sequentiels avec loi globale immediate, T=0.0500 s",2.0739487521809417,2.0739487521809417,0.0,0.003,0.0001
702,3,15,2,"Etape 1 : cycles sequentiels avec loi globale immediate, T=0.0500 s",2.039513130506461,2.039513130506461,0.0,0.003,0.0001
703,3,15,3,"Etape 1 : cycles sequentiels avec loi globale immediate, T=0.0500 s",2.007359949224436,2.007359949224436,0.0,0.003,0.0001
704,3,15,4,"Etape 1 : cycles sequentiels avec loi globale immediate, T=0.0500 s",1.9730234059012424,1.9730234059012424,0.0,0.003,0.0001
705,3,15,5,"Etape 1 : cycles sequentiels avec loi globale immediate, T=0.0500 s",1.9333390064471843,1.9333390064471843,0.0,0.003,0.0001
706,3,15,6,"Etape 1 : cycles sequentiels avec loi globale immediate, T=0.0500 s",1.8892395207790262,1.8892395207790262,0.0,0.003,0.0001
707,3,15,7,"Etape 1 : cycles sequentiels avec loi globale immediate, T=0.0500 s",1.8464552244116248,1.8464552244116248,0.0,0.003,0.0001
708,3,15,8,"Etape 1 : cycles sequentiels avec loi globale immediate, T=0.0500 s",1.8044430075422817,1.8044430075422817,0.0,0.003,0.0001
709,3,15,9,"Etape 1 : cycles sequentiels avec loi globale immediate, T=0.0500 s",1.761811288814092,1.761811288814092,0.0,0.003,0.0001
710,3,15,10,"Etape 1 : cycles sequentiels avec loi globale immediate, T=0.0500 s",1.7191693436451345,1.7191693436451345,0.0,0.003,0.0001
711,3,10,1,"Etape 1 : cycles sequentiels avec loi globale immediate, T=0.0500 s",2.383451252470799,2.383451252470799,0.0,0.003,0.0001
712,3,10,2,"Etape 1 : cycles sequentiels avec loi globale immediate, T=0.0500 s",2.3189002066760276,2.3189002066760276,0.0,0.003,0.0001
713,3,10,3,"Etape 1 : cycles sequentiels avec loi globale immediate, T=0.0500 s",2.252738287908091,2.252738287908091,0.0,0.003,0.0001
714,3,10,4,"Etape 1 : cycles sequentiels avec loi globale immediate, T=0.0500 s",2.1831911079993627,2.1831911079993627,0.0,0.003,0.0001
715,3,10,5,"Etape 1 : cycles sequentiels avec loi globale immediate, T=0.0500 s",2.114063292646306,2.114063292646306,0.0,0.003,0.0001
716,3,10,6,"Etape 1 : cycles sequentiels avec loi globale immediate, T=0.0500 s",2.04499111936891,2.04499111936891,0.0,0.003,0.0001
717,3,10,7,"Etape 1 : cycles sequentiels avec loi globale immediate, T=0.0500 s",1.9778150906722871,1.9778150906722871,0.0,0.003,0.0001
718,3,10,8,"Etape 1 : cycles sequentiels avec loi globale immediate, T=0.0500 s",1.9132759557455414,1.9132759557455414,0.0,0.003,0.0001
719,3,10,9,"Etape 1 : cycles sequentiels avec loi globale immediate, T=0.0500 s",1.8552035599631815,1.8552035599631815,0.0,0.003,0.0001
720,3,10,10,"Etape 1 : cycles sequentiels avec loi globale immediate, T=0.0500 s",1.8000970986469558,1.8000970986469558,0.0,0.003,0.0001
721,3,28,1,"Etape 1 : cycles sequentiels avec loi globale immediate, T=0.0500 s",2.2838746339528133,2.2838746339528133,0.0,0.003,0.0001
722,3,28,2,"Etape 1 : cycles sequentiels avec loi globale immediate, T=0.0500 s",2.2283913178289327,2.2283913178289327,0.0,0.003,0.0001
723,3,28,3,"Etape 1 : cycles sequentiels avec loi globale immediate, T=0.0500 s",2.171207004271554,2.171207004271554,0.0,0.003,0.0001
724,3,28,4,"Etape 1 : cycles sequentiels avec loi globale immediate, T=0.0500 s",2.112833440898629,2.112833440898629,0.0,0.003,0.0001
725,3,28,5,"Etape 1 : cycles sequentiels avec loi globale immediate, T=0.0500 s",2.0540947160602814,2.0540947160602814,0.0,0.003,0.0001
726,3,28,6,"Etape 1 : cycles sequentiels avec loi globale immediate, T=0.0500 s",1.9962384736521828,1.9962384736521828,0.0,0.003,0.0001
727,3,28,7,"Etape 1 : cycles sequentiels avec loi globale immediate, T=0.0500 s",1.9420382448521962,1.9420382448521962,0.0,0.003,0.0001
728,3,28,8,"Etape 1 : cycles sequentiels avec loi globale immediate, T=0.0500 s",1.8854959330307435,1.8854959330307435,0.0,0.003,0.0001
729,3,28,9,"Etape 1 : cycles sequentiels avec loi globale immediate, T=0.0500 s",1.832759297784807,1.832759297784807,0.0,0.003,0.0001
730,3,28,10,"Etape 1 : cycles sequentiels avec loi globale immediate, T=0.0500 s",1.7822846572881281,1.7822846572881281,0.0,0.003,0.0001
731,3,9,1,"Etape 1 : cycles sequentiels avec loi globale immediate, T=0.0500 s",2.2633592119074897,2.2633592119074897,0.0,0.003,0.0001
732,3,9,2,"Etape 1 : cycles sequentiels avec loi globale immediate, T=0.0500 s",2.2485716253180947,2.2485716253180947,0.0,0.003,0.0001
733,3,9,3,"Etape 1 : cycles sequentiels avec loi globale immediate, T=0.0500 s",2.22748072971674,2.22748072971674,0.0,0.003,0.0001
734,3,9,4,"Etape 1 : cycles sequentiels avec loi globale immediate, T=0.0500 s",2.200515493229258,2.200515493229258,0.0,0.003,0.0001
735,3,9,5,"Etape 1 : cycles sequentiels avec loi globale immediate, T=0.0500 s",2.1684566595935904,2.1684566595935904,0.0,0.003,0.0001
736,3,9,6,"Etape 1 : cycles sequentiels avec loi globale immediate, T=0.0500 s",2.131669174792008,2.131669174792008,0.0,0.003,0.0001
737,3,9,7,"Etape 1 : cycles sequentiels avec loi globale immediate, T=0.0500 s",2.090501024056523,2.090501024056523,0.0,0.003,0.0001
738,3,9,8,"Etape 1 : cycles sequentiels avec loi globale immediate, T=0.0500 s",2.04523007679121,2.04523007679121,0.0,0.003,0.0001
739,3,9,9,"Etape 1 : cycles sequentiels avec loi globale immediate, T=0.0500 s",1.9960089068949685,1.9960089068949685,0.0,0.003,0.0001
740,3,9,10,"Etape 1 : cycles sequentiels avec loi globale immediate, T=0.0500 s",1.9434808895851632,1.9434808895851632,0.0,0.003,0.0001
741,3,2,1,"Etape 1 : cycles sequentiels avec loi globale immediate, T=0.0500 s",1.9259912227513225,1.9259912227513225,0.0,0.003,0.0001
742,3,2,2,"Etape 1 : cycles sequentiels avec loi globale immediate, T=0.0500 s",1.897093213448462,1.897093213448462,0.0,0.003,0.0001
743,3,2,3,"Etape 1 : cycles sequentiels avec loi globale immediate, T=0.0500 s",1.865716721349293,1.865716721349293,0.0,0.003,0.0001
744,3,2,4,"Etape 1 : cycles sequentiels avec loi globale immediate, T=0.0500 s",1.834240473208212,1.834240473208212,0.0,0.003,0.0001
745,3,2,5,"Etape 1 : cycles sequentiels avec loi globale immediate, T=0.0500 s",1.8074563303651803,1.8074563303651803,0.0,0.003,0.0001
746,3,2,6,"Etape 1 : cycles sequentiels avec loi globale immediate, T=0.0500 s",1.7826340134665208,1.7826340134665208,0.0,0.003,0.0001
747,3,2,7,"Etape 1 : cycles sequentiels avec loi globale immediate, T=0.0500 s",1.7607602524004484,1.7607602524004484,0.0,0.003,0.0001
748,3,2,8,"Etape 1 : cycles sequentiels avec loi globale immediate, T=0.0500 s",1.742488567840803,1.742488567840803,0.0,0.003,0.0001
749,3,2,9,"Etape 1 : cycles sequentiels avec loi globale immediate, T=0.0500 s",1.7300665110839148,1.7300665110839148,0.0,0.003,0.0001
750,3,2,10,"Etape 1 : cycles sequentiels avec loi globale immediate, T=0.0500 s",1.7138098861320905,1.7138098861320905,0.0,0.003,0.0001
751,3,6,1,"Etape 1 : cycles sequentiels avec loi globale immediate, T=0.0500 s",2.7049368922636603,2.7049368922636603,0.0,0.003,0.0001
752,3,6,2,"Etape 1 : cycles sequentiels avec loi globale immediate, T=0.0500 s",2.638935632450912,2.638935632450912,0.0,0.003,0.0001
753,3,6,3,"Etape 1 : cycles sequentiels avec loi globale immediate, T=0.0500 s",2.573034816040387,2.573034816040387,0.0,0.003,0.0001
754,3,6,4,"Etape 1 : cycles sequentiels avec loi globale immediate, T=0.0500 s",2.5061342858046194,2.5061342858046194,0.0,0.003,0.0001
755,3,6,5,"Etape 1 : cycles sequentiels avec loi globale immediate, T=0.0500 s",2.4398485235151752,2.4398485235151752,0.0,0.003,0.0001
756,3,6,6,"Etape 1 : cycles sequentiels avec loi globale immediate, T=0.0500 s",2.3747897936090725,2.3747897936090725,0.0,0.003,0.0001
757,3,6,7,"Etape 1 : cycles sequentiels avec loi globale immediate, T=0.0500 s",2.3106244789043515,2.3106244789043515,0.0,0.003,0.0001
758,3,6,8,"Etape 1 : cycles sequentiels avec loi globale immediate, T=0.0500 s",2.2429437090053677,2.2429437090053677,0.0,0.003,0.0001
759,3,6,9,"Etape 1 : cycles sequentiels avec loi globale immediate, T=0.0500 s",2.174097548321048,2.174097548321048,0.0,0.003,0.0001
760,3,6,10,"Etape 1 : cycles sequentiels avec loi globale immediate, T=0.0500 s",2.1021029257797235,2.1021029257797235,0.0,0.003,0.0001
761,3,29,1,"Etape 1 : cycles sequentiels avec loi globale immediate, T=0.0500 s",2.520200848131706,2.520200848131706,0.0,0.003,0.0001
762,3,29,2,"Etape 1 : cycles sequentiels avec loi globale immediate, T=0.0500 s",2.4459960043814557,2.4459960043814557,0.0,0.003,0.0001
763,3,29,3,"Etape 1 : cycles sequentiels avec loi globale immediate, T=0.0500 s",2.3786375023849446,2.3786375023849446,0.0,0.003,0.0001
764,3,29,4,"Etape 1 : cycles sequentiels avec loi globale immediate, T=0.0500 s",2.3126770890648585,2.3126770890648585,0.0,0.003,0.0001
765,3,29,5,"Etape 1 : cycles sequentiels avec loi globale immediate, T=0.0500 s",2.2446547766506066,2.2446547766506066,0.0,0.003,0.0001
766,3,29,6,"Etape 1 : cycles sequentiels avec loi globale immediate, T=0.0500 s",2.178596521318311,2.178596521318311,0.0,0.003,0.0001
767,3,29,7,"Etape 1 : cycles sequentiels avec loi globale immediate, T=0.0500 s",2.1137111149463754,2.1137111149463754,0.0,0.003,0.0001
768,3,29,8,"Etape 1 : cycles sequentiels avec loi globale immediate, T=0.0500 s",2.0462904268414874,2.0462904268414874,0.0,0.003,0.0001
769,3,29,9,"Etape 1 : cycles sequentiels avec loi globale immediate, T=0.0500 s",1.9771148825930858,1.9771148825930858,0.0,0.003,0.0001
770,3,29,10,"Etape 1 : cycles sequentiels avec loi globale immediate, T=0.0500 s",1.9084638835651444,1.9084638835651444,0.0,0.003,0.0001
771,3,4,1,"Etape 1 : cycles sequentiels avec loi globale immediate, T=0.0500 s",2.159604222466763,2.159604222466763,0.0,0.003,0.0001
772,3,4,2,"Etape 1 : cycles sequentiels avec loi globale immediate, T=0.0500 s",2.1052257020350362,2.1052257020350362,0.0,0.003,0.0001
773,3,4,3,"Etape 1 : cycles sequentiels avec loi globale immediate, T=0.0500 s",2.050016472464163,2.050016472464163,0.0,0.003,0.0001
774,3,4,4,"Etape 1 : cycles sequentiels avec loi globale immediate, T=0.0500 s",1.9942398913147266,1.9942398913147266,0.0,0.003,0.0001
775,3,4,5,"Etape 1 : cycles sequentiels avec loi globale immediate, T=0.0500 s",1.9385078678627177,1.9385078678627177,0.0,0.003,0.0001
776,3,4,6,"Etape 1 : cycles sequentiels avec loi globale immediate, T=0.0500 s",1.8831361856382252,1.8831361856382252,0.0,0.003,0.0001
777,3,4,7,"Etape 1 : cycles sequentiels avec loi globale immediate, T=0.0500 s",1.8295983892806718,1.8295983892806718,0.0,0.003,0.0001
778,3,4,8,"Etape 1 : cycles sequentiels avec loi globale immediate, T=0.0500 s",1.7771650343256513,1.7771650343256513,0.0,0.003,0.0001
779,3,4,9,"Etape 1 : cycles sequentiels avec loi globale immediate, T=0.0500 s",1.7279672885507373,1.7279672885507373,0.0,0.003,0.0001
780,3,4,10,"Etape 1 : cycles sequentiels avec loi globale immediate, T=0.0500 s",1.6830934729077254,1.6830934729077254,0.0,0.003,0.0001
781,3,21,1,"Etape 1 : cycles sequentiels avec loi globale immediate, T=0.0500 s",2.422610119451508,2.422610119451508,0.0,0.003,0.0001
782,3,21,2,"Etape 1 : cycles sequentiels avec loi globale immediate, T=0.0500 s",2.3483817707266055,2.3483817707266055,0.0,0.003,0.0001
783,3,21,3,"Etape 1 : cycles sequentiels avec loi globale immediate, T=0.0500 s",2.274164379063567,2.274164379063567,0.0,0.003,0.0001
784,3,21,4,"Etape 1 : cycles sequentiels avec loi globale immediate, T=0.0500 s",2.201049685677299,2.201049685677299,0.0,0.003,0.0001
785,3,21,5,"Etape 1 : cycles sequentiels avec loi globale immediate, T=0.0500 s",2.1296840294308508,2.1296840294308508,0.0,0.003,0.0001
786,3,21,6,"Etape 1 : cycles sequentiels avec loi globale immediate, T=0.0500 s",2.0602742545313206,2.0602742545313206,0.0,0.003,0.0001
787,3,21,7,"Etape 1 : cycles sequentiels avec loi globale immediate, T=0.0500 s",1.9894939690714097,1.9894939690714097,0.0,0.003,0.0001
788,3,21,8,"Etape 1 : cycles sequentiels avec loi globale immediate, T=0.0500 s",1.9104470330043846,1.9104470330043846,0.0,0.003,0.0001
789,3,21,9,"Etape 1 : cycles sequentiels avec loi globale immediate, T=0.0500 s",1.835682174473287,1.835682174473287,0.0,0.003,0.0001
790,3,21,10,"Etape 1 : cycles sequentiels avec loi globale immediate, T=0.0500 s",1.7662960178765978,1.7662960178765978,0.0,0.003,0.0001
791,3,20,1,"Etape 1 : cycles sequentiels avec loi globale immediate, T=0.0500 s",2.4276268492210575,2.4276268492210575,0.0,0.003,0.0001
792,3,20,2,"Etape 1 : cycles sequentiels avec loi globale immediate, T=0.0500 s",2.368237190582787,2.368237190582787,0.0,0.003,0.0001
793,3,20,3,"Etape 1 : cycles sequentiels avec loi globale immediate, T=0.0500 s",2.308862383966779,2.308862383966779,0.0,0.003,0.0001
794,3,20,4,"Etape 1 : cycles sequentiels avec loi globale immediate, T=0.0500 s",2.2494152464570267,2.2494152464570267,0.0,0.003,0.0001
795,3,20,5,"Etape 1 : cycles sequentiels avec loi globale immediate, T=0.0500 s",2.1896689663688607,2.1896689663688607,0.0,0.003,0.0001
796,3,20,6,"Etape 1 : cycles sequentiels avec loi globale immediate, T=0.0500 s",2.130023036380084,2.130023036380084,0.0,0.003,0.0001
797,3,20,7,"Etape 1 : cycles sequentiels avec loi globale immediate, T=0.0500 s",2.0716153271418074,2.0716153271418074,0.0,0.003,0.0001
798,3,20,8,"Etape 1 : cycles sequentiels avec loi globale immediate, T=0.0500 s",2.0144729399331824,2.0144729399331824,0.0,0.003,0.0001
799,3,20,9,"Etape 1 : cycles sequentiels avec loi globale immediate, T=0.0500 s",1.9582829959863972,1.9582829959863972,0.0,0.003,0.0001
800,3,20,10,"Etape 1 : cycles sequentiels avec loi globale immediate, T=0.0500 s",1.9094470843801978,1.9094470843801978,0.0,0.003,0.0001
801,3,24,1,"Etape 1 : cycles sequentiels avec loi globale immediate, T=0.0500 s",2.5012731601618623,2.5012731601618623,0.0,0.003,0.0001
802,3,24,2,"Etape 1 : cycles sequentiels avec loi globale immediate, T=0.0500 s",2.4189958993259424,2.4189958993259424,0.0,0.003,0.0001
803,3,24,3,"Etape 1 : cycles sequentiels avec loi globale immediate, T=0.0500 s",2.3378375042581836,2.3378375042581836,0.0,0.003,0.0001
804,3,24,4,"Etape 1 : cycles sequentiels avec loi globale immediate, T=0.0500 s",2.2584276166156534,2.2584276166156534,0.0,0.003,0.0001
805,3,24,5,"Etape 1 : cycles sequentiels avec loi globale immediate, T=0.0500 s",2.1831679379228626,2.1831679379228626,0.0,0.003,0.0001
806,3,24,6,"Etape 1 : cycles sequentiels avec loi globale immediate, T=0.0500 s",2.1160377588728165,2.1160377588728165,0.0,0.003,0.0001
807,3,24,7,"Etape 1 : cycles sequentiels avec loi globale immediate, T=0.0500 s",2.0642642865087133,2.0642642865087133,0.0,0.003,0.0001
808,3,24,8,"Etape 1 : cycles sequentiels avec loi globale immediate, T=0.0500 s",2.01610807765515,2.01610807765515,0.0,0.003,0.0001
809,3,24,9,"Etape 1 : cycles sequentiels avec loi globale immediate, T=0.0500 s",1.973562433741423,1.973562433741423,0.0,0.003,0.0001
810,3,24,10,"Etape 1 : cycles sequentiels avec loi globale immediate, T=0.0500 s",1.956260716570878,1.956260716570878,0.0,0.003,0.0001
811,3,16,1,"Etape 1 : cycles sequentiels avec loi globale immediate, T=0.0500 s",2.3493440976542197,2.3493440976542197,0.0,0.003,0.0001
812,3,16,2,"Etape 1 : cycles sequentiels avec loi globale immediate, T=0.0500 s",2.2828687004535158,2.2828687004535158,0.0,0.003,0.0001
813,3,16,3,"Etape 1 : cycles sequentiels avec loi globale immediate, T=0.0500 s",2.216598907816546,2.216598907816546,0.0,0.003,0.0001
814,3,16,4,"Etape 1 : cycles sequentiels avec loi globale immediate, T=0.0500 s",2.1467409497549292,2.1467409497549292,0.0,0.003,0.0001
815,3,16,5,"Etape 1 : cycles sequentiels avec loi globale immediate, T=0.0500 s",2.075864886279647,2.075864886279647,0.0,0.003,0.0001
816,3,16,6,"Etape 1 : cycles sequentiels avec loi globale immediate, T=0.0500 s",2.0053326222489765,2.0053326222489765,0.0,0.003,0.0001
817,3,16,7,"Etape 1 : cycles sequentiels avec loi globale immediate, T=0.0500 s",1.9362673879024883,1.9362673879024883,0.0,0.003,0.0001
818,3,16,8,"Etape 1 : cycles sequentiels avec loi globale immediate, T=0.0500 s",1.8701293650541981,1.8701293650541981,0.0,0.003,0.0001
819,3,16,9,"Etape 1 : cycles sequentiels avec loi globale immediate, T=0.0500 s",1.8102499593247412,1.8102499593247412,0.0,0.003,0.0001
820,3,16,10,"Etape 1 : cycles sequentiels avec loi globale immediate, T=0.0500 s",1.7564801759204436,1.7564801759204436,0.0,0.003,0.0001
821,3,1,1,"Etape 1 : cycles sequentiels avec loi globale immediate, T=0.0500 s",2.2992690329522056,2.2992690329522056,0.0,0.003,0.0001
822,3,1,2,"Etape 1 : cycles sequentiels avec loi globale immediate, T=0.0500 s",2.219228265000937,2.219228265000937,0.0,0.003,0.0001
823,3,1,3,"Etape 1 : cycles sequentiels avec loi globale immediate, T=0.0500 s",2.140478932816942,2.140478932816942,0.0,0.003,0.0001
824,3,1,4,"Etape 1 : cycles sequentiels avec loi globale immediate, T=0.0500 s",2.064217902120975,2.064217902120975,0.0,0.003,0.0001
825,3,1,5,"Etape 1 : cycles sequentiels avec loi globale immediate, T=0.0500 s",1.994651576134591,1.994651576134591,0.0,0.003,0.0001
826,3,1,6,"Etape 1 : cycles sequentiels avec loi globale immediate, T=0.0500 s",1.9299018627197384,1.9299018627197384,0.0,0.003,0.0001
827,3,1,7,"Etape 1 : cycles sequentiels avec loi globale immediate, T=0.0500 s",1.8657466552559654,1.8657466552559654,0.0,0.003,0.0001
828,3,1,8,"Etape 1 : cycles sequentiels avec loi globale immediate, T=0.0500 s",1.804014130632666,1.804014130632666,0.0,0.003,0.0001
829,3,1,9,"Etape 1 : cycles sequentiels avec loi globale immediate, T=0.0500 s",1.754316083778606,1.754316083778606,0.0,0.003,0.0001
830,3,1,10,"Etape 1 : cycles sequentiels avec loi globale immediate, T=0.0500 s",1.713740259225324,1.713740259225324,0.0,0.003,0.0001
831,3,27,1,"Etape 1 : cycles sequentiels avec loi globale immediate, T=0.0500 s",2.5624417135132473,2.5624417135132473,0.0,0.003,0.0001
832,3,27,2,"Etape 1 : cycles sequentiels avec loi globale immediate, T=0.0500 s",2.486083692959063,2.486083692959063,0.0,0.003,0.0001
833,3,27,3,"Etape 1 : cycles sequentiels avec loi globale immediate, T=0.0500 s",2.4106427789218943,2.4106427789218943,0.0,0.003,0.0001
834,3,27,4,"Etape 1 : cycles sequentiels avec loi globale immediate, T=0.0500 s",2.337824153207184,2.337824153207184,0.0,0.003,0.0001
835,3,27,5,"Etape 1 : cycles sequentiels avec loi globale immediate, T=0.0500 s",2.2674329543134086,2.2674329543134086,0.0,0.003,0.0001
836,3,27,6,"Etape 1 : cycles sequentiels avec loi globale immediate, T=0.0500 s",2.198210606825348,2.198210606825348,0.0,0.003,0.0001
837,3,27,7,"Etape 1 : cycles sequentiels avec loi globale immediate, T=0.0500 s",2.132316172732505,2.132316172732505,0.0,0.003,0.0001
838,3,27,8,"Etape 1 : cycles sequentiels avec loi globale immediate, T=0.0500 s",2.0881770434147753,2.0881770434147753,0.0,0.003,0.0001
839,3,27,9,"Etape 1 : cycles sequentiels avec loi globale immediate, T=0.0500 s",2.035699916918117,2.035699916918117,0.0,0.003,0.0001
840,3,27,10,"Etape 1 : cycles sequentiels avec loi globale immediate, T=0.0500 s",1.9768294978715466,1.9768294978715466,0.0,0.003,0.0001
841,3,5,1,"Etape 1 : cycles sequentiels avec loi globale immediate, T=0.0500 s",2.505111007434029,2.505111007434029,0.0,0.003,0.0001
842,3,5,2,"Etape 1 : cycles sequentiels avec loi globale immediate, T=0.0500 s",2.42932050878391,2.42932050878391,0.0,0.003,0.0001
843,3,5,3,"Etape 1 : cycles sequentiels avec loi globale immediate, T=0.0500 s",2.3686002662396914,2.3686002662396914,0.0,0.003,0.0001
844,3,5,4,"Etape 1 : cycles sequentiels avec loi globale immediate, T=0.0500 s",2.3139061788689608,2.3139061788689608,0.0,0.003,0.0001
845,3,5,5,"Etape 1 : cycles sequentiels avec loi globale immediate, T=0.0500 s",2.25367207933599,2.25367207933599,0.0,0.003,0.0001
846,3,5,6,"Etape 1 : cycles sequentiels avec loi globale immediate, T=0.0500 s",2.190083684383726,2.190083684383726,0.0,0.003,0.0001
847,3,5,7,"Etape 1 : cycles sequentiels avec loi globale immediate, T=0.0500 s",2.1289957164475966,2.1289957164475966,0.0,0.003,0.0001
848,3,5,8,"Etape 1 : cycles sequentiels avec loi globale immediate, T=0.0500 s",2.071693161379508,2.071693161379508,0.0,0.003,0.0001
849,3,5,9,"Etape 1 : cycles sequentiels avec loi globale immediate, T=0.0500 s",2.016579001962277,2.016579001962277,0.0,0.003,0.0001
850,3,5,10,"Etape 1 : cycles sequentiels avec loi globale immediate, T=0.0500 s",1.9632559791199733,1.9632559791199733,0.0,0.003,0.0001
851,3,19,1,"Etape 1 : cycles sequentiels avec loi globale immediate, T=0.0500 s",2.624624607783795,2.624624607783795,0.0,0.003,0.0001
852,3,19,2,"Etape 1 : cycles sequentiels avec loi globale immediate, T=0.0500 s",2.5866507465897888,2.5866507465897888,0.0,0.003,0.0001
853,3,19,3,"Etape 1 : cycles sequentiels avec loi globale immediate, T=0.0500 s",2.5448079044235286,2.5448079044235286,0.0,0.003,0.0001
854,3,19,4,"Etape 1 : cycles sequentiels avec loi globale immediate, T=0.0500 s",2.4990315465695643,2.4990315465695643,0.0,0.003,0.0001
855,3,19,5,"Etape 1 : cycles sequentiels avec loi globale immediate, T=0.0500 s",2.449384054205235,2.449384054205235,0.0,0.003,0.0001
856,3,19,6,"Etape 1 : cycles sequentiels avec loi globale immediate, T=0.0500 s",2.3967807481835948,2.3967807481835948,0.0,0.003,0.0001
857,3,19,7,"Etape 1 : cycles sequentiels avec loi globale immediate, T=0.0500 s",2.34143134601481,2.34143134601481,0.0,0.003,0.0001
858,3,19,8,"Etape 1 : cycles sequentiels avec loi globale immediate, T=0.0500 s",2.2842855366261334,2.2842855366261334,0.0,0.003,0.0001
859,3,19,9,"Etape 1 : cycles sequentiels avec loi globale immediate, T=0.0500 s",2.2259196177716705,2.2259196177716705,0.0,0.003,0.0001
860,3,19,10,"Etape 1 : cycles sequentiels avec loi globale immediate, T=0.0500 s",2.1670306383872515,2.1670306383872515,0.0,0.003,0.0001
861,3,12,1,"Etape 1 : cycles sequentiels avec loi globale immediate, T=0.0500 s",2.7792464076753705,2.7792464076753705,0.0,0.003,0.0001
862,3,12,2,"Etape 1 : cycles sequentiels avec loi globale immediate, T=0.0500 s",2.7400958585501867,2.7400958585501867,0.0,0.003,0.0001
863,3,12,3,"Etape 1 : cycles sequentiels avec loi globale immediate, T=0.0500 s",2.697165663482543,2.697165663482543,0.0,0.003,0.0001
864,3,12,4,"Etape 1 : cycles sequentiels avec loi globale immediate, T=0.0500 s",2.649959235299442,2.649959235299442,0.0,0.003,0.0001
865,3,12,5,"Etape 1 : cycles sequentiels avec loi globale immediate, T=0.0500 s",2.6000382477609127,2.6000382477609127,0.0,0.003,0.0001
866,3,12,6,"Etape 1 : cycles sequentiels avec loi globale immediate, T=0.0500 s",2.5474238974213184,2.5474238974213184,0.0,0.003,0.0001
867,3,12,7,"Etape 1 : cycles sequentiels avec loi globale immediate, T=0.0500 s",2.4925059649036414,2.4925059649036414,0.0,0.003,0.0001
868,3,12,8,"Etape 1 : cycles sequentiels avec loi globale immediate, T=0.0500 s",2.4356224184496904,2.4356224184496904,0.0,0.003,0.0001
869,3,12,9,"Etape 1 : cycles sequentiels avec loi globale immediate, T=0.0500 s",2.3767543524174366,2.3767543524174366,0.0,0.003,0.0001
870,3,12,10,"Etape 1 : cycles sequentiels avec loi globale immediate, T=0.0500 s",2.3150246989990153,2.3150246989990153,0.0,0.003,0.0001
871,3,3,1,"Etape 1 : cycles sequentiels avec loi globale immediate, T=0.0500 s",2.382450519408045,2.382450519408045,0.0,0.003,0.0001
872,3,3,2,"Etape 1 : cycles sequentiels avec loi globale immediate, T=0.0500 s",2.3309133918841574,2.3309133918841574,0.0,0.003,0.0001
873,3,3,3,"Etape 1 : cycles sequentiels avec loi globale immediate, T=0.0500 s",2.278664737984604,2.278664737984604,0.0,0.003,0.0001
874,3,3,4,"Etape 1 : cycles sequentiels avec loi globale immediate, T=0.0500 s",2.226709991607018,2.226709991607018,0.0,0.003,0.0001
875,3,3,5,"Etape 1 : cycles sequentiels avec loi globale immediate, T=0.0500 s",2.175158467984124,2.175158467984124,0.0,0.003,0.0001
876,3,3,6,"Etape 1 : cycles sequentiels avec loi globale immediate, T=0.0500 s",2.124427631333566,2.124427631333566,0.0,0.003,0.0001
877,3,3,7,"Etape 1 : cycles sequentiels avec loi globale immediate, T=0.0500 s",2.0736808709148957,2.0736808709148957,0.0,0.003,0.0001
878,3,3,8,"Etape 1 : cycles sequentiels avec loi globale immediate, T=0.0500 s",2.023036524609298,2.023036524609298,0.0,0.003,0.0001
879,3,3,9,"Etape 1 : cycles sequentiels avec loi globale immediate, T=0.0500 s",1.9736011628794556,1.9736011628794556,0.0,0.003,0.0001
880,3,3,10,"Etape 1 : cycles sequentiels avec loi globale immediate, T=0.0500 s",1.9282524765120173,1.9282524765120173,0.0,0.003,0.0001
881,3,8,1,"Etape 1 : cycles sequentiels avec loi globale immediate, T=0.0500 s",2.467761723590108,2.467761723590108,0.0,0.003,0.0001
882,3,8,2,"Etape 1 : cycles sequentiels avec loi globale immediate, T=0.0500 s",2.3926183920188526,2.3926183920188526,0.0,0.003,0.0001
883,3,8,3,"Etape 1 : cycles sequentiels avec loi globale immediate, T=0.0500 s",2.3156444048023936,2.3156444048023936,0.0,0.003,0.0001
884,3,8,4,"Etape 1 : cycles sequentiels avec loi globale immediate, T=0.0500 s",2.238110950642194,2.238110950642194,0.0,0.003,0.0001
885,3,8,5,"Etape 1 : cycles sequentiels avec loi globale immediate, T=0.0500 s",2.161947377309891,2.161947377309891,0.0,0.003,0.0001
886,3,8,6,"Etape 1 : cycles sequentiels avec loi globale immediate, T=0.0500 s",2.0845520600958816,2.0845520600958816,0.0,0.003,0.0001
887,3,8,7,"Etape 1 : cycles sequentiels avec loi globale immediate, T=0.0500 s",2.0079590414311523,2.0079590414311523,0.0,0.003,0.0001
888,3,8,8,"Etape 1 : cycles sequentiels avec loi globale immediate, T=0.0500 s",1.9392343046788505,1.9392343046788505,0.0,0.003,0.0001
889,3,8,9,"Etape 1 : cycles sequentiels avec loi globale immediate, T=0.0500 s",1.881342084807708,1.881342084807708,0.0,0.003,0.0001
890,3,8,10,"Etape 1 : cycles sequentiels avec loi globale immediate, T=0.0500 s",1.82853615456348,1.82853615456348,0.0,0.003,0.0001
891,3,11,1,"Etape 1 : cycles sequentiels avec loi globale immediate, T=0.0500 s",2.292155480753654,2.292155480753654,0.0,0.003,0.0001
892,3,11,2,"Etape 1 : cycles sequentiels avec loi globale immediate, T=0.0500 s",2.2004274792094085,2.2004274792094085,0.0,0.003,0.0001
893,3,11,3,"Etape 1 : cycles sequentiels avec loi globale immediate, T=0.0500 s",2.1060479484625043,2.1060479484625043,0.0,0.003,0.0001
894,3,11,4,"Etape 1 : cycles sequentiels avec loi globale immediate, T=0.0500 s",2.012982049215208,2.012982049215208,0.0,0.003,0.0001
895,3,11,5,"Etape 1 : cycles sequentiels avec loi globale immediate, T=0.0500 s",1.9305964297964109,1.9305964297964109,0.0,0.003,0.0001
896,3,11,6,"Etape 1 : cycles sequentiels avec loi globale immediate, T=0.0500 s",1.8516631465488502,1.8516631465488502,0.0,0.003,0.0001
897,3,11,7,"Etape 1 : cycles sequentiels avec loi globale immediate, T=0.0500 s",1.7747187970223592,1.7747187970223592,0.0,0.003,0.0001
898,3,11,8,"Etape 1 : cycles sequentiels avec loi globale immediate, T=0.0500 s",1.701503204977093,1.701503204977093,0.0,0.003,0.0001
899,3,11,9,"Etape 1 : cycles sequentiels avec loi globale immediate, T=0.0500 s",1.6356855423935621,1.6356855423935621,0.0,0.003,0.0001
900,3,11,10,"Etape 1 : cycles sequentiels avec loi globale immediate, T=0.0500 s",1.5846445907200484,1.5846445907200484,0.0,0.003,0.0001
