N_cells,duration_sec,L2_error_p,L2_error_v,Linf_error_p,Linf_error_v
100,0.3792905807495117,0.00022324167366605252,0.0002462656411807984,0.000932745635509491,0.0011357702314853668
200,0.28558969497680664,5.1704580982914194e-05,5.513603173312731e-05,0.0002521688584238291,0.0002804286777973175
400,0.28704190254211426,1.0840182767424267e-05,1.1556461686268449e-05,5.318596959114075e-05,5.940347909927368e-05
800,0.3424854278564453,2.3180809876066633e-06,2.4951750674517825e-06,1.1065974831581116e-05,1.2617558240890503e-05
